ISO-10303-21;
HEADER;
FILE_DESCRIPTION(('Open CASCADE Model'),'2;1');
FILE_NAME('Open CASCADE Shape Model','2026-10-02T17:51:14',('Author'),(
    'Open CASCADE'),'Open CASCADE STEP processor 8.0','build123d',
  'Unknown');
FILE_SCHEMA(('AUTOMOTIVE_DESIGN { 1 0 10303 214 1 1 1 1 }'));
ENDSEC;
DATA;
#1 = APPLICATION_PROTOCOL_DEFINITION('international standard',
  'automotive_design',2000,#2);
#2 = APPLICATION_CONTEXT(
  'core data for automotive mechanical design processes');
#3 = SHAPE_DEFINITION_REPRESENTATION(#4,#10);
#4 = PRODUCT_DEFINITION_SHAPE('','',#5);
#5 = PRODUCT_DEFINITION('design','',#6,#9);
#6 = PRODUCT_DEFINITION_FORMATION('','',#7);
#7 = PRODUCT('COMPOUND','COMPOUND','',(#8));
#8 = PRODUCT_CONTEXT('',#2,'mechanical');
#9 = PRODUCT_DEFINITION_CONTEXT('part definition',#2,'design');
#10 = SHAPE_REPRESENTATION('',(#11,#15,#3766,#4096,#4726,#5356,#5686,
    #6016,#6114,#6482,#6580,#7778,#8422,#8752,#9082,#9412,#10698,#14454,
    #14784,#14972,#15160,#15348,#16342,#16530),#16718);
#11 = AXIS2_PLACEMENT_3D('',#12,#13,#14);
#12 = CARTESIAN_POINT('',(0.,0.,0.));
#13 = DIRECTION('',(0.,0.,1.));
#14 = DIRECTION('',(1.,0.,-0.));
#15 = MANIFOLD_SOLID_BREP('',#16);
#16 = CLOSED_SHELL('',(#17,#137,#372,#426,#476,#823,#1275,#1302,#1329,
    #1356,#1363,#1417,#1489,#1740,#1794,#1843,#1893,#2286,#2340,#2367,
    #2670,#2697,#2724,#2731,#2778,#2805,#2832,#2839,#2886,#2913,#2940,
    #2947,#2994,#3021,#3048,#3055,#3104,#3153,#3180,#3229,#3278,#3305,
    #3312,#3319,#3374,#3429,#3484,#3519,#3554,#3589,#3644,#3699,#3754,
    #3758,#3762));
#17 = ADVANCED_FACE('',(#18),#32,.F.);
#18 = FACE_BOUND('',#19,.F.);
#19 = EDGE_LOOP('',(#20,#55,#83,#111));
#20 = ORIENTED_EDGE('',*,*,#21,.F.);
#21 = EDGE_CURVE('',#22,#24,#26,.T.);
#22 = VERTEX_POINT('',#23);
#23 = CARTESIAN_POINT('',(-32.,-30.,-22.));
#24 = VERTEX_POINT('',#25);
#25 = CARTESIAN_POINT('',(-32.,-30.,22.));
#26 = SURFACE_CURVE('',#27,(#31,#43),.PCURVE_S1.);
#27 = LINE('',#28,#29);
#28 = CARTESIAN_POINT('',(-32.,-30.,-26.));
#29 = VECTOR('',#30,1.);
#30 = DIRECTION('',(0.,0.,1.));
#31 = PCURVE('',#32,#37);
#32 = PLANE('',#33);
#33 = AXIS2_PLACEMENT_3D('',#34,#35,#36);
#34 = CARTESIAN_POINT('',(-32.,-30.,-26.));
#35 = DIRECTION('',(1.,0.,-0.));
#36 = DIRECTION('',(0.,0.,1.));
#37 = DEFINITIONAL_REPRESENTATION('',(#38),#42);
#38 = LINE('',#39,#40);
#39 = CARTESIAN_POINT('',(0.,0.));
#40 = VECTOR('',#41,1.);
#41 = DIRECTION('',(1.,0.));
#42 = ( GEOMETRIC_REPRESENTATION_CONTEXT(2) 
PARAMETRIC_REPRESENTATION_CONTEXT() REPRESENTATION_CONTEXT('2D SPACE',''
  ) );
#43 = PCURVE('',#44,#49);
#44 = PLANE('',#45);
#45 = AXIS2_PLACEMENT_3D('',#46,#47,#48);
#46 = CARTESIAN_POINT('',(-32.,-30.,-26.));
#47 = DIRECTION('',(-0.,1.,0.));
#48 = DIRECTION('',(0.,0.,1.));
#49 = DEFINITIONAL_REPRESENTATION('',(#50),#54);
#50 = LINE('',#51,#52);
#51 = CARTESIAN_POINT('',(0.,0.));
#52 = VECTOR('',#53,1.);
#53 = DIRECTION('',(1.,0.));
#54 = ( GEOMETRIC_REPRESENTATION_CONTEXT(2) 
PARAMETRIC_REPRESENTATION_CONTEXT() REPRESENTATION_CONTEXT('2D SPACE',''
  ) );
#55 = ORIENTED_EDGE('',*,*,#56,.T.);
#56 = EDGE_CURVE('',#22,#57,#59,.T.);
#57 = VERTEX_POINT('',#58);
#58 = CARTESIAN_POINT('',(-32.,-14.,-22.));
#59 = SURFACE_CURVE('',#60,(#64,#71),.PCURVE_S1.);
#60 = LINE('',#61,#62);
#61 = CARTESIAN_POINT('',(-32.,-30.,-22.));
#62 = VECTOR('',#63,1.);
#63 = DIRECTION('',(-0.,1.,0.));
#64 = PCURVE('',#32,#65);
#65 = DEFINITIONAL_REPRESENTATION('',(#66),#70);
#66 = LINE('',#67,#68);
#67 = CARTESIAN_POINT('',(4.,0.));
#68 = VECTOR('',#69,1.);
#69 = DIRECTION('',(0.,-1.));
#70 = ( GEOMETRIC_REPRESENTATION_CONTEXT(2) 
PARAMETRIC_REPRESENTATION_CONTEXT() REPRESENTATION_CONTEXT('2D SPACE',''
  ) );
#71 = PCURVE('',#72,#77);
#72 = CYLINDRICAL_SURFACE('',#73,4.);
#73 = AXIS2_PLACEMENT_3D('',#74,#75,#76);
#74 = CARTESIAN_POINT('',(-28.,-30.,-22.));
#75 = DIRECTION('',(-0.,1.,0.));
#76 = DIRECTION('',(-1.,-0.,0.));
#77 = DEFINITIONAL_REPRESENTATION('',(#78),#82);
#78 = LINE('',#79,#80);
#79 = CARTESIAN_POINT('',(-0.,0.));
#80 = VECTOR('',#81,1.);
#81 = DIRECTION('',(-0.,1.));
#82 = ( GEOMETRIC_REPRESENTATION_CONTEXT(2) 
PARAMETRIC_REPRESENTATION_CONTEXT() REPRESENTATION_CONTEXT('2D SPACE',''
  ) );
#83 = ORIENTED_EDGE('',*,*,#84,.T.);
#84 = EDGE_CURVE('',#57,#85,#87,.T.);
#85 = VERTEX_POINT('',#86);
#86 = CARTESIAN_POINT('',(-32.,-14.,22.));
#87 = SURFACE_CURVE('',#88,(#92,#99),.PCURVE_S1.);
#88 = LINE('',#89,#90);
#89 = CARTESIAN_POINT('',(-32.,-14.,-26.));
#90 = VECTOR('',#91,1.);
#91 = DIRECTION('',(0.,0.,1.));
#92 = PCURVE('',#32,#93);
#93 = DEFINITIONAL_REPRESENTATION('',(#94),#98);
#94 = LINE('',#95,#96);
#95 = CARTESIAN_POINT('',(0.,-16.));
#96 = VECTOR('',#97,1.);
#97 = DIRECTION('',(1.,0.));
#98 = ( GEOMETRIC_REPRESENTATION_CONTEXT(2) 
PARAMETRIC_REPRESENTATION_CONTEXT() REPRESENTATION_CONTEXT('2D SPACE',''
  ) );
#99 = PCURVE('',#100,#105);
#100 = PLANE('',#101);
#101 = AXIS2_PLACEMENT_3D('',#102,#103,#104);
#102 = CARTESIAN_POINT('',(-32.,-14.,-26.));
#103 = DIRECTION('',(-0.,1.,0.));
#104 = DIRECTION('',(0.,0.,1.));
#105 = DEFINITIONAL_REPRESENTATION('',(#106),#110);
#106 = LINE('',#107,#108);
#107 = CARTESIAN_POINT('',(0.,0.));
#108 = VECTOR('',#109,1.);
#109 = DIRECTION('',(1.,0.));
#110 = ( GEOMETRIC_REPRESENTATION_CONTEXT(2) 
PARAMETRIC_REPRESENTATION_CONTEXT() REPRESENTATION_CONTEXT('2D SPACE',''
  ) );
#111 = ORIENTED_EDGE('',*,*,#112,.F.);
#112 = EDGE_CURVE('',#24,#85,#113,.T.);
#113 = SURFACE_CURVE('',#114,(#118,#125),.PCURVE_S1.);
#114 = LINE('',#115,#116);
#115 = CARTESIAN_POINT('',(-32.,-30.,22.));
#116 = VECTOR('',#117,1.);
#117 = DIRECTION('',(-0.,1.,0.));
#118 = PCURVE('',#32,#119);
#119 = DEFINITIONAL_REPRESENTATION('',(#120),#124);
#120 = LINE('',#121,#122);
#121 = CARTESIAN_POINT('',(48.,0.));
#122 = VECTOR('',#123,1.);
#123 = DIRECTION('',(0.,-1.));
#124 = ( GEOMETRIC_REPRESENTATION_CONTEXT(2) 
PARAMETRIC_REPRESENTATION_CONTEXT() REPRESENTATION_CONTEXT('2D SPACE',''
  ) );
#125 = PCURVE('',#126,#131);
#126 = CYLINDRICAL_SURFACE('',#127,4.);
#127 = AXIS2_PLACEMENT_3D('',#128,#129,#130);
#128 = CARTESIAN_POINT('',(-28.,-30.,22.));
#129 = DIRECTION('',(-0.,1.,0.));
#130 = DIRECTION('',(-1.,-0.,0.));
#131 = DEFINITIONAL_REPRESENTATION('',(#132),#136);
#132 = LINE('',#133,#134);
#133 = CARTESIAN_POINT('',(0.,0.));
#134 = VECTOR('',#135,1.);
#135 = DIRECTION('',(0.,1.));
#136 = ( GEOMETRIC_REPRESENTATION_CONTEXT(2) 
PARAMETRIC_REPRESENTATION_CONTEXT() REPRESENTATION_CONTEXT('2D SPACE',''
  ) );
#137 = ADVANCED_FACE('',(#138,#337),#44,.F.);
#138 = FACE_BOUND('',#139,.F.);
#139 = EDGE_LOOP('',(#140,#170,#196,#197,#221,#249,#282,#310));
#140 = ORIENTED_EDGE('',*,*,#141,.F.);
#141 = EDGE_CURVE('',#142,#144,#146,.T.);
#142 = VERTEX_POINT('',#143);
#143 = CARTESIAN_POINT('',(-28.,-30.,-26.));
#144 = VERTEX_POINT('',#145);
#145 = CARTESIAN_POINT('',(28.,-30.,-26.));
#146 = SURFACE_CURVE('',#147,(#151,#158),.PCURVE_S1.);
#147 = LINE('',#148,#149);
#148 = CARTESIAN_POINT('',(-32.,-30.,-26.));
#149 = VECTOR('',#150,1.);
#150 = DIRECTION('',(1.,0.,-0.));
#151 = PCURVE('',#44,#152);
#152 = DEFINITIONAL_REPRESENTATION('',(#153),#157);
#153 = LINE('',#154,#155);
#154 = CARTESIAN_POINT('',(0.,0.));
#155 = VECTOR('',#156,1.);
#156 = DIRECTION('',(0.,1.));
#157 = ( GEOMETRIC_REPRESENTATION_CONTEXT(2) 
PARAMETRIC_REPRESENTATION_CONTEXT() REPRESENTATION_CONTEXT('2D SPACE',''
  ) );
#158 = PCURVE('',#159,#164);
#159 = PLANE('',#160);
#160 = AXIS2_PLACEMENT_3D('',#161,#162,#163);
#161 = CARTESIAN_POINT('',(-32.,-30.,-26.));
#162 = DIRECTION('',(0.,0.,1.));
#163 = DIRECTION('',(1.,0.,-0.));
#164 = DEFINITIONAL_REPRESENTATION('',(#165),#169);
#165 = LINE('',#166,#167);
#166 = CARTESIAN_POINT('',(0.,0.));
#167 = VECTOR('',#168,1.);
#168 = DIRECTION('',(1.,0.));
#169 = ( GEOMETRIC_REPRESENTATION_CONTEXT(2) 
PARAMETRIC_REPRESENTATION_CONTEXT() REPRESENTATION_CONTEXT('2D SPACE',''
  ) );
#170 = ORIENTED_EDGE('',*,*,#171,.F.);
#171 = EDGE_CURVE('',#22,#142,#172,.T.);
#172 = SURFACE_CURVE('',#173,(#178,#189),.PCURVE_S1.);
#173 = CIRCLE('',#174,4.);
#174 = AXIS2_PLACEMENT_3D('',#175,#176,#177);
#175 = CARTESIAN_POINT('',(-28.,-30.,-22.));
#176 = DIRECTION('',(0.,-1.,0.));
#177 = DIRECTION('',(0.,0.,1.));
#178 = PCURVE('',#44,#179);
#179 = DEFINITIONAL_REPRESENTATION('',(#180),#188);
#180 = ( BOUNDED_CURVE() B_SPLINE_CURVE(2,(#181,#182,#183,#184,#185,#186
,#187),.UNSPECIFIED.,.T.,.F.) B_SPLINE_CURVE_WITH_KNOTS((1,2,2,2,2,1),(
    -2.094395102393,0.,2.094395102393,4.188790204786,6.28318530718,
8.377580409573),.UNSPECIFIED.) CURVE() GEOMETRIC_REPRESENTATION_ITEM() 
RATIONAL_B_SPLINE_CURVE((1.,0.5,1.,0.5,1.,0.5,1.)) REPRESENTATION_ITEM(
  '') );
#181 = CARTESIAN_POINT('',(8.,4.));
#182 = CARTESIAN_POINT('',(8.,-2.928203230276));
#183 = CARTESIAN_POINT('',(2.,0.535898384862));
#184 = CARTESIAN_POINT('',(-4.,4.));
#185 = CARTESIAN_POINT('',(2.,7.464101615138));
#186 = CARTESIAN_POINT('',(8.,10.928203230276));
#187 = CARTESIAN_POINT('',(8.,4.));
#188 = ( GEOMETRIC_REPRESENTATION_CONTEXT(2) 
PARAMETRIC_REPRESENTATION_CONTEXT() REPRESENTATION_CONTEXT('2D SPACE',''
  ) );
#189 = PCURVE('',#72,#190);
#190 = DEFINITIONAL_REPRESENTATION('',(#191),#195);
#191 = LINE('',#192,#193);
#192 = CARTESIAN_POINT('',(1.570796326795,-0.));
#193 = VECTOR('',#194,1.);
#194 = DIRECTION('',(-1.,0.));
#195 = ( GEOMETRIC_REPRESENTATION_CONTEXT(2) 
PARAMETRIC_REPRESENTATION_CONTEXT() REPRESENTATION_CONTEXT('2D SPACE',''
  ) );
#196 = ORIENTED_EDGE('',*,*,#21,.T.);
#197 = ORIENTED_EDGE('',*,*,#198,.T.);
#198 = EDGE_CURVE('',#24,#199,#201,.T.);
#199 = VERTEX_POINT('',#200);
#200 = CARTESIAN_POINT('',(-28.,-30.,26.));
#201 = SURFACE_CURVE('',#202,(#207,#214),.PCURVE_S1.);
#202 = CIRCLE('',#203,4.);
#203 = AXIS2_PLACEMENT_3D('',#204,#205,#206);
#204 = CARTESIAN_POINT('',(-28.,-30.,22.));
#205 = DIRECTION('',(-0.,1.,0.));
#206 = DIRECTION('',(0.,0.,1.));
#207 = PCURVE('',#44,#208);
#208 = DEFINITIONAL_REPRESENTATION('',(#209),#213);
#209 = CIRCLE('',#210,4.);
#210 = AXIS2_PLACEMENT_2D('',#211,#212);
#211 = CARTESIAN_POINT('',(48.,4.));
#212 = DIRECTION('',(1.,0.));
#213 = ( GEOMETRIC_REPRESENTATION_CONTEXT(2) 
PARAMETRIC_REPRESENTATION_CONTEXT() REPRESENTATION_CONTEXT('2D SPACE',''
  ) );
#214 = PCURVE('',#126,#215);
#215 = DEFINITIONAL_REPRESENTATION('',(#216),#220);
#216 = LINE('',#217,#218);
#217 = CARTESIAN_POINT('',(-4.712388980385,0.));
#218 = VECTOR('',#219,1.);
#219 = DIRECTION('',(1.,0.));
#220 = ( GEOMETRIC_REPRESENTATION_CONTEXT(2) 
PARAMETRIC_REPRESENTATION_CONTEXT() REPRESENTATION_CONTEXT('2D SPACE',''
  ) );
#221 = ORIENTED_EDGE('',*,*,#222,.T.);
#222 = EDGE_CURVE('',#199,#223,#225,.T.);
#223 = VERTEX_POINT('',#224);
#224 = CARTESIAN_POINT('',(28.,-30.,26.));
#225 = SURFACE_CURVE('',#226,(#230,#237),.PCURVE_S1.);
#226 = LINE('',#227,#228);
#227 = CARTESIAN_POINT('',(-32.,-30.,26.));
#228 = VECTOR('',#229,1.);
#229 = DIRECTION('',(1.,0.,-0.));
#230 = PCURVE('',#44,#231);
#231 = DEFINITIONAL_REPRESENTATION('',(#232),#236);
#232 = LINE('',#233,#234);
#233 = CARTESIAN_POINT('',(52.,0.));
#234 = VECTOR('',#235,1.);
#235 = DIRECTION('',(0.,1.));
#236 = ( GEOMETRIC_REPRESENTATION_CONTEXT(2) 
PARAMETRIC_REPRESENTATION_CONTEXT() REPRESENTATION_CONTEXT('2D SPACE',''
  ) );
#237 = PCURVE('',#238,#243);
#238 = PLANE('',#239);
#239 = AXIS2_PLACEMENT_3D('',#240,#241,#242);
#240 = CARTESIAN_POINT('',(-32.,-30.,26.));
#241 = DIRECTION('',(0.,0.,1.));
#242 = DIRECTION('',(1.,0.,-0.));
#243 = DEFINITIONAL_REPRESENTATION('',(#244),#248);
#244 = LINE('',#245,#246);
#245 = CARTESIAN_POINT('',(0.,0.));
#246 = VECTOR('',#247,1.);
#247 = DIRECTION('',(1.,0.));
#248 = ( GEOMETRIC_REPRESENTATION_CONTEXT(2) 
PARAMETRIC_REPRESENTATION_CONTEXT() REPRESENTATION_CONTEXT('2D SPACE',''
  ) );
#249 = ORIENTED_EDGE('',*,*,#250,.F.);
#250 = EDGE_CURVE('',#251,#223,#253,.T.);
#251 = VERTEX_POINT('',#252);
#252 = CARTESIAN_POINT('',(32.,-30.,22.));
#253 = SURFACE_CURVE('',#254,(#259,#270),.PCURVE_S1.);
#254 = CIRCLE('',#255,4.);
#255 = AXIS2_PLACEMENT_3D('',#256,#257,#258);
#256 = CARTESIAN_POINT('',(28.,-30.,22.));
#257 = DIRECTION('',(0.,-1.,0.));
#258 = DIRECTION('',(0.,0.,1.));
#259 = PCURVE('',#44,#260);
#260 = DEFINITIONAL_REPRESENTATION('',(#261),#269);
#261 = ( BOUNDED_CURVE() B_SPLINE_CURVE(2,(#262,#263,#264,#265,#266,#267
,#268),.UNSPECIFIED.,.T.,.F.) B_SPLINE_CURVE_WITH_KNOTS((1,2,2,2,2,1),(
    -2.094395102393,0.,2.094395102393,4.188790204786,6.28318530718,
8.377580409573),.UNSPECIFIED.) CURVE() GEOMETRIC_REPRESENTATION_ITEM() 
RATIONAL_B_SPLINE_CURVE((1.,0.5,1.,0.5,1.,0.5,1.)) REPRESENTATION_ITEM(
  '') );
#262 = CARTESIAN_POINT('',(52.,60.));
#263 = CARTESIAN_POINT('',(52.,53.071796769724));
#264 = CARTESIAN_POINT('',(46.,56.535898384862));
#265 = CARTESIAN_POINT('',(40.,60.));
#266 = CARTESIAN_POINT('',(46.,63.464101615138));
#267 = CARTESIAN_POINT('',(52.,66.928203230276));
#268 = CARTESIAN_POINT('',(52.,60.));
#269 = ( GEOMETRIC_REPRESENTATION_CONTEXT(2) 
PARAMETRIC_REPRESENTATION_CONTEXT() REPRESENTATION_CONTEXT('2D SPACE',''
  ) );
#270 = PCURVE('',#271,#276);
#271 = CYLINDRICAL_SURFACE('',#272,4.);
#272 = AXIS2_PLACEMENT_3D('',#273,#274,#275);
#273 = CARTESIAN_POINT('',(28.,-30.,22.));
#274 = DIRECTION('',(-0.,1.,0.));
#275 = DIRECTION('',(1.,0.,-0.));
#276 = DEFINITIONAL_REPRESENTATION('',(#277),#281);
#277 = LINE('',#278,#279);
#278 = CARTESIAN_POINT('',(4.712388980385,-0.));
#279 = VECTOR('',#280,1.);
#280 = DIRECTION('',(-1.,0.));
#281 = ( GEOMETRIC_REPRESENTATION_CONTEXT(2) 
PARAMETRIC_REPRESENTATION_CONTEXT() REPRESENTATION_CONTEXT('2D SPACE',''
  ) );
#282 = ORIENTED_EDGE('',*,*,#283,.F.);
#283 = EDGE_CURVE('',#284,#251,#286,.T.);
#284 = VERTEX_POINT('',#285);
#285 = CARTESIAN_POINT('',(32.,-30.,-22.));
#286 = SURFACE_CURVE('',#287,(#291,#298),.PCURVE_S1.);
#287 = LINE('',#288,#289);
#288 = CARTESIAN_POINT('',(32.,-30.,-26.));
#289 = VECTOR('',#290,1.);
#290 = DIRECTION('',(0.,0.,1.));
#291 = PCURVE('',#44,#292);
#292 = DEFINITIONAL_REPRESENTATION('',(#293),#297);
#293 = LINE('',#294,#295);
#294 = CARTESIAN_POINT('',(0.,64.));
#295 = VECTOR('',#296,1.);
#296 = DIRECTION('',(1.,0.));
#297 = ( GEOMETRIC_REPRESENTATION_CONTEXT(2) 
PARAMETRIC_REPRESENTATION_CONTEXT() REPRESENTATION_CONTEXT('2D SPACE',''
  ) );
#298 = PCURVE('',#299,#304);
#299 = PLANE('',#300);
#300 = AXIS2_PLACEMENT_3D('',#301,#302,#303);
#301 = CARTESIAN_POINT('',(32.,-30.,-26.));
#302 = DIRECTION('',(1.,0.,-0.));
#303 = DIRECTION('',(0.,0.,1.));
#304 = DEFINITIONAL_REPRESENTATION('',(#305),#309);
#305 = LINE('',#306,#307);
#306 = CARTESIAN_POINT('',(0.,0.));
#307 = VECTOR('',#308,1.);
#308 = DIRECTION('',(1.,0.));
#309 = ( GEOMETRIC_REPRESENTATION_CONTEXT(2) 
PARAMETRIC_REPRESENTATION_CONTEXT() REPRESENTATION_CONTEXT('2D SPACE',''
  ) );
#310 = ORIENTED_EDGE('',*,*,#311,.T.);
#311 = EDGE_CURVE('',#284,#144,#312,.T.);
#312 = SURFACE_CURVE('',#313,(#318,#325),.PCURVE_S1.);
#313 = CIRCLE('',#314,4.);
#314 = AXIS2_PLACEMENT_3D('',#315,#316,#317);
#315 = CARTESIAN_POINT('',(28.,-30.,-22.));
#316 = DIRECTION('',(-0.,1.,0.));
#317 = DIRECTION('',(0.,0.,1.));
#318 = PCURVE('',#44,#319);
#319 = DEFINITIONAL_REPRESENTATION('',(#320),#324);
#320 = CIRCLE('',#321,4.);
#321 = AXIS2_PLACEMENT_2D('',#322,#323);
#322 = CARTESIAN_POINT('',(4.,60.));
#323 = DIRECTION('',(1.,0.));
#324 = ( GEOMETRIC_REPRESENTATION_CONTEXT(2) 
PARAMETRIC_REPRESENTATION_CONTEXT() REPRESENTATION_CONTEXT('2D SPACE',''
  ) );
#325 = PCURVE('',#326,#331);
#326 = CYLINDRICAL_SURFACE('',#327,4.);
#327 = AXIS2_PLACEMENT_3D('',#328,#329,#330);
#328 = CARTESIAN_POINT('',(28.,-30.,-22.));
#329 = DIRECTION('',(-0.,1.,0.));
#330 = DIRECTION('',(1.,0.,-0.));
#331 = DEFINITIONAL_REPRESENTATION('',(#332),#336);
#332 = LINE('',#333,#334);
#333 = CARTESIAN_POINT('',(-1.570796326795,0.));
#334 = VECTOR('',#335,1.);
#335 = DIRECTION('',(1.,0.));
#336 = ( GEOMETRIC_REPRESENTATION_CONTEXT(2) 
PARAMETRIC_REPRESENTATION_CONTEXT() REPRESENTATION_CONTEXT('2D SPACE',''
  ) );
#337 = FACE_BOUND('',#338,.F.);
#338 = EDGE_LOOP('',(#339));
#339 = ORIENTED_EDGE('',*,*,#340,.T.);
#340 = EDGE_CURVE('',#341,#341,#343,.T.);
#341 = VERTEX_POINT('',#342);
#342 = CARTESIAN_POINT('',(23.2,-30.,20.));
#343 = SURFACE_CURVE('',#344,(#349,#360),.PCURVE_S1.);
#344 = CIRCLE('',#345,2.2);
#345 = AXIS2_PLACEMENT_3D('',#346,#347,#348);
#346 = CARTESIAN_POINT('',(21.,-30.,20.));
#347 = DIRECTION('',(0.,-1.,2.22044604925E-16));
#348 = DIRECTION('',(1.,0.,0.));
#349 = PCURVE('',#44,#350);
#350 = DEFINITIONAL_REPRESENTATION('',(#351),#359);
#351 = ( BOUNDED_CURVE() B_SPLINE_CURVE(2,(#352,#353,#354,#355,#356,#357
,#358),.UNSPECIFIED.,.T.,.F.) B_SPLINE_CURVE_WITH_KNOTS((1,2,2,2,2,1),(
    -2.094395102393,0.,2.094395102393,4.188790204786,6.28318530718,
8.377580409573),.UNSPECIFIED.) CURVE() GEOMETRIC_REPRESENTATION_ITEM() 
RATIONAL_B_SPLINE_CURVE((1.,0.5,1.,0.5,1.,0.5,1.)) REPRESENTATION_ITEM(
  '') );
#352 = CARTESIAN_POINT('',(46.,55.2));
#353 = CARTESIAN_POINT('',(49.810511776652,55.2));
#354 = CARTESIAN_POINT('',(47.905255888326,51.9));
#355 = CARTESIAN_POINT('',(46.,48.6));
#356 = CARTESIAN_POINT('',(44.094744111674,51.9));
#357 = CARTESIAN_POINT('',(42.189488223348,55.2));
#358 = CARTESIAN_POINT('',(46.,55.2));
#359 = ( GEOMETRIC_REPRESENTATION_CONTEXT(2) 
PARAMETRIC_REPRESENTATION_CONTEXT() REPRESENTATION_CONTEXT('2D SPACE',''
  ) );
#360 = PCURVE('',#361,#366);
#361 = CYLINDRICAL_SURFACE('',#362,2.2);
#362 = AXIS2_PLACEMENT_3D('',#363,#364,#365);
#363 = CARTESIAN_POINT('',(21.,-27.,20.));
#364 = DIRECTION('',(0.,-1.,2.22044604925E-16));
#365 = DIRECTION('',(1.,0.,0.));
#366 = DEFINITIONAL_REPRESENTATION('',(#367),#371);
#367 = LINE('',#368,#369);
#368 = CARTESIAN_POINT('',(0.,3.));
#369 = VECTOR('',#370,1.);
#370 = DIRECTION('',(1.,0.));
#371 = ( GEOMETRIC_REPRESENTATION_CONTEXT(2) 
PARAMETRIC_REPRESENTATION_CONTEXT() REPRESENTATION_CONTEXT('2D SPACE',''
  ) );
#372 = ADVANCED_FACE('',(#373),#72,.T.);
#373 = FACE_BOUND('',#374,.F.);
#374 = EDGE_LOOP('',(#375,#376,#399,#425));
#375 = ORIENTED_EDGE('',*,*,#171,.T.);
#376 = ORIENTED_EDGE('',*,*,#377,.T.);
#377 = EDGE_CURVE('',#142,#378,#380,.T.);
#378 = VERTEX_POINT('',#379);
#379 = CARTESIAN_POINT('',(-28.,-14.,-26.));
#380 = SURFACE_CURVE('',#381,(#385,#392),.PCURVE_S1.);
#381 = LINE('',#382,#383);
#382 = CARTESIAN_POINT('',(-28.,-30.,-26.));
#383 = VECTOR('',#384,1.);
#384 = DIRECTION('',(-0.,1.,0.));
#385 = PCURVE('',#72,#386);
#386 = DEFINITIONAL_REPRESENTATION('',(#387),#391);
#387 = LINE('',#388,#389);
#388 = CARTESIAN_POINT('',(-1.570796326795,0.));
#389 = VECTOR('',#390,1.);
#390 = DIRECTION('',(-0.,1.));
#391 = ( GEOMETRIC_REPRESENTATION_CONTEXT(2) 
PARAMETRIC_REPRESENTATION_CONTEXT() REPRESENTATION_CONTEXT('2D SPACE',''
  ) );
#392 = PCURVE('',#159,#393);
#393 = DEFINITIONAL_REPRESENTATION('',(#394),#398);
#394 = LINE('',#395,#396);
#395 = CARTESIAN_POINT('',(4.,0.));
#396 = VECTOR('',#397,1.);
#397 = DIRECTION('',(0.,1.));
#398 = ( GEOMETRIC_REPRESENTATION_CONTEXT(2) 
PARAMETRIC_REPRESENTATION_CONTEXT() REPRESENTATION_CONTEXT('2D SPACE',''
  ) );
#399 = ORIENTED_EDGE('',*,*,#400,.F.);
#400 = EDGE_CURVE('',#57,#378,#401,.T.);
#401 = SURFACE_CURVE('',#402,(#407,#414),.PCURVE_S1.);
#402 = CIRCLE('',#403,4.);
#403 = AXIS2_PLACEMENT_3D('',#404,#405,#406);
#404 = CARTESIAN_POINT('',(-28.,-14.,-22.));
#405 = DIRECTION('',(0.,-1.,0.));
#406 = DIRECTION('',(0.,0.,1.));
#407 = PCURVE('',#72,#408);
#408 = DEFINITIONAL_REPRESENTATION('',(#409),#413);
#409 = LINE('',#410,#411);
#410 = CARTESIAN_POINT('',(1.570796326795,16.));
#411 = VECTOR('',#412,1.);
#412 = DIRECTION('',(-1.,0.));
#413 = ( GEOMETRIC_REPRESENTATION_CONTEXT(2) 
PARAMETRIC_REPRESENTATION_CONTEXT() REPRESENTATION_CONTEXT('2D SPACE',''
  ) );
#414 = PCURVE('',#100,#415);
#415 = DEFINITIONAL_REPRESENTATION('',(#416),#424);
#416 = ( BOUNDED_CURVE() B_SPLINE_CURVE(2,(#417,#418,#419,#420,#421,#422
,#423),.UNSPECIFIED.,.T.,.F.) B_SPLINE_CURVE_WITH_KNOTS((1,2,2,2,2,1),(
    -2.094395102393,0.,2.094395102393,4.188790204786,6.28318530718,
8.377580409573),.UNSPECIFIED.) CURVE() GEOMETRIC_REPRESENTATION_ITEM() 
RATIONAL_B_SPLINE_CURVE((1.,0.5,1.,0.5,1.,0.5,1.)) REPRESENTATION_ITEM(
  '') );
#417 = CARTESIAN_POINT('',(8.,4.));
#418 = CARTESIAN_POINT('',(8.,-2.928203230276));
#419 = CARTESIAN_POINT('',(2.,0.535898384862));
#420 = CARTESIAN_POINT('',(-4.,4.));
#421 = CARTESIAN_POINT('',(2.,7.464101615138));
#422 = CARTESIAN_POINT('',(8.,10.928203230276));
#423 = CARTESIAN_POINT('',(8.,4.));
#424 = ( GEOMETRIC_REPRESENTATION_CONTEXT(2) 
PARAMETRIC_REPRESENTATION_CONTEXT() REPRESENTATION_CONTEXT('2D SPACE',''
  ) );
#425 = ORIENTED_EDGE('',*,*,#56,.F.);
#426 = ADVANCED_FACE('',(#427),#126,.T.);
#427 = FACE_BOUND('',#428,.T.);
#428 = EDGE_LOOP('',(#429,#430,#453,#475));
#429 = ORIENTED_EDGE('',*,*,#198,.T.);
#430 = ORIENTED_EDGE('',*,*,#431,.T.);
#431 = EDGE_CURVE('',#199,#432,#434,.T.);
#432 = VERTEX_POINT('',#433);
#433 = CARTESIAN_POINT('',(-28.,-14.,26.));
#434 = SURFACE_CURVE('',#435,(#439,#446),.PCURVE_S1.);
#435 = LINE('',#436,#437);
#436 = CARTESIAN_POINT('',(-28.,-30.,26.));
#437 = VECTOR('',#438,1.);
#438 = DIRECTION('',(-0.,1.,0.));
#439 = PCURVE('',#126,#440);
#440 = DEFINITIONAL_REPRESENTATION('',(#441),#445);
#441 = LINE('',#442,#443);
#442 = CARTESIAN_POINT('',(1.570796326795,0.));
#443 = VECTOR('',#444,1.);
#444 = DIRECTION('',(0.,1.));
#445 = ( GEOMETRIC_REPRESENTATION_CONTEXT(2) 
PARAMETRIC_REPRESENTATION_CONTEXT() REPRESENTATION_CONTEXT('2D SPACE',''
  ) );
#446 = PCURVE('',#238,#447);
#447 = DEFINITIONAL_REPRESENTATION('',(#448),#452);
#448 = LINE('',#449,#450);
#449 = CARTESIAN_POINT('',(4.,0.));
#450 = VECTOR('',#451,1.);
#451 = DIRECTION('',(0.,1.));
#452 = ( GEOMETRIC_REPRESENTATION_CONTEXT(2) 
PARAMETRIC_REPRESENTATION_CONTEXT() REPRESENTATION_CONTEXT('2D SPACE',''
  ) );
#453 = ORIENTED_EDGE('',*,*,#454,.F.);
#454 = EDGE_CURVE('',#85,#432,#455,.T.);
#455 = SURFACE_CURVE('',#456,(#461,#468),.PCURVE_S1.);
#456 = CIRCLE('',#457,4.);
#457 = AXIS2_PLACEMENT_3D('',#458,#459,#460);
#458 = CARTESIAN_POINT('',(-28.,-14.,22.));
#459 = DIRECTION('',(-0.,1.,0.));
#460 = DIRECTION('',(0.,0.,1.));
#461 = PCURVE('',#126,#462);
#462 = DEFINITIONAL_REPRESENTATION('',(#463),#467);
#463 = LINE('',#464,#465);
#464 = CARTESIAN_POINT('',(-4.712388980385,16.));
#465 = VECTOR('',#466,1.);
#466 = DIRECTION('',(1.,0.));
#467 = ( GEOMETRIC_REPRESENTATION_CONTEXT(2) 
PARAMETRIC_REPRESENTATION_CONTEXT() REPRESENTATION_CONTEXT('2D SPACE',''
  ) );
#468 = PCURVE('',#100,#469);
#469 = DEFINITIONAL_REPRESENTATION('',(#470),#474);
#470 = CIRCLE('',#471,4.);
#471 = AXIS2_PLACEMENT_2D('',#472,#473);
#472 = CARTESIAN_POINT('',(48.,4.));
#473 = DIRECTION('',(1.,0.));
#474 = ( GEOMETRIC_REPRESENTATION_CONTEXT(2) 
PARAMETRIC_REPRESENTATION_CONTEXT() REPRESENTATION_CONTEXT('2D SPACE',''
  ) );
#475 = ORIENTED_EDGE('',*,*,#112,.F.);
#476 = ADVANCED_FACE('',(#477,#601),#100,.T.);
#477 = FACE_BOUND('',#478,.T.);
#478 = EDGE_LOOP('',(#479,#502,#503,#504,#505,#528,#556,#579));
#479 = ORIENTED_EDGE('',*,*,#480,.F.);
#480 = EDGE_CURVE('',#378,#481,#483,.T.);
#481 = VERTEX_POINT('',#482);
#482 = CARTESIAN_POINT('',(28.,-14.,-26.));
#483 = SURFACE_CURVE('',#484,(#488,#495),.PCURVE_S1.);
#484 = LINE('',#485,#486);
#485 = CARTESIAN_POINT('',(-32.,-14.,-26.));
#486 = VECTOR('',#487,1.);
#487 = DIRECTION('',(1.,0.,-0.));
#488 = PCURVE('',#100,#489);
#489 = DEFINITIONAL_REPRESENTATION('',(#490),#494);
#490 = LINE('',#491,#492);
#491 = CARTESIAN_POINT('',(0.,0.));
#492 = VECTOR('',#493,1.);
#493 = DIRECTION('',(0.,1.));
#494 = ( GEOMETRIC_REPRESENTATION_CONTEXT(2) 
PARAMETRIC_REPRESENTATION_CONTEXT() REPRESENTATION_CONTEXT('2D SPACE',''
  ) );
#495 = PCURVE('',#159,#496);
#496 = DEFINITIONAL_REPRESENTATION('',(#497),#501);
#497 = LINE('',#498,#499);
#498 = CARTESIAN_POINT('',(0.,16.));
#499 = VECTOR('',#500,1.);
#500 = DIRECTION('',(1.,0.));
#501 = ( GEOMETRIC_REPRESENTATION_CONTEXT(2) 
PARAMETRIC_REPRESENTATION_CONTEXT() REPRESENTATION_CONTEXT('2D SPACE',''
  ) );
#502 = ORIENTED_EDGE('',*,*,#400,.F.);
#503 = ORIENTED_EDGE('',*,*,#84,.T.);
#504 = ORIENTED_EDGE('',*,*,#454,.T.);
#505 = ORIENTED_EDGE('',*,*,#506,.T.);
#506 = EDGE_CURVE('',#432,#507,#509,.T.);
#507 = VERTEX_POINT('',#508);
#508 = CARTESIAN_POINT('',(28.,-14.,26.));
#509 = SURFACE_CURVE('',#510,(#514,#521),.PCURVE_S1.);
#510 = LINE('',#511,#512);
#511 = CARTESIAN_POINT('',(-32.,-14.,26.));
#512 = VECTOR('',#513,1.);
#513 = DIRECTION('',(1.,0.,-0.));
#514 = PCURVE('',#100,#515);
#515 = DEFINITIONAL_REPRESENTATION('',(#516),#520);
#516 = LINE('',#517,#518);
#517 = CARTESIAN_POINT('',(52.,0.));
#518 = VECTOR('',#519,1.);
#519 = DIRECTION('',(0.,1.));
#520 = ( GEOMETRIC_REPRESENTATION_CONTEXT(2) 
PARAMETRIC_REPRESENTATION_CONTEXT() REPRESENTATION_CONTEXT('2D SPACE',''
  ) );
#521 = PCURVE('',#238,#522);
#522 = DEFINITIONAL_REPRESENTATION('',(#523),#527);
#523 = LINE('',#524,#525);
#524 = CARTESIAN_POINT('',(0.,16.));
#525 = VECTOR('',#526,1.);
#526 = DIRECTION('',(1.,0.));
#527 = ( GEOMETRIC_REPRESENTATION_CONTEXT(2) 
PARAMETRIC_REPRESENTATION_CONTEXT() REPRESENTATION_CONTEXT('2D SPACE',''
  ) );
#528 = ORIENTED_EDGE('',*,*,#529,.F.);
#529 = EDGE_CURVE('',#530,#507,#532,.T.);
#530 = VERTEX_POINT('',#531);
#531 = CARTESIAN_POINT('',(32.,-14.,22.));
#532 = SURFACE_CURVE('',#533,(#538,#549),.PCURVE_S1.);
#533 = CIRCLE('',#534,4.);
#534 = AXIS2_PLACEMENT_3D('',#535,#536,#537);
#535 = CARTESIAN_POINT('',(28.,-14.,22.));
#536 = DIRECTION('',(0.,-1.,0.));
#537 = DIRECTION('',(0.,0.,1.));
#538 = PCURVE('',#100,#539);
#539 = DEFINITIONAL_REPRESENTATION('',(#540),#548);
#540 = ( BOUNDED_CURVE() B_SPLINE_CURVE(2,(#541,#542,#543,#544,#545,#546
,#547),.UNSPECIFIED.,.T.,.F.) B_SPLINE_CURVE_WITH_KNOTS((1,2,2,2,2,1),(
    -2.094395102393,0.,2.094395102393,4.188790204786,6.28318530718,
8.377580409573),.UNSPECIFIED.) CURVE() GEOMETRIC_REPRESENTATION_ITEM() 
RATIONAL_B_SPLINE_CURVE((1.,0.5,1.,0.5,1.,0.5,1.)) REPRESENTATION_ITEM(
  '') );
#541 = CARTESIAN_POINT('',(52.,60.));
#542 = CARTESIAN_POINT('',(52.,53.071796769724));
#543 = CARTESIAN_POINT('',(46.,56.535898384862));
#544 = CARTESIAN_POINT('',(40.,60.));
#545 = CARTESIAN_POINT('',(46.,63.464101615138));
#546 = CARTESIAN_POINT('',(52.,66.928203230276));
#547 = CARTESIAN_POINT('',(52.,60.));
#548 = ( GEOMETRIC_REPRESENTATION_CONTEXT(2) 
PARAMETRIC_REPRESENTATION_CONTEXT() REPRESENTATION_CONTEXT('2D SPACE',''
  ) );
#549 = PCURVE('',#271,#550);
#550 = DEFINITIONAL_REPRESENTATION('',(#551),#555);
#551 = LINE('',#552,#553);
#552 = CARTESIAN_POINT('',(4.712388980385,16.));
#553 = VECTOR('',#554,1.);
#554 = DIRECTION('',(-1.,0.));
#555 = ( GEOMETRIC_REPRESENTATION_CONTEXT(2) 
PARAMETRIC_REPRESENTATION_CONTEXT() REPRESENTATION_CONTEXT('2D SPACE',''
  ) );
#556 = ORIENTED_EDGE('',*,*,#557,.F.);
#557 = EDGE_CURVE('',#558,#530,#560,.T.);
#558 = VERTEX_POINT('',#559);
#559 = CARTESIAN_POINT('',(32.,-14.,-22.));
#560 = SURFACE_CURVE('',#561,(#565,#572),.PCURVE_S1.);
#561 = LINE('',#562,#563);
#562 = CARTESIAN_POINT('',(32.,-14.,-26.));
#563 = VECTOR('',#564,1.);
#564 = DIRECTION('',(0.,0.,1.));
#565 = PCURVE('',#100,#566);
#566 = DEFINITIONAL_REPRESENTATION('',(#567),#571);
#567 = LINE('',#568,#569);
#568 = CARTESIAN_POINT('',(0.,64.));
#569 = VECTOR('',#570,1.);
#570 = DIRECTION('',(1.,0.));
#571 = ( GEOMETRIC_REPRESENTATION_CONTEXT(2) 
PARAMETRIC_REPRESENTATION_CONTEXT() REPRESENTATION_CONTEXT('2D SPACE',''
  ) );
#572 = PCURVE('',#299,#573);
#573 = DEFINITIONAL_REPRESENTATION('',(#574),#578);
#574 = LINE('',#575,#576);
#575 = CARTESIAN_POINT('',(0.,-16.));
#576 = VECTOR('',#577,1.);
#577 = DIRECTION('',(1.,0.));
#578 = ( GEOMETRIC_REPRESENTATION_CONTEXT(2) 
PARAMETRIC_REPRESENTATION_CONTEXT() REPRESENTATION_CONTEXT('2D SPACE',''
  ) );
#579 = ORIENTED_EDGE('',*,*,#580,.T.);
#580 = EDGE_CURVE('',#558,#481,#581,.T.);
#581 = SURFACE_CURVE('',#582,(#587,#594),.PCURVE_S1.);
#582 = CIRCLE('',#583,4.);
#583 = AXIS2_PLACEMENT_3D('',#584,#585,#586);
#584 = CARTESIAN_POINT('',(28.,-14.,-22.));
#585 = DIRECTION('',(-0.,1.,0.));
#586 = DIRECTION('',(0.,0.,1.));
#587 = PCURVE('',#100,#588);
#588 = DEFINITIONAL_REPRESENTATION('',(#589),#593);
#589 = CIRCLE('',#590,4.);
#590 = AXIS2_PLACEMENT_2D('',#591,#592);
#591 = CARTESIAN_POINT('',(4.,60.));
#592 = DIRECTION('',(1.,0.));
#593 = ( GEOMETRIC_REPRESENTATION_CONTEXT(2) 
PARAMETRIC_REPRESENTATION_CONTEXT() REPRESENTATION_CONTEXT('2D SPACE',''
  ) );
#594 = PCURVE('',#326,#595);
#595 = DEFINITIONAL_REPRESENTATION('',(#596),#600);
#596 = LINE('',#597,#598);
#597 = CARTESIAN_POINT('',(-1.570796326795,16.));
#598 = VECTOR('',#599,1.);
#599 = DIRECTION('',(1.,0.));
#600 = ( GEOMETRIC_REPRESENTATION_CONTEXT(2) 
PARAMETRIC_REPRESENTATION_CONTEXT() REPRESENTATION_CONTEXT('2D SPACE',''
  ) );
#601 = FACE_BOUND('',#602,.T.);
#602 = EDGE_LOOP('',(#603,#634,#660,#689,#715,#744,#770,#799));
#603 = ORIENTED_EDGE('',*,*,#604,.F.);
#604 = EDGE_CURVE('',#605,#607,#609,.T.);
#605 = VERTEX_POINT('',#606);
#606 = CARTESIAN_POINT('',(-30.,-14.,22.));
#607 = VERTEX_POINT('',#608);
#608 = CARTESIAN_POINT('',(-28.,-14.,24.));
#609 = SURFACE_CURVE('',#610,(#615,#622),.PCURVE_S1.);
#610 = CIRCLE('',#611,2.);
#611 = AXIS2_PLACEMENT_3D('',#612,#613,#614);
#612 = CARTESIAN_POINT('',(-28.,-14.,22.));
#613 = DIRECTION('',(-0.,1.,0.));
#614 = DIRECTION('',(-1.,-0.,0.));
#615 = PCURVE('',#100,#616);
#616 = DEFINITIONAL_REPRESENTATION('',(#617),#621);
#617 = CIRCLE('',#618,2.);
#618 = AXIS2_PLACEMENT_2D('',#619,#620);
#619 = CARTESIAN_POINT('',(48.,4.));
#620 = DIRECTION('',(0.,-1.));
#621 = ( GEOMETRIC_REPRESENTATION_CONTEXT(2) 
PARAMETRIC_REPRESENTATION_CONTEXT() REPRESENTATION_CONTEXT('2D SPACE',''
  ) );
#622 = PCURVE('',#623,#628);
#623 = CYLINDRICAL_SURFACE('',#624,2.);
#624 = AXIS2_PLACEMENT_3D('',#625,#626,#627);
#625 = CARTESIAN_POINT('',(-28.,-28.,22.));
#626 = DIRECTION('',(-0.,1.,0.));
#627 = DIRECTION('',(-1.,-0.,0.));
#628 = DEFINITIONAL_REPRESENTATION('',(#629),#633);
#629 = LINE('',#630,#631);
#630 = CARTESIAN_POINT('',(0.,14.));
#631 = VECTOR('',#632,1.);
#632 = DIRECTION('',(1.,0.));
#633 = ( GEOMETRIC_REPRESENTATION_CONTEXT(2) 
PARAMETRIC_REPRESENTATION_CONTEXT() REPRESENTATION_CONTEXT('2D SPACE',''
  ) );
#634 = ORIENTED_EDGE('',*,*,#635,.T.);
#635 = EDGE_CURVE('',#605,#636,#638,.T.);
#636 = VERTEX_POINT('',#637);
#637 = CARTESIAN_POINT('',(-30.,-14.,-22.));
#638 = SURFACE_CURVE('',#639,(#643,#649),.PCURVE_S1.);
#639 = LINE('',#640,#641);
#640 = CARTESIAN_POINT('',(-30.,-14.,-25.));
#641 = VECTOR('',#642,1.);
#642 = DIRECTION('',(-0.,0.,-1.));
#643 = PCURVE('',#100,#644);
#644 = DEFINITIONAL_REPRESENTATION('',(#645),#648);
#645 = B_SPLINE_CURVE_WITH_KNOTS('',1,(#646,#647),.UNSPECIFIED.,.F.,.F.,
  (2,2),(-47.,-3.),.PIECEWISE_BEZIER_KNOTS.);
#646 = CARTESIAN_POINT('',(48.,2.));
#647 = CARTESIAN_POINT('',(4.,2.));
#648 = ( GEOMETRIC_REPRESENTATION_CONTEXT(2) 
PARAMETRIC_REPRESENTATION_CONTEXT() REPRESENTATION_CONTEXT('2D SPACE',''
  ) );
#649 = PCURVE('',#650,#655);
#650 = PLANE('',#651);
#651 = AXIS2_PLACEMENT_3D('',#652,#653,#654);
#652 = CARTESIAN_POINT('',(-30.,-28.,-24.));
#653 = DIRECTION('',(1.,0.,-0.));
#654 = DIRECTION('',(0.,0.,1.));
#655 = DEFINITIONAL_REPRESENTATION('',(#656),#659);
#656 = B_SPLINE_CURVE_WITH_KNOTS('',1,(#657,#658),.UNSPECIFIED.,.F.,.F.,
  (2,2),(-47.,-3.),.PIECEWISE_BEZIER_KNOTS.);
#657 = CARTESIAN_POINT('',(46.,-14.));
#658 = CARTESIAN_POINT('',(2.,-14.));
#659 = ( GEOMETRIC_REPRESENTATION_CONTEXT(2) 
PARAMETRIC_REPRESENTATION_CONTEXT() REPRESENTATION_CONTEXT('2D SPACE',''
  ) );
#660 = ORIENTED_EDGE('',*,*,#661,.F.);
#661 = EDGE_CURVE('',#662,#636,#664,.T.);
#662 = VERTEX_POINT('',#663);
#663 = CARTESIAN_POINT('',(-28.,-14.,-24.));
#664 = SURFACE_CURVE('',#665,(#670,#677),.PCURVE_S1.);
#665 = CIRCLE('',#666,2.);
#666 = AXIS2_PLACEMENT_3D('',#667,#668,#669);
#667 = CARTESIAN_POINT('',(-28.,-14.,-22.));
#668 = DIRECTION('',(-0.,1.,0.));
#669 = DIRECTION('',(-1.,-0.,0.));
#670 = PCURVE('',#100,#671);
#671 = DEFINITIONAL_REPRESENTATION('',(#672),#676);
#672 = CIRCLE('',#673,2.);
#673 = AXIS2_PLACEMENT_2D('',#674,#675);
#674 = CARTESIAN_POINT('',(4.,4.));
#675 = DIRECTION('',(0.,-1.));
#676 = ( GEOMETRIC_REPRESENTATION_CONTEXT(2) 
PARAMETRIC_REPRESENTATION_CONTEXT() REPRESENTATION_CONTEXT('2D SPACE',''
  ) );
#677 = PCURVE('',#678,#683);
#678 = CYLINDRICAL_SURFACE('',#679,2.);
#679 = AXIS2_PLACEMENT_3D('',#680,#681,#682);
#680 = CARTESIAN_POINT('',(-28.,-28.,-22.));
#681 = DIRECTION('',(-0.,1.,0.));
#682 = DIRECTION('',(-1.,-0.,0.));
#683 = DEFINITIONAL_REPRESENTATION('',(#684),#688);
#684 = LINE('',#685,#686);
#685 = CARTESIAN_POINT('',(-6.28318530718,14.));
#686 = VECTOR('',#687,1.);
#687 = DIRECTION('',(1.,-0.));
#688 = ( GEOMETRIC_REPRESENTATION_CONTEXT(2) 
PARAMETRIC_REPRESENTATION_CONTEXT() REPRESENTATION_CONTEXT('2D SPACE',''
  ) );
#689 = ORIENTED_EDGE('',*,*,#690,.T.);
#690 = EDGE_CURVE('',#662,#691,#693,.T.);
#691 = VERTEX_POINT('',#692);
#692 = CARTESIAN_POINT('',(28.,-14.,-24.));
#693 = SURFACE_CURVE('',#694,(#698,#704),.PCURVE_S1.);
#694 = LINE('',#695,#696);
#695 = CARTESIAN_POINT('',(-31.,-14.,-24.));
#696 = VECTOR('',#697,1.);
#697 = DIRECTION('',(1.,0.,-0.));
#698 = PCURVE('',#100,#699);
#699 = DEFINITIONAL_REPRESENTATION('',(#700),#703);
#700 = B_SPLINE_CURVE_WITH_KNOTS('',1,(#701,#702),.UNSPECIFIED.,.F.,.F.,
  (2,2),(3.,59.),.PIECEWISE_BEZIER_KNOTS.);
#701 = CARTESIAN_POINT('',(2.,4.));
#702 = CARTESIAN_POINT('',(2.,60.));
#703 = ( GEOMETRIC_REPRESENTATION_CONTEXT(2) 
PARAMETRIC_REPRESENTATION_CONTEXT() REPRESENTATION_CONTEXT('2D SPACE',''
  ) );
#704 = PCURVE('',#705,#710);
#705 = PLANE('',#706);
#706 = AXIS2_PLACEMENT_3D('',#707,#708,#709);
#707 = CARTESIAN_POINT('',(-30.,-28.,-24.));
#708 = DIRECTION('',(0.,0.,1.));
#709 = DIRECTION('',(1.,0.,-0.));
#710 = DEFINITIONAL_REPRESENTATION('',(#711),#714);
#711 = B_SPLINE_CURVE_WITH_KNOTS('',1,(#712,#713),.UNSPECIFIED.,.F.,.F.,
  (2,2),(3.,59.),.PIECEWISE_BEZIER_KNOTS.);
#712 = CARTESIAN_POINT('',(2.,14.));
#713 = CARTESIAN_POINT('',(58.,14.));
#714 = ( GEOMETRIC_REPRESENTATION_CONTEXT(2) 
PARAMETRIC_REPRESENTATION_CONTEXT() REPRESENTATION_CONTEXT('2D SPACE',''
  ) );
#715 = ORIENTED_EDGE('',*,*,#716,.F.);
#716 = EDGE_CURVE('',#717,#691,#719,.T.);
#717 = VERTEX_POINT('',#718);
#718 = CARTESIAN_POINT('',(30.,-14.,-22.));
#719 = SURFACE_CURVE('',#720,(#725,#732),.PCURVE_S1.);
#720 = CIRCLE('',#721,2.);
#721 = AXIS2_PLACEMENT_3D('',#722,#723,#724);
#722 = CARTESIAN_POINT('',(28.,-14.,-22.));
#723 = DIRECTION('',(0.,1.,0.));
#724 = DIRECTION('',(1.,0.,-0.));
#725 = PCURVE('',#100,#726);
#726 = DEFINITIONAL_REPRESENTATION('',(#727),#731);
#727 = CIRCLE('',#728,2.);
#728 = AXIS2_PLACEMENT_2D('',#729,#730);
#729 = CARTESIAN_POINT('',(4.,60.));
#730 = DIRECTION('',(0.,1.));
#731 = ( GEOMETRIC_REPRESENTATION_CONTEXT(2) 
PARAMETRIC_REPRESENTATION_CONTEXT() REPRESENTATION_CONTEXT('2D SPACE',''
  ) );
#732 = PCURVE('',#733,#738);
#733 = CYLINDRICAL_SURFACE('',#734,2.);
#734 = AXIS2_PLACEMENT_3D('',#735,#736,#737);
#735 = CARTESIAN_POINT('',(28.,-28.,-22.));
#736 = DIRECTION('',(-0.,1.,0.));
#737 = DIRECTION('',(1.,0.,-0.));
#738 = DEFINITIONAL_REPRESENTATION('',(#739),#743);
#739 = LINE('',#740,#741);
#740 = CARTESIAN_POINT('',(0.,14.));
#741 = VECTOR('',#742,1.);
#742 = DIRECTION('',(1.,0.));
#743 = ( GEOMETRIC_REPRESENTATION_CONTEXT(2) 
PARAMETRIC_REPRESENTATION_CONTEXT() REPRESENTATION_CONTEXT('2D SPACE',''
  ) );
#744 = ORIENTED_EDGE('',*,*,#745,.F.);
#745 = EDGE_CURVE('',#746,#717,#748,.T.);
#746 = VERTEX_POINT('',#747);
#747 = CARTESIAN_POINT('',(30.,-14.,22.));
#748 = SURFACE_CURVE('',#749,(#753,#759),.PCURVE_S1.);
#749 = LINE('',#750,#751);
#750 = CARTESIAN_POINT('',(30.,-14.,-25.));
#751 = VECTOR('',#752,1.);
#752 = DIRECTION('',(-0.,0.,-1.));
#753 = PCURVE('',#100,#754);
#754 = DEFINITIONAL_REPRESENTATION('',(#755),#758);
#755 = B_SPLINE_CURVE_WITH_KNOTS('',1,(#756,#757),.UNSPECIFIED.,.F.,.F.,
  (2,2),(-47.,-3.),.PIECEWISE_BEZIER_KNOTS.);
#756 = CARTESIAN_POINT('',(48.,62.));
#757 = CARTESIAN_POINT('',(4.,62.));
#758 = ( GEOMETRIC_REPRESENTATION_CONTEXT(2) 
PARAMETRIC_REPRESENTATION_CONTEXT() REPRESENTATION_CONTEXT('2D SPACE',''
  ) );
#759 = PCURVE('',#760,#765);
#760 = PLANE('',#761);
#761 = AXIS2_PLACEMENT_3D('',#762,#763,#764);
#762 = CARTESIAN_POINT('',(30.,-28.,-24.));
#763 = DIRECTION('',(1.,0.,-0.));
#764 = DIRECTION('',(0.,0.,1.));
#765 = DEFINITIONAL_REPRESENTATION('',(#766),#769);
#766 = B_SPLINE_CURVE_WITH_KNOTS('',1,(#767,#768),.UNSPECIFIED.,.F.,.F.,
  (2,2),(-47.,-3.),.PIECEWISE_BEZIER_KNOTS.);
#767 = CARTESIAN_POINT('',(46.,-14.));
#768 = CARTESIAN_POINT('',(2.,-14.));
#769 = ( GEOMETRIC_REPRESENTATION_CONTEXT(2) 
PARAMETRIC_REPRESENTATION_CONTEXT() REPRESENTATION_CONTEXT('2D SPACE',''
  ) );
#770 = ORIENTED_EDGE('',*,*,#771,.F.);
#771 = EDGE_CURVE('',#772,#746,#774,.T.);
#772 = VERTEX_POINT('',#773);
#773 = CARTESIAN_POINT('',(28.,-14.,24.));
#774 = SURFACE_CURVE('',#775,(#780,#787),.PCURVE_S1.);
#775 = CIRCLE('',#776,2.);
#776 = AXIS2_PLACEMENT_3D('',#777,#778,#779);
#777 = CARTESIAN_POINT('',(28.,-14.,22.));
#778 = DIRECTION('',(0.,1.,0.));
#779 = DIRECTION('',(1.,0.,-0.));
#780 = PCURVE('',#100,#781);
#781 = DEFINITIONAL_REPRESENTATION('',(#782),#786);
#782 = CIRCLE('',#783,2.);
#783 = AXIS2_PLACEMENT_2D('',#784,#785);
#784 = CARTESIAN_POINT('',(48.,60.));
#785 = DIRECTION('',(0.,1.));
#786 = ( GEOMETRIC_REPRESENTATION_CONTEXT(2) 
PARAMETRIC_REPRESENTATION_CONTEXT() REPRESENTATION_CONTEXT('2D SPACE',''
  ) );
#787 = PCURVE('',#788,#793);
#788 = CYLINDRICAL_SURFACE('',#789,2.);
#789 = AXIS2_PLACEMENT_3D('',#790,#791,#792);
#790 = CARTESIAN_POINT('',(28.,-28.,22.));
#791 = DIRECTION('',(-0.,1.,0.));
#792 = DIRECTION('',(1.,0.,-0.));
#793 = DEFINITIONAL_REPRESENTATION('',(#794),#798);
#794 = LINE('',#795,#796);
#795 = CARTESIAN_POINT('',(-6.28318530718,14.));
#796 = VECTOR('',#797,1.);
#797 = DIRECTION('',(1.,-0.));
#798 = ( GEOMETRIC_REPRESENTATION_CONTEXT(2) 
PARAMETRIC_REPRESENTATION_CONTEXT() REPRESENTATION_CONTEXT('2D SPACE',''
  ) );
#799 = ORIENTED_EDGE('',*,*,#800,.F.);
#800 = EDGE_CURVE('',#607,#772,#801,.T.);
#801 = SURFACE_CURVE('',#802,(#806,#812),.PCURVE_S1.);
#802 = LINE('',#803,#804);
#803 = CARTESIAN_POINT('',(-31.,-14.,24.));
#804 = VECTOR('',#805,1.);
#805 = DIRECTION('',(1.,0.,-0.));
#806 = PCURVE('',#100,#807);
#807 = DEFINITIONAL_REPRESENTATION('',(#808),#811);
#808 = B_SPLINE_CURVE_WITH_KNOTS('',1,(#809,#810),.UNSPECIFIED.,.F.,.F.,
  (2,2),(3.,59.),.PIECEWISE_BEZIER_KNOTS.);
#809 = CARTESIAN_POINT('',(50.,4.));
#810 = CARTESIAN_POINT('',(50.,60.));
#811 = ( GEOMETRIC_REPRESENTATION_CONTEXT(2) 
PARAMETRIC_REPRESENTATION_CONTEXT() REPRESENTATION_CONTEXT('2D SPACE',''
  ) );
#812 = PCURVE('',#813,#818);
#813 = PLANE('',#814);
#814 = AXIS2_PLACEMENT_3D('',#815,#816,#817);
#815 = CARTESIAN_POINT('',(-30.,-28.,24.));
#816 = DIRECTION('',(0.,0.,1.));
#817 = DIRECTION('',(1.,0.,-0.));
#818 = DEFINITIONAL_REPRESENTATION('',(#819),#822);
#819 = B_SPLINE_CURVE_WITH_KNOTS('',1,(#820,#821),.UNSPECIFIED.,.F.,.F.,
  (2,2),(3.,59.),.PIECEWISE_BEZIER_KNOTS.);
#820 = CARTESIAN_POINT('',(2.,14.));
#821 = CARTESIAN_POINT('',(58.,14.));
#822 = ( GEOMETRIC_REPRESENTATION_CONTEXT(2) 
PARAMETRIC_REPRESENTATION_CONTEXT() REPRESENTATION_CONTEXT('2D SPACE',''
  ) );
#823 = ADVANCED_FACE('',(#824,#850,#957,#1063,#1169),#159,.F.);
#824 = FACE_BOUND('',#825,.F.);
#825 = EDGE_LOOP('',(#826,#827,#828,#829));
#826 = ORIENTED_EDGE('',*,*,#480,.F.);
#827 = ORIENTED_EDGE('',*,*,#377,.F.);
#828 = ORIENTED_EDGE('',*,*,#141,.T.);
#829 = ORIENTED_EDGE('',*,*,#830,.T.);
#830 = EDGE_CURVE('',#144,#481,#831,.T.);
#831 = SURFACE_CURVE('',#832,(#836,#843),.PCURVE_S1.);
#832 = LINE('',#833,#834);
#833 = CARTESIAN_POINT('',(28.,-30.,-26.));
#834 = VECTOR('',#835,1.);
#835 = DIRECTION('',(-0.,1.,0.));
#836 = PCURVE('',#159,#837);
#837 = DEFINITIONAL_REPRESENTATION('',(#838),#842);
#838 = LINE('',#839,#840);
#839 = CARTESIAN_POINT('',(60.,0.));
#840 = VECTOR('',#841,1.);
#841 = DIRECTION('',(0.,1.));
#842 = ( GEOMETRIC_REPRESENTATION_CONTEXT(2) 
PARAMETRIC_REPRESENTATION_CONTEXT() REPRESENTATION_CONTEXT('2D SPACE',''
  ) );
#843 = PCURVE('',#326,#844);
#844 = DEFINITIONAL_REPRESENTATION('',(#845),#849);
#845 = LINE('',#846,#847);
#846 = CARTESIAN_POINT('',(1.570796326795,0.));
#847 = VECTOR('',#848,1.);
#848 = DIRECTION('',(0.,1.));
#849 = ( GEOMETRIC_REPRESENTATION_CONTEXT(2) 
PARAMETRIC_REPRESENTATION_CONTEXT() REPRESENTATION_CONTEXT('2D SPACE',''
  ) );
#850 = FACE_BOUND('',#851,.F.);
#851 = EDGE_LOOP('',(#852,#881,#907,#933));
#852 = ORIENTED_EDGE('',*,*,#853,.T.);
#853 = EDGE_CURVE('',#854,#856,#858,.T.);
#854 = VERTEX_POINT('',#855);
#855 = CARTESIAN_POINT('',(20.,-28.,-26.));
#856 = VERTEX_POINT('',#857);
#857 = CARTESIAN_POINT('',(17.,-28.,-26.));
#858 = SURFACE_CURVE('',#859,(#863,#869),.PCURVE_S1.);
#859 = LINE('',#860,#861);
#860 = CARTESIAN_POINT('',(-7.5,-28.,-26.));
#861 = VECTOR('',#862,1.);
#862 = DIRECTION('',(-1.,-0.,0.));
#863 = PCURVE('',#159,#864);
#864 = DEFINITIONAL_REPRESENTATION('',(#865),#868);
#865 = B_SPLINE_CURVE_WITH_KNOTS('',1,(#866,#867),.UNSPECIFIED.,.F.,.F.,
  (2,2),(-27.5,-24.5),.PIECEWISE_BEZIER_KNOTS.);
#866 = CARTESIAN_POINT('',(52.,2.));
#867 = CARTESIAN_POINT('',(49.,2.));
#868 = ( GEOMETRIC_REPRESENTATION_CONTEXT(2) 
PARAMETRIC_REPRESENTATION_CONTEXT() REPRESENTATION_CONTEXT('2D SPACE',''
  ) );
#869 = PCURVE('',#870,#875);
#870 = PLANE('',#871);
#871 = AXIS2_PLACEMENT_3D('',#872,#873,#874);
#872 = CARTESIAN_POINT('',(17.,-28.,-29.));
#873 = DIRECTION('',(-0.,1.,0.));
#874 = DIRECTION('',(0.,0.,1.));
#875 = DEFINITIONAL_REPRESENTATION('',(#876),#880);
#876 = LINE('',#877,#878);
#877 = CARTESIAN_POINT('',(3.,-24.5));
#878 = VECTOR('',#879,1.);
#879 = DIRECTION('',(0.,-1.));
#880 = ( GEOMETRIC_REPRESENTATION_CONTEXT(2) 
PARAMETRIC_REPRESENTATION_CONTEXT() REPRESENTATION_CONTEXT('2D SPACE',''
  ) );
#881 = ORIENTED_EDGE('',*,*,#882,.T.);
#882 = EDGE_CURVE('',#856,#883,#885,.T.);
#883 = VERTEX_POINT('',#884);
#884 = CARTESIAN_POINT('',(17.,-26.,-26.));
#885 = SURFACE_CURVE('',#886,(#890,#896),.PCURVE_S1.);
#886 = LINE('',#887,#888);
#887 = CARTESIAN_POINT('',(17.,-29.,-26.));
#888 = VECTOR('',#889,1.);
#889 = DIRECTION('',(-0.,1.,0.));
#890 = PCURVE('',#159,#891);
#891 = DEFINITIONAL_REPRESENTATION('',(#892),#895);
#892 = B_SPLINE_CURVE_WITH_KNOTS('',1,(#893,#894),.UNSPECIFIED.,.F.,.F.,
  (2,2),(1.,3.),.PIECEWISE_BEZIER_KNOTS.);
#893 = CARTESIAN_POINT('',(49.,2.));
#894 = CARTESIAN_POINT('',(49.,4.));
#895 = ( GEOMETRIC_REPRESENTATION_CONTEXT(2) 
PARAMETRIC_REPRESENTATION_CONTEXT() REPRESENTATION_CONTEXT('2D SPACE',''
  ) );
#896 = PCURVE('',#897,#902);
#897 = PLANE('',#898);
#898 = AXIS2_PLACEMENT_3D('',#899,#900,#901);
#899 = CARTESIAN_POINT('',(17.,-28.,-29.));
#900 = DIRECTION('',(1.,0.,-0.));
#901 = DIRECTION('',(0.,0.,1.));
#902 = DEFINITIONAL_REPRESENTATION('',(#903),#906);
#903 = B_SPLINE_CURVE_WITH_KNOTS('',1,(#904,#905),.UNSPECIFIED.,.F.,.F.,
  (2,2),(1.,3.),.PIECEWISE_BEZIER_KNOTS.);
#904 = CARTESIAN_POINT('',(3.,0.));
#905 = CARTESIAN_POINT('',(3.,-2.));
#906 = ( GEOMETRIC_REPRESENTATION_CONTEXT(2) 
PARAMETRIC_REPRESENTATION_CONTEXT() REPRESENTATION_CONTEXT('2D SPACE',''
  ) );
#907 = ORIENTED_EDGE('',*,*,#908,.F.);
#908 = EDGE_CURVE('',#909,#883,#911,.T.);
#909 = VERTEX_POINT('',#910);
#910 = CARTESIAN_POINT('',(20.,-26.,-26.));
#911 = SURFACE_CURVE('',#912,(#916,#922),.PCURVE_S1.);
#912 = LINE('',#913,#914);
#913 = CARTESIAN_POINT('',(-7.5,-26.,-26.));
#914 = VECTOR('',#915,1.);
#915 = DIRECTION('',(-1.,-0.,0.));
#916 = PCURVE('',#159,#917);
#917 = DEFINITIONAL_REPRESENTATION('',(#918),#921);
#918 = B_SPLINE_CURVE_WITH_KNOTS('',1,(#919,#920),.UNSPECIFIED.,.F.,.F.,
  (2,2),(-27.5,-24.5),.PIECEWISE_BEZIER_KNOTS.);
#919 = CARTESIAN_POINT('',(52.,4.));
#920 = CARTESIAN_POINT('',(49.,4.));
#921 = ( GEOMETRIC_REPRESENTATION_CONTEXT(2) 
PARAMETRIC_REPRESENTATION_CONTEXT() REPRESENTATION_CONTEXT('2D SPACE',''
  ) );
#922 = PCURVE('',#923,#928);
#923 = PLANE('',#924);
#924 = AXIS2_PLACEMENT_3D('',#925,#926,#927);
#925 = CARTESIAN_POINT('',(17.,-26.,-29.));
#926 = DIRECTION('',(-0.,1.,0.));
#927 = DIRECTION('',(0.,0.,1.));
#928 = DEFINITIONAL_REPRESENTATION('',(#929),#932);
#929 = B_SPLINE_CURVE_WITH_KNOTS('',1,(#930,#931),.UNSPECIFIED.,.F.,.F.,
  (2,2),(-27.5,-24.5),.PIECEWISE_BEZIER_KNOTS.);
#930 = CARTESIAN_POINT('',(3.,3.));
#931 = CARTESIAN_POINT('',(3.,0.));
#932 = ( GEOMETRIC_REPRESENTATION_CONTEXT(2) 
PARAMETRIC_REPRESENTATION_CONTEXT() REPRESENTATION_CONTEXT('2D SPACE',''
  ) );
#933 = ORIENTED_EDGE('',*,*,#934,.F.);
#934 = EDGE_CURVE('',#854,#909,#935,.T.);
#935 = SURFACE_CURVE('',#936,(#940,#946),.PCURVE_S1.);
#936 = LINE('',#937,#938);
#937 = CARTESIAN_POINT('',(20.,-29.,-26.));
#938 = VECTOR('',#939,1.);
#939 = DIRECTION('',(-0.,1.,0.));
#940 = PCURVE('',#159,#941);
#941 = DEFINITIONAL_REPRESENTATION('',(#942),#945);
#942 = B_SPLINE_CURVE_WITH_KNOTS('',1,(#943,#944),.UNSPECIFIED.,.F.,.F.,
  (2,2),(1.,3.),.PIECEWISE_BEZIER_KNOTS.);
#943 = CARTESIAN_POINT('',(52.,2.));
#944 = CARTESIAN_POINT('',(52.,4.));
#945 = ( GEOMETRIC_REPRESENTATION_CONTEXT(2) 
PARAMETRIC_REPRESENTATION_CONTEXT() REPRESENTATION_CONTEXT('2D SPACE',''
  ) );
#946 = PCURVE('',#947,#952);
#947 = PLANE('',#948);
#948 = AXIS2_PLACEMENT_3D('',#949,#950,#951);
#949 = CARTESIAN_POINT('',(20.,-28.,-29.));
#950 = DIRECTION('',(1.,0.,-0.));
#951 = DIRECTION('',(0.,0.,1.));
#952 = DEFINITIONAL_REPRESENTATION('',(#953),#956);
#953 = B_SPLINE_CURVE_WITH_KNOTS('',1,(#954,#955),.UNSPECIFIED.,.F.,.F.,
  (2,2),(1.,3.),.PIECEWISE_BEZIER_KNOTS.);
#954 = CARTESIAN_POINT('',(3.,0.));
#955 = CARTESIAN_POINT('',(3.,-2.));
#956 = ( GEOMETRIC_REPRESENTATION_CONTEXT(2) 
PARAMETRIC_REPRESENTATION_CONTEXT() REPRESENTATION_CONTEXT('2D SPACE',''
  ) );
#957 = FACE_BOUND('',#958,.F.);
#958 = EDGE_LOOP('',(#959,#987,#1013,#1039));
#959 = ORIENTED_EDGE('',*,*,#960,.T.);
#960 = EDGE_CURVE('',#961,#963,#965,.T.);
#961 = VERTEX_POINT('',#962);
#962 = CARTESIAN_POINT('',(-13.,-25.3,-26.));
#963 = VERTEX_POINT('',#964);
#964 = CARTESIAN_POINT('',(-25.,-25.3,-26.));
#965 = SURFACE_CURVE('',#966,(#970,#976),.PCURVE_S1.);
#966 = LINE('',#967,#968);
#967 = CARTESIAN_POINT('',(-28.5,-25.3,-26.));
#968 = VECTOR('',#969,1.);
#969 = DIRECTION('',(-1.,-0.,0.));
#970 = PCURVE('',#159,#971);
#971 = DEFINITIONAL_REPRESENTATION('',(#972),#975);
#972 = B_SPLINE_CURVE_WITH_KNOTS('',1,(#973,#974),.UNSPECIFIED.,.F.,.F.,
  (2,2),(-15.5,-3.5),.PIECEWISE_BEZIER_KNOTS.);
#973 = CARTESIAN_POINT('',(19.,4.7));
#974 = CARTESIAN_POINT('',(7.,4.7));
#975 = ( GEOMETRIC_REPRESENTATION_CONTEXT(2) 
PARAMETRIC_REPRESENTATION_CONTEXT() REPRESENTATION_CONTEXT('2D SPACE',''
  ) );
#976 = PCURVE('',#977,#982);
#977 = PLANE('',#978);
#978 = AXIS2_PLACEMENT_3D('',#979,#980,#981);
#979 = CARTESIAN_POINT('',(-25.,-25.3,-29.));
#980 = DIRECTION('',(-0.,1.,0.));
#981 = DIRECTION('',(0.,0.,1.));
#982 = DEFINITIONAL_REPRESENTATION('',(#983),#986);
#983 = B_SPLINE_CURVE_WITH_KNOTS('',1,(#984,#985),.UNSPECIFIED.,.F.,.F.,
  (2,2),(-15.5,-3.5),.PIECEWISE_BEZIER_KNOTS.);
#984 = CARTESIAN_POINT('',(3.,12.));
#985 = CARTESIAN_POINT('',(3.,0.));
#986 = ( GEOMETRIC_REPRESENTATION_CONTEXT(2) 
PARAMETRIC_REPRESENTATION_CONTEXT() REPRESENTATION_CONTEXT('2D SPACE',''
  ) );
#987 = ORIENTED_EDGE('',*,*,#988,.T.);
#988 = EDGE_CURVE('',#963,#989,#991,.T.);
#989 = VERTEX_POINT('',#990);
#990 = CARTESIAN_POINT('',(-25.,-18.3,-26.));
#991 = SURFACE_CURVE('',#992,(#996,#1002),.PCURVE_S1.);
#992 = LINE('',#993,#994);
#993 = CARTESIAN_POINT('',(-25.,-27.65,-26.));
#994 = VECTOR('',#995,1.);
#995 = DIRECTION('',(-0.,1.,0.));
#996 = PCURVE('',#159,#997);
#997 = DEFINITIONAL_REPRESENTATION('',(#998),#1001);
#998 = B_SPLINE_CURVE_WITH_KNOTS('',1,(#999,#1000),.UNSPECIFIED.,.F.,.F.
  ,(2,2),(2.35,9.35),.PIECEWISE_BEZIER_KNOTS.);
#999 = CARTESIAN_POINT('',(7.,4.7));
#1000 = CARTESIAN_POINT('',(7.,11.7));
#1001 = ( GEOMETRIC_REPRESENTATION_CONTEXT(2) 
PARAMETRIC_REPRESENTATION_CONTEXT() REPRESENTATION_CONTEXT('2D SPACE',''
  ) );
#1002 = PCURVE('',#1003,#1008);
#1003 = PLANE('',#1004);
#1004 = AXIS2_PLACEMENT_3D('',#1005,#1006,#1007);
#1005 = CARTESIAN_POINT('',(-25.,-25.3,-29.));
#1006 = DIRECTION('',(1.,0.,-0.));
#1007 = DIRECTION('',(0.,0.,1.));
#1008 = DEFINITIONAL_REPRESENTATION('',(#1009),#1012);
#1009 = B_SPLINE_CURVE_WITH_KNOTS('',1,(#1010,#1011),.UNSPECIFIED.,.F.,
  .F.,(2,2),(2.35,9.35),.PIECEWISE_BEZIER_KNOTS.);
#1010 = CARTESIAN_POINT('',(3.,0.));
#1011 = CARTESIAN_POINT('',(3.,-7.));
#1012 = ( GEOMETRIC_REPRESENTATION_CONTEXT(2) 
PARAMETRIC_REPRESENTATION_CONTEXT() REPRESENTATION_CONTEXT('2D SPACE',''
  ) );
#1013 = ORIENTED_EDGE('',*,*,#1014,.F.);
#1014 = EDGE_CURVE('',#1015,#989,#1017,.T.);
#1015 = VERTEX_POINT('',#1016);
#1016 = CARTESIAN_POINT('',(-13.,-18.3,-26.));
#1017 = SURFACE_CURVE('',#1018,(#1022,#1028),.PCURVE_S1.);
#1018 = LINE('',#1019,#1020);
#1019 = CARTESIAN_POINT('',(-28.5,-18.3,-26.));
#1020 = VECTOR('',#1021,1.);
#1021 = DIRECTION('',(-1.,-0.,0.));
#1022 = PCURVE('',#159,#1023);
#1023 = DEFINITIONAL_REPRESENTATION('',(#1024),#1027);
#1024 = B_SPLINE_CURVE_WITH_KNOTS('',1,(#1025,#1026),.UNSPECIFIED.,.F.,
  .F.,(2,2),(-15.5,-3.5),.PIECEWISE_BEZIER_KNOTS.);
#1025 = CARTESIAN_POINT('',(19.,11.7));
#1026 = CARTESIAN_POINT('',(7.,11.7));
#1027 = ( GEOMETRIC_REPRESENTATION_CONTEXT(2) 
PARAMETRIC_REPRESENTATION_CONTEXT() REPRESENTATION_CONTEXT('2D SPACE',''
  ) );
#1028 = PCURVE('',#1029,#1034);
#1029 = PLANE('',#1030);
#1030 = AXIS2_PLACEMENT_3D('',#1031,#1032,#1033);
#1031 = CARTESIAN_POINT('',(-25.,-18.3,-29.));
#1032 = DIRECTION('',(-0.,1.,0.));
#1033 = DIRECTION('',(0.,0.,1.));
#1034 = DEFINITIONAL_REPRESENTATION('',(#1035),#1038);
#1035 = B_SPLINE_CURVE_WITH_KNOTS('',1,(#1036,#1037),.UNSPECIFIED.,.F.,
  .F.,(2,2),(-15.5,-3.5),.PIECEWISE_BEZIER_KNOTS.);
#1036 = CARTESIAN_POINT('',(3.,12.));
#1037 = CARTESIAN_POINT('',(3.,0.));
#1038 = ( GEOMETRIC_REPRESENTATION_CONTEXT(2) 
PARAMETRIC_REPRESENTATION_CONTEXT() REPRESENTATION_CONTEXT('2D SPACE',''
  ) );
#1039 = ORIENTED_EDGE('',*,*,#1040,.F.);
#1040 = EDGE_CURVE('',#961,#1015,#1041,.T.);
#1041 = SURFACE_CURVE('',#1042,(#1046,#1052),.PCURVE_S1.);
#1042 = LINE('',#1043,#1044);
#1043 = CARTESIAN_POINT('',(-13.,-27.65,-26.));
#1044 = VECTOR('',#1045,1.);
#1045 = DIRECTION('',(-0.,1.,0.));
#1046 = PCURVE('',#159,#1047);
#1047 = DEFINITIONAL_REPRESENTATION('',(#1048),#1051);
#1048 = B_SPLINE_CURVE_WITH_KNOTS('',1,(#1049,#1050),.UNSPECIFIED.,.F.,
  .F.,(2,2),(2.35,9.35),.PIECEWISE_BEZIER_KNOTS.);
#1049 = CARTESIAN_POINT('',(19.,4.7));
#1050 = CARTESIAN_POINT('',(19.,11.7));
#1051 = ( GEOMETRIC_REPRESENTATION_CONTEXT(2) 
PARAMETRIC_REPRESENTATION_CONTEXT() REPRESENTATION_CONTEXT('2D SPACE',''
  ) );
#1052 = PCURVE('',#1053,#1058);
#1053 = PLANE('',#1054);
#1054 = AXIS2_PLACEMENT_3D('',#1055,#1056,#1057);
#1055 = CARTESIAN_POINT('',(-13.,-25.3,-29.));
#1056 = DIRECTION('',(1.,0.,-0.));
#1057 = DIRECTION('',(0.,0.,1.));
#1058 = DEFINITIONAL_REPRESENTATION('',(#1059),#1062);
#1059 = B_SPLINE_CURVE_WITH_KNOTS('',1,(#1060,#1061),.UNSPECIFIED.,.F.,
  .F.,(2,2),(2.35,9.35),.PIECEWISE_BEZIER_KNOTS.);
#1060 = CARTESIAN_POINT('',(3.,0.));
#1061 = CARTESIAN_POINT('',(3.,-7.));
#1062 = ( GEOMETRIC_REPRESENTATION_CONTEXT(2) 
PARAMETRIC_REPRESENTATION_CONTEXT() REPRESENTATION_CONTEXT('2D SPACE',''
  ) );
#1063 = FACE_BOUND('',#1064,.F.);
#1064 = EDGE_LOOP('',(#1065,#1093,#1119,#1145));
#1065 = ORIENTED_EDGE('',*,*,#1066,.T.);
#1066 = EDGE_CURVE('',#1067,#1069,#1071,.T.);
#1067 = VERTEX_POINT('',#1068);
#1068 = CARTESIAN_POINT('',(7.,-25.3,-26.));
#1069 = VERTEX_POINT('',#1070);
#1070 = CARTESIAN_POINT('',(-5.,-25.3,-26.));
#1071 = SURFACE_CURVE('',#1072,(#1076,#1082),.PCURVE_S1.);
#1072 = LINE('',#1073,#1074);
#1073 = CARTESIAN_POINT('',(-18.5,-25.3,-26.));
#1074 = VECTOR('',#1075,1.);
#1075 = DIRECTION('',(-1.,-0.,0.));
#1076 = PCURVE('',#159,#1077);
#1077 = DEFINITIONAL_REPRESENTATION('',(#1078),#1081);
#1078 = B_SPLINE_CURVE_WITH_KNOTS('',1,(#1079,#1080),.UNSPECIFIED.,.F.,
  .F.,(2,2),(-25.5,-13.5),.PIECEWISE_BEZIER_KNOTS.);
#1079 = CARTESIAN_POINT('',(39.,4.7));
#1080 = CARTESIAN_POINT('',(27.,4.7));
#1081 = ( GEOMETRIC_REPRESENTATION_CONTEXT(2) 
PARAMETRIC_REPRESENTATION_CONTEXT() REPRESENTATION_CONTEXT('2D SPACE',''
  ) );
#1082 = PCURVE('',#1083,#1088);
#1083 = PLANE('',#1084);
#1084 = AXIS2_PLACEMENT_3D('',#1085,#1086,#1087);
#1085 = CARTESIAN_POINT('',(-5.,-25.3,-29.));
#1086 = DIRECTION('',(-0.,1.,0.));
#1087 = DIRECTION('',(0.,0.,1.));
#1088 = DEFINITIONAL_REPRESENTATION('',(#1089),#1092);
#1089 = B_SPLINE_CURVE_WITH_KNOTS('',1,(#1090,#1091),.UNSPECIFIED.,.F.,
  .F.,(2,2),(-25.5,-13.5),.PIECEWISE_BEZIER_KNOTS.);
#1090 = CARTESIAN_POINT('',(3.,12.));
#1091 = CARTESIAN_POINT('',(3.,0.));
#1092 = ( GEOMETRIC_REPRESENTATION_CONTEXT(2) 
PARAMETRIC_REPRESENTATION_CONTEXT() REPRESENTATION_CONTEXT('2D SPACE',''
  ) );
#1093 = ORIENTED_EDGE('',*,*,#1094,.T.);
#1094 = EDGE_CURVE('',#1069,#1095,#1097,.T.);
#1095 = VERTEX_POINT('',#1096);
#1096 = CARTESIAN_POINT('',(-5.,-18.3,-26.));
#1097 = SURFACE_CURVE('',#1098,(#1102,#1108),.PCURVE_S1.);
#1098 = LINE('',#1099,#1100);
#1099 = CARTESIAN_POINT('',(-5.,-27.65,-26.));
#1100 = VECTOR('',#1101,1.);
#1101 = DIRECTION('',(-0.,1.,0.));
#1102 = PCURVE('',#159,#1103);
#1103 = DEFINITIONAL_REPRESENTATION('',(#1104),#1107);
#1104 = B_SPLINE_CURVE_WITH_KNOTS('',1,(#1105,#1106),.UNSPECIFIED.,.F.,
  .F.,(2,2),(2.35,9.35),.PIECEWISE_BEZIER_KNOTS.);
#1105 = CARTESIAN_POINT('',(27.,4.7));
#1106 = CARTESIAN_POINT('',(27.,11.7));
#1107 = ( GEOMETRIC_REPRESENTATION_CONTEXT(2) 
PARAMETRIC_REPRESENTATION_CONTEXT() REPRESENTATION_CONTEXT('2D SPACE',''
  ) );
#1108 = PCURVE('',#1109,#1114);
#1109 = PLANE('',#1110);
#1110 = AXIS2_PLACEMENT_3D('',#1111,#1112,#1113);
#1111 = CARTESIAN_POINT('',(-5.,-25.3,-29.));
#1112 = DIRECTION('',(1.,0.,-0.));
#1113 = DIRECTION('',(0.,0.,1.));
#1114 = DEFINITIONAL_REPRESENTATION('',(#1115),#1118);
#1115 = B_SPLINE_CURVE_WITH_KNOTS('',1,(#1116,#1117),.UNSPECIFIED.,.F.,
  .F.,(2,2),(2.35,9.35),.PIECEWISE_BEZIER_KNOTS.);
#1116 = CARTESIAN_POINT('',(3.,0.));
#1117 = CARTESIAN_POINT('',(3.,-7.));
#1118 = ( GEOMETRIC_REPRESENTATION_CONTEXT(2) 
PARAMETRIC_REPRESENTATION_CONTEXT() REPRESENTATION_CONTEXT('2D SPACE',''
  ) );
#1119 = ORIENTED_EDGE('',*,*,#1120,.F.);
#1120 = EDGE_CURVE('',#1121,#1095,#1123,.T.);
#1121 = VERTEX_POINT('',#1122);
#1122 = CARTESIAN_POINT('',(7.,-18.3,-26.));
#1123 = SURFACE_CURVE('',#1124,(#1128,#1134),.PCURVE_S1.);
#1124 = LINE('',#1125,#1126);
#1125 = CARTESIAN_POINT('',(-18.5,-18.3,-26.));
#1126 = VECTOR('',#1127,1.);
#1127 = DIRECTION('',(-1.,-0.,0.));
#1128 = PCURVE('',#159,#1129);
#1129 = DEFINITIONAL_REPRESENTATION('',(#1130),#1133);
#1130 = B_SPLINE_CURVE_WITH_KNOTS('',1,(#1131,#1132),.UNSPECIFIED.,.F.,
  .F.,(2,2),(-25.5,-13.5),.PIECEWISE_BEZIER_KNOTS.);
#1131 = CARTESIAN_POINT('',(39.,11.7));
#1132 = CARTESIAN_POINT('',(27.,11.7));
#1133 = ( GEOMETRIC_REPRESENTATION_CONTEXT(2) 
PARAMETRIC_REPRESENTATION_CONTEXT() REPRESENTATION_CONTEXT('2D SPACE',''
  ) );
#1134 = PCURVE('',#1135,#1140);
#1135 = PLANE('',#1136);
#1136 = AXIS2_PLACEMENT_3D('',#1137,#1138,#1139);
#1137 = CARTESIAN_POINT('',(-5.,-18.3,-29.));
#1138 = DIRECTION('',(-0.,1.,0.));
#1139 = DIRECTION('',(0.,0.,1.));
#1140 = DEFINITIONAL_REPRESENTATION('',(#1141),#1144);
#1141 = B_SPLINE_CURVE_WITH_KNOTS('',1,(#1142,#1143),.UNSPECIFIED.,.F.,
  .F.,(2,2),(-25.5,-13.5),.PIECEWISE_BEZIER_KNOTS.);
#1142 = CARTESIAN_POINT('',(3.,12.));
#1143 = CARTESIAN_POINT('',(3.,0.));
#1144 = ( GEOMETRIC_REPRESENTATION_CONTEXT(2) 
PARAMETRIC_REPRESENTATION_CONTEXT() REPRESENTATION_CONTEXT('2D SPACE',''
  ) );
#1145 = ORIENTED_EDGE('',*,*,#1146,.F.);
#1146 = EDGE_CURVE('',#1067,#1121,#1147,.T.);
#1147 = SURFACE_CURVE('',#1148,(#1152,#1158),.PCURVE_S1.);
#1148 = LINE('',#1149,#1150);
#1149 = CARTESIAN_POINT('',(7.,-27.65,-26.));
#1150 = VECTOR('',#1151,1.);
#1151 = DIRECTION('',(-0.,1.,0.));
#1152 = PCURVE('',#159,#1153);
#1153 = DEFINITIONAL_REPRESENTATION('',(#1154),#1157);
#1154 = B_SPLINE_CURVE_WITH_KNOTS('',1,(#1155,#1156),.UNSPECIFIED.,.F.,
  .F.,(2,2),(2.35,9.35),.PIECEWISE_BEZIER_KNOTS.);
#1155 = CARTESIAN_POINT('',(39.,4.7));
#1156 = CARTESIAN_POINT('',(39.,11.7));
#1157 = ( GEOMETRIC_REPRESENTATION_CONTEXT(2) 
PARAMETRIC_REPRESENTATION_CONTEXT() REPRESENTATION_CONTEXT('2D SPACE',''
  ) );
#1158 = PCURVE('',#1159,#1164);
#1159 = PLANE('',#1160);
#1160 = AXIS2_PLACEMENT_3D('',#1161,#1162,#1163);
#1161 = CARTESIAN_POINT('',(7.,-25.3,-29.));
#1162 = DIRECTION('',(1.,0.,-0.));
#1163 = DIRECTION('',(0.,0.,1.));
#1164 = DEFINITIONAL_REPRESENTATION('',(#1165),#1168);
#1165 = B_SPLINE_CURVE_WITH_KNOTS('',1,(#1166,#1167),.UNSPECIFIED.,.F.,
  .F.,(2,2),(2.35,9.35),.PIECEWISE_BEZIER_KNOTS.);
#1166 = CARTESIAN_POINT('',(3.,0.));
#1167 = CARTESIAN_POINT('',(3.,-7.));
#1168 = ( GEOMETRIC_REPRESENTATION_CONTEXT(2) 
PARAMETRIC_REPRESENTATION_CONTEXT() REPRESENTATION_CONTEXT('2D SPACE',''
  ) );
#1169 = FACE_BOUND('',#1170,.F.);
#1170 = EDGE_LOOP('',(#1171,#1199,#1225,#1251));
#1171 = ORIENTED_EDGE('',*,*,#1172,.T.);
#1172 = EDGE_CURVE('',#1173,#1175,#1177,.T.);
#1173 = VERTEX_POINT('',#1174);
#1174 = CARTESIAN_POINT('',(22.9,-19.7,-26.));
#1175 = VERTEX_POINT('',#1176);
#1176 = CARTESIAN_POINT('',(13.3,-19.7,-26.));
#1177 = SURFACE_CURVE('',#1178,(#1182,#1188),.PCURVE_S1.);
#1178 = LINE('',#1179,#1180);
#1179 = CARTESIAN_POINT('',(-9.35,-19.7,-26.));
#1180 = VECTOR('',#1181,1.);
#1181 = DIRECTION('',(-1.,-0.,0.));
#1182 = PCURVE('',#159,#1183);
#1183 = DEFINITIONAL_REPRESENTATION('',(#1184),#1187);
#1184 = B_SPLINE_CURVE_WITH_KNOTS('',1,(#1185,#1186),.UNSPECIFIED.,.F.,
  .F.,(2,2),(-32.25,-22.65),.PIECEWISE_BEZIER_KNOTS.);
#1185 = CARTESIAN_POINT('',(54.9,10.3));
#1186 = CARTESIAN_POINT('',(45.3,10.3));
#1187 = ( GEOMETRIC_REPRESENTATION_CONTEXT(2) 
PARAMETRIC_REPRESENTATION_CONTEXT() REPRESENTATION_CONTEXT('2D SPACE',''
  ) );
#1188 = PCURVE('',#1189,#1194);
#1189 = PLANE('',#1190);
#1190 = AXIS2_PLACEMENT_3D('',#1191,#1192,#1193);
#1191 = CARTESIAN_POINT('',(13.3,-19.7,-29.));
#1192 = DIRECTION('',(-0.,1.,0.));
#1193 = DIRECTION('',(0.,0.,1.));
#1194 = DEFINITIONAL_REPRESENTATION('',(#1195),#1198);
#1195 = B_SPLINE_CURVE_WITH_KNOTS('',1,(#1196,#1197),.UNSPECIFIED.,.F.,
  .F.,(2,2),(-32.25,-22.65),.PIECEWISE_BEZIER_KNOTS.);
#1196 = CARTESIAN_POINT('',(3.,9.6));
#1197 = CARTESIAN_POINT('',(3.,0.));
#1198 = ( GEOMETRIC_REPRESENTATION_CONTEXT(2) 
PARAMETRIC_REPRESENTATION_CONTEXT() REPRESENTATION_CONTEXT('2D SPACE',''
  ) );
#1199 = ORIENTED_EDGE('',*,*,#1200,.T.);
#1200 = EDGE_CURVE('',#1175,#1201,#1203,.T.);
#1201 = VERTEX_POINT('',#1202);
#1202 = CARTESIAN_POINT('',(13.3,-15.9,-26.));
#1203 = SURFACE_CURVE('',#1204,(#1208,#1214),.PCURVE_S1.);
#1204 = LINE('',#1205,#1206);
#1205 = CARTESIAN_POINT('',(13.3,-24.85,-26.));
#1206 = VECTOR('',#1207,1.);
#1207 = DIRECTION('',(-0.,1.,0.));
#1208 = PCURVE('',#159,#1209);
#1209 = DEFINITIONAL_REPRESENTATION('',(#1210),#1213);
#1210 = B_SPLINE_CURVE_WITH_KNOTS('',1,(#1211,#1212),.UNSPECIFIED.,.F.,
  .F.,(2,2),(5.15,8.95),.PIECEWISE_BEZIER_KNOTS.);
#1211 = CARTESIAN_POINT('',(45.3,10.3));
#1212 = CARTESIAN_POINT('',(45.3,14.1));
#1213 = ( GEOMETRIC_REPRESENTATION_CONTEXT(2) 
PARAMETRIC_REPRESENTATION_CONTEXT() REPRESENTATION_CONTEXT('2D SPACE',''
  ) );
#1214 = PCURVE('',#1215,#1220);
#1215 = PLANE('',#1216);
#1216 = AXIS2_PLACEMENT_3D('',#1217,#1218,#1219);
#1217 = CARTESIAN_POINT('',(13.3,-19.7,-29.));
#1218 = DIRECTION('',(1.,0.,-0.));
#1219 = DIRECTION('',(0.,0.,1.));
#1220 = DEFINITIONAL_REPRESENTATION('',(#1221),#1224);
#1221 = B_SPLINE_CURVE_WITH_KNOTS('',1,(#1222,#1223),.UNSPECIFIED.,.F.,
  .F.,(2,2),(5.15,8.95),.PIECEWISE_BEZIER_KNOTS.);
#1222 = CARTESIAN_POINT('',(3.,0.));
#1223 = CARTESIAN_POINT('',(3.,-3.8));
#1224 = ( GEOMETRIC_REPRESENTATION_CONTEXT(2) 
PARAMETRIC_REPRESENTATION_CONTEXT() REPRESENTATION_CONTEXT('2D SPACE',''
  ) );
#1225 = ORIENTED_EDGE('',*,*,#1226,.F.);
#1226 = EDGE_CURVE('',#1227,#1201,#1229,.T.);
#1227 = VERTEX_POINT('',#1228);
#1228 = CARTESIAN_POINT('',(22.9,-15.9,-26.));
#1229 = SURFACE_CURVE('',#1230,(#1234,#1240),.PCURVE_S1.);
#1230 = LINE('',#1231,#1232);
#1231 = CARTESIAN_POINT('',(-9.35,-15.9,-26.));
#1232 = VECTOR('',#1233,1.);
#1233 = DIRECTION('',(-1.,-0.,0.));
#1234 = PCURVE('',#159,#1235);
#1235 = DEFINITIONAL_REPRESENTATION('',(#1236),#1239);
#1236 = B_SPLINE_CURVE_WITH_KNOTS('',1,(#1237,#1238),.UNSPECIFIED.,.F.,
  .F.,(2,2),(-32.25,-22.65),.PIECEWISE_BEZIER_KNOTS.);
#1237 = CARTESIAN_POINT('',(54.9,14.1));
#1238 = CARTESIAN_POINT('',(45.3,14.1));
#1239 = ( GEOMETRIC_REPRESENTATION_CONTEXT(2) 
PARAMETRIC_REPRESENTATION_CONTEXT() REPRESENTATION_CONTEXT('2D SPACE',''
  ) );
#1240 = PCURVE('',#1241,#1246);
#1241 = PLANE('',#1242);
#1242 = AXIS2_PLACEMENT_3D('',#1243,#1244,#1245);
#1243 = CARTESIAN_POINT('',(13.3,-15.9,-29.));
#1244 = DIRECTION('',(-0.,1.,0.));
#1245 = DIRECTION('',(0.,0.,1.));
#1246 = DEFINITIONAL_REPRESENTATION('',(#1247),#1250);
#1247 = B_SPLINE_CURVE_WITH_KNOTS('',1,(#1248,#1249),.UNSPECIFIED.,.F.,
  .F.,(2,2),(-32.25,-22.65),.PIECEWISE_BEZIER_KNOTS.);
#1248 = CARTESIAN_POINT('',(3.,9.6));
#1249 = CARTESIAN_POINT('',(3.,0.));
#1250 = ( GEOMETRIC_REPRESENTATION_CONTEXT(2) 
PARAMETRIC_REPRESENTATION_CONTEXT() REPRESENTATION_CONTEXT('2D SPACE',''
  ) );
#1251 = ORIENTED_EDGE('',*,*,#1252,.F.);
#1252 = EDGE_CURVE('',#1173,#1227,#1253,.T.);
#1253 = SURFACE_CURVE('',#1254,(#1258,#1264),.PCURVE_S1.);
#1254 = LINE('',#1255,#1256);
#1255 = CARTESIAN_POINT('',(22.9,-24.85,-26.));
#1256 = VECTOR('',#1257,1.);
#1257 = DIRECTION('',(-0.,1.,0.));
#1258 = PCURVE('',#159,#1259);
#1259 = DEFINITIONAL_REPRESENTATION('',(#1260),#1263);
#1260 = B_SPLINE_CURVE_WITH_KNOTS('',1,(#1261,#1262),.UNSPECIFIED.,.F.,
  .F.,(2,2),(5.15,8.95),.PIECEWISE_BEZIER_KNOTS.);
#1261 = CARTESIAN_POINT('',(54.9,10.3));
#1262 = CARTESIAN_POINT('',(54.9,14.1));
#1263 = ( GEOMETRIC_REPRESENTATION_CONTEXT(2) 
PARAMETRIC_REPRESENTATION_CONTEXT() REPRESENTATION_CONTEXT('2D SPACE',''
  ) );
#1264 = PCURVE('',#1265,#1270);
#1265 = PLANE('',#1266);
#1266 = AXIS2_PLACEMENT_3D('',#1267,#1268,#1269);
#1267 = CARTESIAN_POINT('',(22.9,-19.7,-29.));
#1268 = DIRECTION('',(1.,0.,-0.));
#1269 = DIRECTION('',(0.,0.,1.));
#1270 = DEFINITIONAL_REPRESENTATION('',(#1271),#1274);
#1271 = B_SPLINE_CURVE_WITH_KNOTS('',1,(#1272,#1273),.UNSPECIFIED.,.F.,
  .F.,(2,2),(5.15,8.95),.PIECEWISE_BEZIER_KNOTS.);
#1272 = CARTESIAN_POINT('',(3.,0.));
#1273 = CARTESIAN_POINT('',(3.,-3.8));
#1274 = ( GEOMETRIC_REPRESENTATION_CONTEXT(2) 
PARAMETRIC_REPRESENTATION_CONTEXT() REPRESENTATION_CONTEXT('2D SPACE',''
  ) );
#1275 = ADVANCED_FACE('',(#1276),#326,.T.);
#1276 = FACE_BOUND('',#1277,.T.);
#1277 = EDGE_LOOP('',(#1278,#1279,#1280,#1281));
#1278 = ORIENTED_EDGE('',*,*,#311,.T.);
#1279 = ORIENTED_EDGE('',*,*,#830,.T.);
#1280 = ORIENTED_EDGE('',*,*,#580,.F.);
#1281 = ORIENTED_EDGE('',*,*,#1282,.F.);
#1282 = EDGE_CURVE('',#284,#558,#1283,.T.);
#1283 = SURFACE_CURVE('',#1284,(#1288,#1295),.PCURVE_S1.);
#1284 = LINE('',#1285,#1286);
#1285 = CARTESIAN_POINT('',(32.,-30.,-22.));
#1286 = VECTOR('',#1287,1.);
#1287 = DIRECTION('',(-0.,1.,0.));
#1288 = PCURVE('',#326,#1289);
#1289 = DEFINITIONAL_REPRESENTATION('',(#1290),#1294);
#1290 = LINE('',#1291,#1292);
#1291 = CARTESIAN_POINT('',(0.,0.));
#1292 = VECTOR('',#1293,1.);
#1293 = DIRECTION('',(0.,1.));
#1294 = ( GEOMETRIC_REPRESENTATION_CONTEXT(2) 
PARAMETRIC_REPRESENTATION_CONTEXT() REPRESENTATION_CONTEXT('2D SPACE',''
  ) );
#1295 = PCURVE('',#299,#1296);
#1296 = DEFINITIONAL_REPRESENTATION('',(#1297),#1301);
#1297 = LINE('',#1298,#1299);
#1298 = CARTESIAN_POINT('',(4.,0.));
#1299 = VECTOR('',#1300,1.);
#1300 = DIRECTION('',(0.,-1.));
#1301 = ( GEOMETRIC_REPRESENTATION_CONTEXT(2) 
PARAMETRIC_REPRESENTATION_CONTEXT() REPRESENTATION_CONTEXT('2D SPACE',''
  ) );
#1302 = ADVANCED_FACE('',(#1303),#299,.T.);
#1303 = FACE_BOUND('',#1304,.T.);
#1304 = EDGE_LOOP('',(#1305,#1306,#1307,#1308));
#1305 = ORIENTED_EDGE('',*,*,#283,.F.);
#1306 = ORIENTED_EDGE('',*,*,#1282,.T.);
#1307 = ORIENTED_EDGE('',*,*,#557,.T.);
#1308 = ORIENTED_EDGE('',*,*,#1309,.F.);
#1309 = EDGE_CURVE('',#251,#530,#1310,.T.);
#1310 = SURFACE_CURVE('',#1311,(#1315,#1322),.PCURVE_S1.);
#1311 = LINE('',#1312,#1313);
#1312 = CARTESIAN_POINT('',(32.,-30.,22.));
#1313 = VECTOR('',#1314,1.);
#1314 = DIRECTION('',(-0.,1.,0.));
#1315 = PCURVE('',#299,#1316);
#1316 = DEFINITIONAL_REPRESENTATION('',(#1317),#1321);
#1317 = LINE('',#1318,#1319);
#1318 = CARTESIAN_POINT('',(48.,0.));
#1319 = VECTOR('',#1320,1.);
#1320 = DIRECTION('',(0.,-1.));
#1321 = ( GEOMETRIC_REPRESENTATION_CONTEXT(2) 
PARAMETRIC_REPRESENTATION_CONTEXT() REPRESENTATION_CONTEXT('2D SPACE',''
  ) );
#1322 = PCURVE('',#271,#1323);
#1323 = DEFINITIONAL_REPRESENTATION('',(#1324),#1328);
#1324 = LINE('',#1325,#1326);
#1325 = CARTESIAN_POINT('',(-0.,0.));
#1326 = VECTOR('',#1327,1.);
#1327 = DIRECTION('',(-0.,1.));
#1328 = ( GEOMETRIC_REPRESENTATION_CONTEXT(2) 
PARAMETRIC_REPRESENTATION_CONTEXT() REPRESENTATION_CONTEXT('2D SPACE',''
  ) );
#1329 = ADVANCED_FACE('',(#1330),#271,.T.);
#1330 = FACE_BOUND('',#1331,.F.);
#1331 = EDGE_LOOP('',(#1332,#1333,#1354,#1355));
#1332 = ORIENTED_EDGE('',*,*,#250,.T.);
#1333 = ORIENTED_EDGE('',*,*,#1334,.T.);
#1334 = EDGE_CURVE('',#223,#507,#1335,.T.);
#1335 = SURFACE_CURVE('',#1336,(#1340,#1347),.PCURVE_S1.);
#1336 = LINE('',#1337,#1338);
#1337 = CARTESIAN_POINT('',(28.,-30.,26.));
#1338 = VECTOR('',#1339,1.);
#1339 = DIRECTION('',(-0.,1.,0.));
#1340 = PCURVE('',#271,#1341);
#1341 = DEFINITIONAL_REPRESENTATION('',(#1342),#1346);
#1342 = LINE('',#1343,#1344);
#1343 = CARTESIAN_POINT('',(-1.570796326795,0.));
#1344 = VECTOR('',#1345,1.);
#1345 = DIRECTION('',(-0.,1.));
#1346 = ( GEOMETRIC_REPRESENTATION_CONTEXT(2) 
PARAMETRIC_REPRESENTATION_CONTEXT() REPRESENTATION_CONTEXT('2D SPACE',''
  ) );
#1347 = PCURVE('',#238,#1348);
#1348 = DEFINITIONAL_REPRESENTATION('',(#1349),#1353);
#1349 = LINE('',#1350,#1351);
#1350 = CARTESIAN_POINT('',(60.,0.));
#1351 = VECTOR('',#1352,1.);
#1352 = DIRECTION('',(0.,1.));
#1353 = ( GEOMETRIC_REPRESENTATION_CONTEXT(2) 
PARAMETRIC_REPRESENTATION_CONTEXT() REPRESENTATION_CONTEXT('2D SPACE',''
  ) );
#1354 = ORIENTED_EDGE('',*,*,#529,.F.);
#1355 = ORIENTED_EDGE('',*,*,#1309,.F.);
#1356 = ADVANCED_FACE('',(#1357),#238,.T.);
#1357 = FACE_BOUND('',#1358,.T.);
#1358 = EDGE_LOOP('',(#1359,#1360,#1361,#1362));
#1359 = ORIENTED_EDGE('',*,*,#506,.F.);
#1360 = ORIENTED_EDGE('',*,*,#431,.F.);
#1361 = ORIENTED_EDGE('',*,*,#222,.T.);
#1362 = ORIENTED_EDGE('',*,*,#1334,.T.);
#1363 = ADVANCED_FACE('',(#1364),#361,.F.);
#1364 = FACE_BOUND('',#1365,.F.);
#1365 = EDGE_LOOP('',(#1366,#1367,#1390,#1416));
#1366 = ORIENTED_EDGE('',*,*,#340,.F.);
#1367 = ORIENTED_EDGE('',*,*,#1368,.F.);
#1368 = EDGE_CURVE('',#1369,#341,#1371,.T.);
#1369 = VERTEX_POINT('',#1370);
#1370 = CARTESIAN_POINT('',(23.2,-28.,20.));
#1371 = SEAM_CURVE('',#1372,(#1376,#1383),.PCURVE_S1.);
#1372 = LINE('',#1373,#1374);
#1373 = CARTESIAN_POINT('',(23.2,-27.,20.));
#1374 = VECTOR('',#1375,1.);
#1375 = DIRECTION('',(0.,-1.,2.22044604925E-16));
#1376 = PCURVE('',#361,#1377);
#1377 = DEFINITIONAL_REPRESENTATION('',(#1378),#1382);
#1378 = LINE('',#1379,#1380);
#1379 = CARTESIAN_POINT('',(6.28318530718,-0.));
#1380 = VECTOR('',#1381,1.);
#1381 = DIRECTION('',(0.,1.));
#1382 = ( GEOMETRIC_REPRESENTATION_CONTEXT(2) 
PARAMETRIC_REPRESENTATION_CONTEXT() REPRESENTATION_CONTEXT('2D SPACE',''
  ) );
#1383 = PCURVE('',#361,#1384);
#1384 = DEFINITIONAL_REPRESENTATION('',(#1385),#1389);
#1385 = LINE('',#1386,#1387);
#1386 = CARTESIAN_POINT('',(0.,-0.));
#1387 = VECTOR('',#1388,1.);
#1388 = DIRECTION('',(0.,1.));
#1389 = ( GEOMETRIC_REPRESENTATION_CONTEXT(2) 
PARAMETRIC_REPRESENTATION_CONTEXT() REPRESENTATION_CONTEXT('2D SPACE',''
  ) );
#1390 = ORIENTED_EDGE('',*,*,#1391,.T.);
#1391 = EDGE_CURVE('',#1369,#1369,#1392,.T.);
#1392 = SURFACE_CURVE('',#1393,(#1398,#1405),.PCURVE_S1.);
#1393 = CIRCLE('',#1394,2.2);
#1394 = AXIS2_PLACEMENT_3D('',#1395,#1396,#1397);
#1395 = CARTESIAN_POINT('',(21.,-28.,20.));
#1396 = DIRECTION('',(0.,-1.,2.22044604925E-16));
#1397 = DIRECTION('',(1.,0.,0.));
#1398 = PCURVE('',#361,#1399);
#1399 = DEFINITIONAL_REPRESENTATION('',(#1400),#1404);
#1400 = LINE('',#1401,#1402);
#1401 = CARTESIAN_POINT('',(0.,1.));
#1402 = VECTOR('',#1403,1.);
#1403 = DIRECTION('',(1.,0.));
#1404 = ( GEOMETRIC_REPRESENTATION_CONTEXT(2) 
PARAMETRIC_REPRESENTATION_CONTEXT() REPRESENTATION_CONTEXT('2D SPACE',''
  ) );
#1405 = PCURVE('',#870,#1406);
#1406 = DEFINITIONAL_REPRESENTATION('',(#1407),#1415);
#1407 = ( BOUNDED_CURVE() B_SPLINE_CURVE(2,(#1408,#1409,#1410,#1411,
#1412,#1413,#1414),.UNSPECIFIED.,.T.,.F.) B_SPLINE_CURVE_WITH_KNOTS((1,2
    ,2,2,2,1),(-2.094395102393,0.,2.094395102393,4.188790204786,
6.28318530718,8.377580409573),.UNSPECIFIED.) CURVE() 
GEOMETRIC_REPRESENTATION_ITEM() RATIONAL_B_SPLINE_CURVE((1.,0.5,1.,0.5,
1.,0.5,1.)) REPRESENTATION_ITEM('') );
#1408 = CARTESIAN_POINT('',(49.,6.2));
#1409 = CARTESIAN_POINT('',(52.810511776652,6.2));
#1410 = CARTESIAN_POINT('',(50.905255888326,2.9));
#1411 = CARTESIAN_POINT('',(49.,-0.4));
#1412 = CARTESIAN_POINT('',(47.094744111674,2.9));
#1413 = CARTESIAN_POINT('',(45.189488223348,6.2));
#1414 = CARTESIAN_POINT('',(49.,6.2));
#1415 = ( GEOMETRIC_REPRESENTATION_CONTEXT(2) 
PARAMETRIC_REPRESENTATION_CONTEXT() REPRESENTATION_CONTEXT('2D SPACE',''
  ) );
#1416 = ORIENTED_EDGE('',*,*,#1368,.T.);
#1417 = ADVANCED_FACE('',(#1418),#623,.F.);
#1418 = FACE_BOUND('',#1419,.F.);
#1419 = EDGE_LOOP('',(#1420,#1443,#1467,#1488));
#1420 = ORIENTED_EDGE('',*,*,#1421,.F.);
#1421 = EDGE_CURVE('',#1422,#605,#1424,.T.);
#1422 = VERTEX_POINT('',#1423);
#1423 = CARTESIAN_POINT('',(-30.,-28.,22.));
#1424 = SURFACE_CURVE('',#1425,(#1429,#1436),.PCURVE_S1.);
#1425 = LINE('',#1426,#1427);
#1426 = CARTESIAN_POINT('',(-30.,-28.,22.));
#1427 = VECTOR('',#1428,1.);
#1428 = DIRECTION('',(-0.,1.,0.));
#1429 = PCURVE('',#623,#1430);
#1430 = DEFINITIONAL_REPRESENTATION('',(#1431),#1435);
#1431 = LINE('',#1432,#1433);
#1432 = CARTESIAN_POINT('',(0.,0.));
#1433 = VECTOR('',#1434,1.);
#1434 = DIRECTION('',(0.,1.));
#1435 = ( GEOMETRIC_REPRESENTATION_CONTEXT(2) 
PARAMETRIC_REPRESENTATION_CONTEXT() REPRESENTATION_CONTEXT('2D SPACE',''
  ) );
#1436 = PCURVE('',#650,#1437);
#1437 = DEFINITIONAL_REPRESENTATION('',(#1438),#1442);
#1438 = LINE('',#1439,#1440);
#1439 = CARTESIAN_POINT('',(46.,0.));
#1440 = VECTOR('',#1441,1.);
#1441 = DIRECTION('',(0.,-1.));
#1442 = ( GEOMETRIC_REPRESENTATION_CONTEXT(2) 
PARAMETRIC_REPRESENTATION_CONTEXT() REPRESENTATION_CONTEXT('2D SPACE',''
  ) );
#1443 = ORIENTED_EDGE('',*,*,#1444,.T.);
#1444 = EDGE_CURVE('',#1422,#1445,#1447,.T.);
#1445 = VERTEX_POINT('',#1446);
#1446 = CARTESIAN_POINT('',(-28.,-28.,24.));
#1447 = SURFACE_CURVE('',#1448,(#1453,#1460),.PCURVE_S1.);
#1448 = CIRCLE('',#1449,2.);
#1449 = AXIS2_PLACEMENT_3D('',#1450,#1451,#1452);
#1450 = CARTESIAN_POINT('',(-28.,-28.,22.));
#1451 = DIRECTION('',(-0.,1.,0.));
#1452 = DIRECTION('',(0.,0.,1.));
#1453 = PCURVE('',#623,#1454);
#1454 = DEFINITIONAL_REPRESENTATION('',(#1455),#1459);
#1455 = LINE('',#1456,#1457);
#1456 = CARTESIAN_POINT('',(-4.712388980385,0.));
#1457 = VECTOR('',#1458,1.);
#1458 = DIRECTION('',(1.,0.));
#1459 = ( GEOMETRIC_REPRESENTATION_CONTEXT(2) 
PARAMETRIC_REPRESENTATION_CONTEXT() REPRESENTATION_CONTEXT('2D SPACE',''
  ) );
#1460 = PCURVE('',#870,#1461);
#1461 = DEFINITIONAL_REPRESENTATION('',(#1462),#1466);
#1462 = CIRCLE('',#1463,2.);
#1463 = AXIS2_PLACEMENT_2D('',#1464,#1465);
#1464 = CARTESIAN_POINT('',(51.,-45.));
#1465 = DIRECTION('',(1.,0.));
#1466 = ( GEOMETRIC_REPRESENTATION_CONTEXT(2) 
PARAMETRIC_REPRESENTATION_CONTEXT() REPRESENTATION_CONTEXT('2D SPACE',''
  ) );
#1467 = ORIENTED_EDGE('',*,*,#1468,.T.);
#1468 = EDGE_CURVE('',#1445,#607,#1469,.T.);
#1469 = SURFACE_CURVE('',#1470,(#1474,#1481),.PCURVE_S1.);
#1470 = LINE('',#1471,#1472);
#1471 = CARTESIAN_POINT('',(-28.,-28.,24.));
#1472 = VECTOR('',#1473,1.);
#1473 = DIRECTION('',(-0.,1.,0.));
#1474 = PCURVE('',#623,#1475);
#1475 = DEFINITIONAL_REPRESENTATION('',(#1476),#1480);
#1476 = LINE('',#1477,#1478);
#1477 = CARTESIAN_POINT('',(1.570796326795,0.));
#1478 = VECTOR('',#1479,1.);
#1479 = DIRECTION('',(0.,1.));
#1480 = ( GEOMETRIC_REPRESENTATION_CONTEXT(2) 
PARAMETRIC_REPRESENTATION_CONTEXT() REPRESENTATION_CONTEXT('2D SPACE',''
  ) );
#1481 = PCURVE('',#813,#1482);
#1482 = DEFINITIONAL_REPRESENTATION('',(#1483),#1487);
#1483 = LINE('',#1484,#1485);
#1484 = CARTESIAN_POINT('',(2.,0.));
#1485 = VECTOR('',#1486,1.);
#1486 = DIRECTION('',(0.,1.));
#1487 = ( GEOMETRIC_REPRESENTATION_CONTEXT(2) 
PARAMETRIC_REPRESENTATION_CONTEXT() REPRESENTATION_CONTEXT('2D SPACE',''
  ) );
#1488 = ORIENTED_EDGE('',*,*,#604,.F.);
#1489 = ADVANCED_FACE('',(#1490),#813,.F.);
#1490 = FACE_BOUND('',#1491,.F.);
#1491 = EDGE_LOOP('',(#1492,#1493,#1494,#1517,#1543,#1569,#1595,#1618,
    #1644,#1670,#1696,#1719));
#1492 = ORIENTED_EDGE('',*,*,#800,.F.);
#1493 = ORIENTED_EDGE('',*,*,#1468,.F.);
#1494 = ORIENTED_EDGE('',*,*,#1495,.T.);
#1495 = EDGE_CURVE('',#1445,#1496,#1498,.T.);
#1496 = VERTEX_POINT('',#1497);
#1497 = CARTESIAN_POINT('',(-20.6,-28.,24.));
#1498 = SURFACE_CURVE('',#1499,(#1503,#1510),.PCURVE_S1.);
#1499 = LINE('',#1500,#1501);
#1500 = CARTESIAN_POINT('',(-30.,-28.,24.));
#1501 = VECTOR('',#1502,1.);
#1502 = DIRECTION('',(1.,0.,-0.));
#1503 = PCURVE('',#813,#1504);
#1504 = DEFINITIONAL_REPRESENTATION('',(#1505),#1509);
#1505 = LINE('',#1506,#1507);
#1506 = CARTESIAN_POINT('',(0.,0.));
#1507 = VECTOR('',#1508,1.);
#1508 = DIRECTION('',(1.,0.));
#1509 = ( GEOMETRIC_REPRESENTATION_CONTEXT(2) 
PARAMETRIC_REPRESENTATION_CONTEXT() REPRESENTATION_CONTEXT('2D SPACE',''
  ) );
#1510 = PCURVE('',#870,#1511);
#1511 = DEFINITIONAL_REPRESENTATION('',(#1512),#1516);
#1512 = LINE('',#1513,#1514);
#1513 = CARTESIAN_POINT('',(53.,-47.));
#1514 = VECTOR('',#1515,1.);
#1515 = DIRECTION('',(0.,1.));
#1516 = ( GEOMETRIC_REPRESENTATION_CONTEXT(2) 
PARAMETRIC_REPRESENTATION_CONTEXT() REPRESENTATION_CONTEXT('2D SPACE',''
  ) );
#1517 = ORIENTED_EDGE('',*,*,#1518,.T.);
#1518 = EDGE_CURVE('',#1496,#1519,#1521,.T.);
#1519 = VERTEX_POINT('',#1520);
#1520 = CARTESIAN_POINT('',(-20.6,-21.,24.));
#1521 = SURFACE_CURVE('',#1522,(#1526,#1532),.PCURVE_S1.);
#1522 = LINE('',#1523,#1524);
#1523 = CARTESIAN_POINT('',(-20.6,-28.005,24.));
#1524 = VECTOR('',#1525,1.);
#1525 = DIRECTION('',(-0.,1.,0.));
#1526 = PCURVE('',#813,#1527);
#1527 = DEFINITIONAL_REPRESENTATION('',(#1528),#1531);
#1528 = B_SPLINE_CURVE_WITH_KNOTS('',1,(#1529,#1530),.UNSPECIFIED.,.F.,
  .F.,(2,2),(5.000000000003E-03,7.005),.PIECEWISE_BEZIER_KNOTS.);
#1529 = CARTESIAN_POINT('',(9.4,0.));
#1530 = CARTESIAN_POINT('',(9.4,7.));
#1531 = ( GEOMETRIC_REPRESENTATION_CONTEXT(2) 
PARAMETRIC_REPRESENTATION_CONTEXT() REPRESENTATION_CONTEXT('2D SPACE',''
  ) );
#1532 = PCURVE('',#1533,#1538);
#1533 = PLANE('',#1534);
#1534 = AXIS2_PLACEMENT_3D('',#1535,#1536,#1537);
#1535 = CARTESIAN_POINT('',(-20.6,-28.01,18.2));
#1536 = DIRECTION('',(1.,0.,-0.));
#1537 = DIRECTION('',(0.,0.,1.));
#1538 = DEFINITIONAL_REPRESENTATION('',(#1539),#1542);
#1539 = B_SPLINE_CURVE_WITH_KNOTS('',1,(#1540,#1541),.UNSPECIFIED.,.F.,
  .F.,(2,2),(5.000000000003E-03,7.005),.PIECEWISE_BEZIER_KNOTS.);
#1540 = CARTESIAN_POINT('',(5.8,-1.000000000001E-02));
#1541 = CARTESIAN_POINT('',(5.8,-7.01));
#1542 = ( GEOMETRIC_REPRESENTATION_CONTEXT(2) 
PARAMETRIC_REPRESENTATION_CONTEXT() REPRESENTATION_CONTEXT('2D SPACE',''
  ) );
#1543 = ORIENTED_EDGE('',*,*,#1544,.F.);
#1544 = EDGE_CURVE('',#1545,#1519,#1547,.T.);
#1545 = VERTEX_POINT('',#1546);
#1546 = CARTESIAN_POINT('',(-19.4,-21.,24.));
#1547 = SURFACE_CURVE('',#1548,(#1552,#1558),.PCURVE_S1.);
#1548 = LINE('',#1549,#1550);
#1549 = CARTESIAN_POINT('',(-25.3,-21.,24.));
#1550 = VECTOR('',#1551,1.);
#1551 = DIRECTION('',(-1.,-0.,0.));
#1552 = PCURVE('',#813,#1553);
#1553 = DEFINITIONAL_REPRESENTATION('',(#1554),#1557);
#1554 = B_SPLINE_CURVE_WITH_KNOTS('',1,(#1555,#1556),.UNSPECIFIED.,.F.,
  .F.,(2,2),(-5.9,-4.7),.PIECEWISE_BEZIER_KNOTS.);
#1555 = CARTESIAN_POINT('',(10.6,7.));
#1556 = CARTESIAN_POINT('',(9.4,7.));
#1557 = ( GEOMETRIC_REPRESENTATION_CONTEXT(2) 
PARAMETRIC_REPRESENTATION_CONTEXT() REPRESENTATION_CONTEXT('2D SPACE',''
  ) );
#1558 = PCURVE('',#1559,#1564);
#1559 = PLANE('',#1560);
#1560 = AXIS2_PLACEMENT_3D('',#1561,#1562,#1563);
#1561 = CARTESIAN_POINT('',(-20.6,-21.,18.2));
#1562 = DIRECTION('',(-0.,1.,0.));
#1563 = DIRECTION('',(0.,0.,1.));
#1564 = DEFINITIONAL_REPRESENTATION('',(#1565),#1568);
#1565 = B_SPLINE_CURVE_WITH_KNOTS('',1,(#1566,#1567),.UNSPECIFIED.,.F.,
  .F.,(2,2),(-5.9,-4.7),.PIECEWISE_BEZIER_KNOTS.);
#1566 = CARTESIAN_POINT('',(5.8,1.2));
#1567 = CARTESIAN_POINT('',(5.8,0.));
#1568 = ( GEOMETRIC_REPRESENTATION_CONTEXT(2) 
PARAMETRIC_REPRESENTATION_CONTEXT() REPRESENTATION_CONTEXT('2D SPACE',''
  ) );
#1569 = ORIENTED_EDGE('',*,*,#1570,.F.);
#1570 = EDGE_CURVE('',#1571,#1545,#1573,.T.);
#1571 = VERTEX_POINT('',#1572);
#1572 = CARTESIAN_POINT('',(-19.4,-28.,24.));
#1573 = SURFACE_CURVE('',#1574,(#1578,#1584),.PCURVE_S1.);
#1574 = LINE('',#1575,#1576);
#1575 = CARTESIAN_POINT('',(-19.4,-28.005,24.));
#1576 = VECTOR('',#1577,1.);
#1577 = DIRECTION('',(-0.,1.,0.));
#1578 = PCURVE('',#813,#1579);
#1579 = DEFINITIONAL_REPRESENTATION('',(#1580),#1583);
#1580 = B_SPLINE_CURVE_WITH_KNOTS('',1,(#1581,#1582),.UNSPECIFIED.,.F.,
  .F.,(2,2),(5.000000000003E-03,7.005),.PIECEWISE_BEZIER_KNOTS.);
#1581 = CARTESIAN_POINT('',(10.6,0.));
#1582 = CARTESIAN_POINT('',(10.6,7.));
#1583 = ( GEOMETRIC_REPRESENTATION_CONTEXT(2) 
PARAMETRIC_REPRESENTATION_CONTEXT() REPRESENTATION_CONTEXT('2D SPACE',''
  ) );
#1584 = PCURVE('',#1585,#1590);
#1585 = PLANE('',#1586);
#1586 = AXIS2_PLACEMENT_3D('',#1587,#1588,#1589);
#1587 = CARTESIAN_POINT('',(-19.4,-28.01,18.2));
#1588 = DIRECTION('',(1.,0.,-0.));
#1589 = DIRECTION('',(0.,0.,1.));
#1590 = DEFINITIONAL_REPRESENTATION('',(#1591),#1594);
#1591 = B_SPLINE_CURVE_WITH_KNOTS('',1,(#1592,#1593),.UNSPECIFIED.,.F.,
  .F.,(2,2),(5.000000000003E-03,7.005),.PIECEWISE_BEZIER_KNOTS.);
#1592 = CARTESIAN_POINT('',(5.8,-1.000000000001E-02));
#1593 = CARTESIAN_POINT('',(5.8,-7.01));
#1594 = ( GEOMETRIC_REPRESENTATION_CONTEXT(2) 
PARAMETRIC_REPRESENTATION_CONTEXT() REPRESENTATION_CONTEXT('2D SPACE',''
  ) );
#1595 = ORIENTED_EDGE('',*,*,#1596,.T.);
#1596 = EDGE_CURVE('',#1571,#1597,#1599,.T.);
#1597 = VERTEX_POINT('',#1598);
#1598 = CARTESIAN_POINT('',(1.4,-28.,24.));
#1599 = SURFACE_CURVE('',#1600,(#1604,#1611),.PCURVE_S1.);
#1600 = LINE('',#1601,#1602);
#1601 = CARTESIAN_POINT('',(-30.,-28.,24.));
#1602 = VECTOR('',#1603,1.);
#1603 = DIRECTION('',(1.,0.,-0.));
#1604 = PCURVE('',#813,#1605);
#1605 = DEFINITIONAL_REPRESENTATION('',(#1606),#1610);
#1606 = LINE('',#1607,#1608);
#1607 = CARTESIAN_POINT('',(0.,0.));
#1608 = VECTOR('',#1609,1.);
#1609 = DIRECTION('',(1.,0.));
#1610 = ( GEOMETRIC_REPRESENTATION_CONTEXT(2) 
PARAMETRIC_REPRESENTATION_CONTEXT() REPRESENTATION_CONTEXT('2D SPACE',''
  ) );
#1611 = PCURVE('',#870,#1612);
#1612 = DEFINITIONAL_REPRESENTATION('',(#1613),#1617);
#1613 = LINE('',#1614,#1615);
#1614 = CARTESIAN_POINT('',(53.,-47.));
#1615 = VECTOR('',#1616,1.);
#1616 = DIRECTION('',(0.,1.));
#1617 = ( GEOMETRIC_REPRESENTATION_CONTEXT(2) 
PARAMETRIC_REPRESENTATION_CONTEXT() REPRESENTATION_CONTEXT('2D SPACE',''
  ) );
#1618 = ORIENTED_EDGE('',*,*,#1619,.T.);
#1619 = EDGE_CURVE('',#1597,#1620,#1622,.T.);
#1620 = VERTEX_POINT('',#1621);
#1621 = CARTESIAN_POINT('',(1.4,-21.,24.));
#1622 = SURFACE_CURVE('',#1623,(#1627,#1633),.PCURVE_S1.);
#1623 = LINE('',#1624,#1625);
#1624 = CARTESIAN_POINT('',(1.4,-28.005,24.));
#1625 = VECTOR('',#1626,1.);
#1626 = DIRECTION('',(-0.,1.,0.));
#1627 = PCURVE('',#813,#1628);
#1628 = DEFINITIONAL_REPRESENTATION('',(#1629),#1632);
#1629 = B_SPLINE_CURVE_WITH_KNOTS('',1,(#1630,#1631),.UNSPECIFIED.,.F.,
  .F.,(2,2),(5.000000000003E-03,7.005),.PIECEWISE_BEZIER_KNOTS.);
#1630 = CARTESIAN_POINT('',(31.4,0.));
#1631 = CARTESIAN_POINT('',(31.4,7.));
#1632 = ( GEOMETRIC_REPRESENTATION_CONTEXT(2) 
PARAMETRIC_REPRESENTATION_CONTEXT() REPRESENTATION_CONTEXT('2D SPACE',''
  ) );
#1633 = PCURVE('',#1634,#1639);
#1634 = PLANE('',#1635);
#1635 = AXIS2_PLACEMENT_3D('',#1636,#1637,#1638);
#1636 = CARTESIAN_POINT('',(1.4,-28.01,18.2));
#1637 = DIRECTION('',(1.,0.,-0.));
#1638 = DIRECTION('',(0.,0.,1.));
#1639 = DEFINITIONAL_REPRESENTATION('',(#1640),#1643);
#1640 = B_SPLINE_CURVE_WITH_KNOTS('',1,(#1641,#1642),.UNSPECIFIED.,.F.,
  .F.,(2,2),(5.000000000003E-03,7.005),.PIECEWISE_BEZIER_KNOTS.);
#1641 = CARTESIAN_POINT('',(5.8,-1.000000000001E-02));
#1642 = CARTESIAN_POINT('',(5.8,-7.01));
#1643 = ( GEOMETRIC_REPRESENTATION_CONTEXT(2) 
PARAMETRIC_REPRESENTATION_CONTEXT() REPRESENTATION_CONTEXT('2D SPACE',''
  ) );
#1644 = ORIENTED_EDGE('',*,*,#1645,.F.);
#1645 = EDGE_CURVE('',#1646,#1620,#1648,.T.);
#1646 = VERTEX_POINT('',#1647);
#1647 = CARTESIAN_POINT('',(2.6,-21.,24.));
#1648 = SURFACE_CURVE('',#1649,(#1653,#1659),.PCURVE_S1.);
#1649 = LINE('',#1650,#1651);
#1650 = CARTESIAN_POINT('',(-14.3,-21.,24.));
#1651 = VECTOR('',#1652,1.);
#1652 = DIRECTION('',(-1.,-0.,0.));
#1653 = PCURVE('',#813,#1654);
#1654 = DEFINITIONAL_REPRESENTATION('',(#1655),#1658);
#1655 = B_SPLINE_CURVE_WITH_KNOTS('',1,(#1656,#1657),.UNSPECIFIED.,.F.,
  .F.,(2,2),(-16.9,-15.7),.PIECEWISE_BEZIER_KNOTS.);
#1656 = CARTESIAN_POINT('',(32.6,7.));
#1657 = CARTESIAN_POINT('',(31.4,7.));
#1658 = ( GEOMETRIC_REPRESENTATION_CONTEXT(2) 
PARAMETRIC_REPRESENTATION_CONTEXT() REPRESENTATION_CONTEXT('2D SPACE',''
  ) );
#1659 = PCURVE('',#1660,#1665);
#1660 = PLANE('',#1661);
#1661 = AXIS2_PLACEMENT_3D('',#1662,#1663,#1664);
#1662 = CARTESIAN_POINT('',(1.4,-21.,18.2));
#1663 = DIRECTION('',(-0.,1.,0.));
#1664 = DIRECTION('',(0.,0.,1.));
#1665 = DEFINITIONAL_REPRESENTATION('',(#1666),#1669);
#1666 = B_SPLINE_CURVE_WITH_KNOTS('',1,(#1667,#1668),.UNSPECIFIED.,.F.,
  .F.,(2,2),(-16.9,-15.7),.PIECEWISE_BEZIER_KNOTS.);
#1667 = CARTESIAN_POINT('',(5.8,1.2));
#1668 = CARTESIAN_POINT('',(5.8,0.));
#1669 = ( GEOMETRIC_REPRESENTATION_CONTEXT(2) 
PARAMETRIC_REPRESENTATION_CONTEXT() REPRESENTATION_CONTEXT('2D SPACE',''
  ) );
#1670 = ORIENTED_EDGE('',*,*,#1671,.F.);
#1671 = EDGE_CURVE('',#1672,#1646,#1674,.T.);
#1672 = VERTEX_POINT('',#1673);
#1673 = CARTESIAN_POINT('',(2.6,-28.,24.));
#1674 = SURFACE_CURVE('',#1675,(#1679,#1685),.PCURVE_S1.);
#1675 = LINE('',#1676,#1677);
#1676 = CARTESIAN_POINT('',(2.6,-28.005,24.));
#1677 = VECTOR('',#1678,1.);
#1678 = DIRECTION('',(-0.,1.,0.));
#1679 = PCURVE('',#813,#1680);
#1680 = DEFINITIONAL_REPRESENTATION('',(#1681),#1684);
#1681 = B_SPLINE_CURVE_WITH_KNOTS('',1,(#1682,#1683),.UNSPECIFIED.,.F.,
  .F.,(2,2),(5.000000000003E-03,7.005),.PIECEWISE_BEZIER_KNOTS.);
#1682 = CARTESIAN_POINT('',(32.6,0.));
#1683 = CARTESIAN_POINT('',(32.6,7.));
#1684 = ( GEOMETRIC_REPRESENTATION_CONTEXT(2) 
PARAMETRIC_REPRESENTATION_CONTEXT() REPRESENTATION_CONTEXT('2D SPACE',''
  ) );
#1685 = PCURVE('',#1686,#1691);
#1686 = PLANE('',#1687);
#1687 = AXIS2_PLACEMENT_3D('',#1688,#1689,#1690);
#1688 = CARTESIAN_POINT('',(2.6,-28.01,18.2));
#1689 = DIRECTION('',(1.,0.,-0.));
#1690 = DIRECTION('',(0.,0.,1.));
#1691 = DEFINITIONAL_REPRESENTATION('',(#1692),#1695);
#1692 = B_SPLINE_CURVE_WITH_KNOTS('',1,(#1693,#1694),.UNSPECIFIED.,.F.,
  .F.,(2,2),(5.000000000003E-03,7.005),.PIECEWISE_BEZIER_KNOTS.);
#1693 = CARTESIAN_POINT('',(5.8,-1.000000000001E-02));
#1694 = CARTESIAN_POINT('',(5.8,-7.01));
#1695 = ( GEOMETRIC_REPRESENTATION_CONTEXT(2) 
PARAMETRIC_REPRESENTATION_CONTEXT() REPRESENTATION_CONTEXT('2D SPACE',''
  ) );
#1696 = ORIENTED_EDGE('',*,*,#1697,.T.);
#1697 = EDGE_CURVE('',#1672,#1698,#1700,.T.);
#1698 = VERTEX_POINT('',#1699);
#1699 = CARTESIAN_POINT('',(28.,-28.,24.));
#1700 = SURFACE_CURVE('',#1701,(#1705,#1712),.PCURVE_S1.);
#1701 = LINE('',#1702,#1703);
#1702 = CARTESIAN_POINT('',(-30.,-28.,24.));
#1703 = VECTOR('',#1704,1.);
#1704 = DIRECTION('',(1.,0.,-0.));
#1705 = PCURVE('',#813,#1706);
#1706 = DEFINITIONAL_REPRESENTATION('',(#1707),#1711);
#1707 = LINE('',#1708,#1709);
#1708 = CARTESIAN_POINT('',(0.,0.));
#1709 = VECTOR('',#1710,1.);
#1710 = DIRECTION('',(1.,0.));
#1711 = ( GEOMETRIC_REPRESENTATION_CONTEXT(2) 
PARAMETRIC_REPRESENTATION_CONTEXT() REPRESENTATION_CONTEXT('2D SPACE',''
  ) );
#1712 = PCURVE('',#870,#1713);
#1713 = DEFINITIONAL_REPRESENTATION('',(#1714),#1718);
#1714 = LINE('',#1715,#1716);
#1715 = CARTESIAN_POINT('',(53.,-47.));
#1716 = VECTOR('',#1717,1.);
#1717 = DIRECTION('',(0.,1.));
#1718 = ( GEOMETRIC_REPRESENTATION_CONTEXT(2) 
PARAMETRIC_REPRESENTATION_CONTEXT() REPRESENTATION_CONTEXT('2D SPACE',''
  ) );
#1719 = ORIENTED_EDGE('',*,*,#1720,.T.);
#1720 = EDGE_CURVE('',#1698,#772,#1721,.T.);
#1721 = SURFACE_CURVE('',#1722,(#1726,#1733),.PCURVE_S1.);
#1722 = LINE('',#1723,#1724);
#1723 = CARTESIAN_POINT('',(28.,-28.,24.));
#1724 = VECTOR('',#1725,1.);
#1725 = DIRECTION('',(-0.,1.,0.));
#1726 = PCURVE('',#813,#1727);
#1727 = DEFINITIONAL_REPRESENTATION('',(#1728),#1732);
#1728 = LINE('',#1729,#1730);
#1729 = CARTESIAN_POINT('',(58.,0.));
#1730 = VECTOR('',#1731,1.);
#1731 = DIRECTION('',(0.,1.));
#1732 = ( GEOMETRIC_REPRESENTATION_CONTEXT(2) 
PARAMETRIC_REPRESENTATION_CONTEXT() REPRESENTATION_CONTEXT('2D SPACE',''
  ) );
#1733 = PCURVE('',#788,#1734);
#1734 = DEFINITIONAL_REPRESENTATION('',(#1735),#1739);
#1735 = LINE('',#1736,#1737);
#1736 = CARTESIAN_POINT('',(-1.570796326795,0.));
#1737 = VECTOR('',#1738,1.);
#1738 = DIRECTION('',(-0.,1.));
#1739 = ( GEOMETRIC_REPRESENTATION_CONTEXT(2) 
PARAMETRIC_REPRESENTATION_CONTEXT() REPRESENTATION_CONTEXT('2D SPACE',''
  ) );
#1740 = ADVANCED_FACE('',(#1741),#788,.F.);
#1741 = FACE_BOUND('',#1742,.T.);
#1742 = EDGE_LOOP('',(#1743,#1766,#1792,#1793));
#1743 = ORIENTED_EDGE('',*,*,#1744,.F.);
#1744 = EDGE_CURVE('',#1745,#746,#1747,.T.);
#1745 = VERTEX_POINT('',#1746);
#1746 = CARTESIAN_POINT('',(30.,-28.,22.));
#1747 = SURFACE_CURVE('',#1748,(#1752,#1759),.PCURVE_S1.);
#1748 = LINE('',#1749,#1750);
#1749 = CARTESIAN_POINT('',(30.,-28.,22.));
#1750 = VECTOR('',#1751,1.);
#1751 = DIRECTION('',(-0.,1.,0.));
#1752 = PCURVE('',#788,#1753);
#1753 = DEFINITIONAL_REPRESENTATION('',(#1754),#1758);
#1754 = LINE('',#1755,#1756);
#1755 = CARTESIAN_POINT('',(-0.,0.));
#1756 = VECTOR('',#1757,1.);
#1757 = DIRECTION('',(-0.,1.));
#1758 = ( GEOMETRIC_REPRESENTATION_CONTEXT(2) 
PARAMETRIC_REPRESENTATION_CONTEXT() REPRESENTATION_CONTEXT('2D SPACE',''
  ) );
#1759 = PCURVE('',#760,#1760);
#1760 = DEFINITIONAL_REPRESENTATION('',(#1761),#1765);
#1761 = LINE('',#1762,#1763);
#1762 = CARTESIAN_POINT('',(46.,0.));
#1763 = VECTOR('',#1764,1.);
#1764 = DIRECTION('',(0.,-1.));
#1765 = ( GEOMETRIC_REPRESENTATION_CONTEXT(2) 
PARAMETRIC_REPRESENTATION_CONTEXT() REPRESENTATION_CONTEXT('2D SPACE',''
  ) );
#1766 = ORIENTED_EDGE('',*,*,#1767,.T.);
#1767 = EDGE_CURVE('',#1745,#1698,#1768,.T.);
#1768 = SURFACE_CURVE('',#1769,(#1774,#1781),.PCURVE_S1.);
#1769 = CIRCLE('',#1770,2.);
#1770 = AXIS2_PLACEMENT_3D('',#1771,#1772,#1773);
#1771 = CARTESIAN_POINT('',(28.,-28.,22.));
#1772 = DIRECTION('',(0.,-1.,0.));
#1773 = DIRECTION('',(0.,0.,1.));
#1774 = PCURVE('',#788,#1775);
#1775 = DEFINITIONAL_REPRESENTATION('',(#1776),#1780);
#1776 = LINE('',#1777,#1778);
#1777 = CARTESIAN_POINT('',(4.712388980385,-0.));
#1778 = VECTOR('',#1779,1.);
#1779 = DIRECTION('',(-1.,0.));
#1780 = ( GEOMETRIC_REPRESENTATION_CONTEXT(2) 
PARAMETRIC_REPRESENTATION_CONTEXT() REPRESENTATION_CONTEXT('2D SPACE',''
  ) );
#1781 = PCURVE('',#870,#1782);
#1782 = DEFINITIONAL_REPRESENTATION('',(#1783),#1791);
#1783 = ( BOUNDED_CURVE() B_SPLINE_CURVE(2,(#1784,#1785,#1786,#1787,
#1788,#1789,#1790),.UNSPECIFIED.,.T.,.F.) B_SPLINE_CURVE_WITH_KNOTS((1,2
    ,2,2,2,1),(-2.094395102393,0.,2.094395102393,4.188790204786,
6.28318530718,8.377580409573),.UNSPECIFIED.) CURVE() 
GEOMETRIC_REPRESENTATION_ITEM() RATIONAL_B_SPLINE_CURVE((1.,0.5,1.,0.5,
1.,0.5,1.)) REPRESENTATION_ITEM('') );
#1784 = CARTESIAN_POINT('',(53.,11.));
#1785 = CARTESIAN_POINT('',(53.,7.535898384862));
#1786 = CARTESIAN_POINT('',(50.,9.267949192431));
#1787 = CARTESIAN_POINT('',(47.,11.));
#1788 = CARTESIAN_POINT('',(50.,12.732050807569));
#1789 = CARTESIAN_POINT('',(53.,14.464101615138));
#1790 = CARTESIAN_POINT('',(53.,11.));
#1791 = ( GEOMETRIC_REPRESENTATION_CONTEXT(2) 
PARAMETRIC_REPRESENTATION_CONTEXT() REPRESENTATION_CONTEXT('2D SPACE',''
  ) );
#1792 = ORIENTED_EDGE('',*,*,#1720,.T.);
#1793 = ORIENTED_EDGE('',*,*,#771,.T.);
#1794 = ADVANCED_FACE('',(#1795),#760,.F.);
#1795 = FACE_BOUND('',#1796,.F.);
#1796 = EDGE_LOOP('',(#1797,#1820,#1841,#1842));
#1797 = ORIENTED_EDGE('',*,*,#1798,.F.);
#1798 = EDGE_CURVE('',#1799,#1745,#1801,.T.);
#1799 = VERTEX_POINT('',#1800);
#1800 = CARTESIAN_POINT('',(30.,-28.,-22.));
#1801 = SURFACE_CURVE('',#1802,(#1806,#1813),.PCURVE_S1.);
#1802 = LINE('',#1803,#1804);
#1803 = CARTESIAN_POINT('',(30.,-28.,-24.));
#1804 = VECTOR('',#1805,1.);
#1805 = DIRECTION('',(0.,0.,1.));
#1806 = PCURVE('',#760,#1807);
#1807 = DEFINITIONAL_REPRESENTATION('',(#1808),#1812);
#1808 = LINE('',#1809,#1810);
#1809 = CARTESIAN_POINT('',(0.,0.));
#1810 = VECTOR('',#1811,1.);
#1811 = DIRECTION('',(1.,0.));
#1812 = ( GEOMETRIC_REPRESENTATION_CONTEXT(2) 
PARAMETRIC_REPRESENTATION_CONTEXT() REPRESENTATION_CONTEXT('2D SPACE',''
  ) );
#1813 = PCURVE('',#870,#1814);
#1814 = DEFINITIONAL_REPRESENTATION('',(#1815),#1819);
#1815 = LINE('',#1816,#1817);
#1816 = CARTESIAN_POINT('',(5.,13.));
#1817 = VECTOR('',#1818,1.);
#1818 = DIRECTION('',(1.,0.));
#1819 = ( GEOMETRIC_REPRESENTATION_CONTEXT(2) 
PARAMETRIC_REPRESENTATION_CONTEXT() REPRESENTATION_CONTEXT('2D SPACE',''
  ) );
#1820 = ORIENTED_EDGE('',*,*,#1821,.T.);
#1821 = EDGE_CURVE('',#1799,#717,#1822,.T.);
#1822 = SURFACE_CURVE('',#1823,(#1827,#1834),.PCURVE_S1.);
#1823 = LINE('',#1824,#1825);
#1824 = CARTESIAN_POINT('',(30.,-28.,-22.));
#1825 = VECTOR('',#1826,1.);
#1826 = DIRECTION('',(-0.,1.,0.));
#1827 = PCURVE('',#760,#1828);
#1828 = DEFINITIONAL_REPRESENTATION('',(#1829),#1833);
#1829 = LINE('',#1830,#1831);
#1830 = CARTESIAN_POINT('',(2.,0.));
#1831 = VECTOR('',#1832,1.);
#1832 = DIRECTION('',(0.,-1.));
#1833 = ( GEOMETRIC_REPRESENTATION_CONTEXT(2) 
PARAMETRIC_REPRESENTATION_CONTEXT() REPRESENTATION_CONTEXT('2D SPACE',''
  ) );
#1834 = PCURVE('',#733,#1835);
#1835 = DEFINITIONAL_REPRESENTATION('',(#1836),#1840);
#1836 = LINE('',#1837,#1838);
#1837 = CARTESIAN_POINT('',(0.,0.));
#1838 = VECTOR('',#1839,1.);
#1839 = DIRECTION('',(0.,1.));
#1840 = ( GEOMETRIC_REPRESENTATION_CONTEXT(2) 
PARAMETRIC_REPRESENTATION_CONTEXT() REPRESENTATION_CONTEXT('2D SPACE',''
  ) );
#1841 = ORIENTED_EDGE('',*,*,#745,.F.);
#1842 = ORIENTED_EDGE('',*,*,#1744,.F.);
#1843 = ADVANCED_FACE('',(#1844),#733,.F.);
#1844 = FACE_BOUND('',#1845,.F.);
#1845 = EDGE_LOOP('',(#1846,#1847,#1871,#1892));
#1846 = ORIENTED_EDGE('',*,*,#1821,.F.);
#1847 = ORIENTED_EDGE('',*,*,#1848,.T.);
#1848 = EDGE_CURVE('',#1799,#1849,#1851,.T.);
#1849 = VERTEX_POINT('',#1850);
#1850 = CARTESIAN_POINT('',(28.,-28.,-24.));
#1851 = SURFACE_CURVE('',#1852,(#1857,#1864),.PCURVE_S1.);
#1852 = CIRCLE('',#1853,2.);
#1853 = AXIS2_PLACEMENT_3D('',#1854,#1855,#1856);
#1854 = CARTESIAN_POINT('',(28.,-28.,-22.));
#1855 = DIRECTION('',(-0.,1.,0.));
#1856 = DIRECTION('',(0.,0.,1.));
#1857 = PCURVE('',#733,#1858);
#1858 = DEFINITIONAL_REPRESENTATION('',(#1859),#1863);
#1859 = LINE('',#1860,#1861);
#1860 = CARTESIAN_POINT('',(-1.570796326795,0.));
#1861 = VECTOR('',#1862,1.);
#1862 = DIRECTION('',(1.,0.));
#1863 = ( GEOMETRIC_REPRESENTATION_CONTEXT(2) 
PARAMETRIC_REPRESENTATION_CONTEXT() REPRESENTATION_CONTEXT('2D SPACE',''
  ) );
#1864 = PCURVE('',#870,#1865);
#1865 = DEFINITIONAL_REPRESENTATION('',(#1866),#1870);
#1866 = CIRCLE('',#1867,2.);
#1867 = AXIS2_PLACEMENT_2D('',#1868,#1869);
#1868 = CARTESIAN_POINT('',(7.,11.));
#1869 = DIRECTION('',(1.,0.));
#1870 = ( GEOMETRIC_REPRESENTATION_CONTEXT(2) 
PARAMETRIC_REPRESENTATION_CONTEXT() REPRESENTATION_CONTEXT('2D SPACE',''
  ) );
#1871 = ORIENTED_EDGE('',*,*,#1872,.T.);
#1872 = EDGE_CURVE('',#1849,#691,#1873,.T.);
#1873 = SURFACE_CURVE('',#1874,(#1878,#1885),.PCURVE_S1.);
#1874 = LINE('',#1875,#1876);
#1875 = CARTESIAN_POINT('',(28.,-28.,-24.));
#1876 = VECTOR('',#1877,1.);
#1877 = DIRECTION('',(-0.,1.,0.));
#1878 = PCURVE('',#733,#1879);
#1879 = DEFINITIONAL_REPRESENTATION('',(#1880),#1884);
#1880 = LINE('',#1881,#1882);
#1881 = CARTESIAN_POINT('',(1.570796326795,0.));
#1882 = VECTOR('',#1883,1.);
#1883 = DIRECTION('',(0.,1.));
#1884 = ( GEOMETRIC_REPRESENTATION_CONTEXT(2) 
PARAMETRIC_REPRESENTATION_CONTEXT() REPRESENTATION_CONTEXT('2D SPACE',''
  ) );
#1885 = PCURVE('',#705,#1886);
#1886 = DEFINITIONAL_REPRESENTATION('',(#1887),#1891);
#1887 = LINE('',#1888,#1889);
#1888 = CARTESIAN_POINT('',(58.,0.));
#1889 = VECTOR('',#1890,1.);
#1890 = DIRECTION('',(0.,1.));
#1891 = ( GEOMETRIC_REPRESENTATION_CONTEXT(2) 
PARAMETRIC_REPRESENTATION_CONTEXT() REPRESENTATION_CONTEXT('2D SPACE',''
  ) );
#1892 = ORIENTED_EDGE('',*,*,#716,.F.);
#1893 = ADVANCED_FACE('',(#1894,#2028,#2114,#2200),#705,.T.);
#1894 = FACE_BOUND('',#1895,.T.);
#1895 = EDGE_LOOP('',(#1896,#1897,#1920,#1943,#1964,#1985,#2006,#2027));
#1896 = ORIENTED_EDGE('',*,*,#690,.F.);
#1897 = ORIENTED_EDGE('',*,*,#1898,.F.);
#1898 = EDGE_CURVE('',#1899,#662,#1901,.T.);
#1899 = VERTEX_POINT('',#1900);
#1900 = CARTESIAN_POINT('',(-28.,-28.,-24.));
#1901 = SURFACE_CURVE('',#1902,(#1906,#1913),.PCURVE_S1.);
#1902 = LINE('',#1903,#1904);
#1903 = CARTESIAN_POINT('',(-28.,-28.,-24.));
#1904 = VECTOR('',#1905,1.);
#1905 = DIRECTION('',(-0.,1.,0.));
#1906 = PCURVE('',#705,#1907);
#1907 = DEFINITIONAL_REPRESENTATION('',(#1908),#1912);
#1908 = LINE('',#1909,#1910);
#1909 = CARTESIAN_POINT('',(2.,0.));
#1910 = VECTOR('',#1911,1.);
#1911 = DIRECTION('',(0.,1.));
#1912 = ( GEOMETRIC_REPRESENTATION_CONTEXT(2) 
PARAMETRIC_REPRESENTATION_CONTEXT() REPRESENTATION_CONTEXT('2D SPACE',''
  ) );
#1913 = PCURVE('',#678,#1914);
#1914 = DEFINITIONAL_REPRESENTATION('',(#1915),#1919);
#1915 = LINE('',#1916,#1917);
#1916 = CARTESIAN_POINT('',(-1.570796326795,0.));
#1917 = VECTOR('',#1918,1.);
#1918 = DIRECTION('',(-0.,1.));
#1919 = ( GEOMETRIC_REPRESENTATION_CONTEXT(2) 
PARAMETRIC_REPRESENTATION_CONTEXT() REPRESENTATION_CONTEXT('2D SPACE',''
  ) );
#1920 = ORIENTED_EDGE('',*,*,#1921,.T.);
#1921 = EDGE_CURVE('',#1899,#1922,#1924,.T.);
#1922 = VERTEX_POINT('',#1923);
#1923 = CARTESIAN_POINT('',(17.,-28.,-24.));
#1924 = SURFACE_CURVE('',#1925,(#1929,#1936),.PCURVE_S1.);
#1925 = LINE('',#1926,#1927);
#1926 = CARTESIAN_POINT('',(-30.,-28.,-24.));
#1927 = VECTOR('',#1928,1.);
#1928 = DIRECTION('',(1.,0.,-0.));
#1929 = PCURVE('',#705,#1930);
#1930 = DEFINITIONAL_REPRESENTATION('',(#1931),#1935);
#1931 = LINE('',#1932,#1933);
#1932 = CARTESIAN_POINT('',(0.,0.));
#1933 = VECTOR('',#1934,1.);
#1934 = DIRECTION('',(1.,0.));
#1935 = ( GEOMETRIC_REPRESENTATION_CONTEXT(2) 
PARAMETRIC_REPRESENTATION_CONTEXT() REPRESENTATION_CONTEXT('2D SPACE',''
  ) );
#1936 = PCURVE('',#870,#1937);
#1937 = DEFINITIONAL_REPRESENTATION('',(#1938),#1942);
#1938 = LINE('',#1939,#1940);
#1939 = CARTESIAN_POINT('',(5.,-47.));
#1940 = VECTOR('',#1941,1.);
#1941 = DIRECTION('',(0.,1.));
#1942 = ( GEOMETRIC_REPRESENTATION_CONTEXT(2) 
PARAMETRIC_REPRESENTATION_CONTEXT() REPRESENTATION_CONTEXT('2D SPACE',''
  ) );
#1943 = ORIENTED_EDGE('',*,*,#1944,.T.);
#1944 = EDGE_CURVE('',#1922,#1945,#1947,.T.);
#1945 = VERTEX_POINT('',#1946);
#1946 = CARTESIAN_POINT('',(17.,-26.,-24.));
#1947 = SURFACE_CURVE('',#1948,(#1952,#1958),.PCURVE_S1.);
#1948 = LINE('',#1949,#1950);
#1949 = CARTESIAN_POINT('',(17.,-28.,-24.));
#1950 = VECTOR('',#1951,1.);
#1951 = DIRECTION('',(-0.,1.,0.));
#1952 = PCURVE('',#705,#1953);
#1953 = DEFINITIONAL_REPRESENTATION('',(#1954),#1957);
#1954 = B_SPLINE_CURVE_WITH_KNOTS('',1,(#1955,#1956),.UNSPECIFIED.,.F.,
  .F.,(2,2),(0.,2.),.PIECEWISE_BEZIER_KNOTS.);
#1955 = CARTESIAN_POINT('',(47.,0.));
#1956 = CARTESIAN_POINT('',(47.,2.));
#1957 = ( GEOMETRIC_REPRESENTATION_CONTEXT(2) 
PARAMETRIC_REPRESENTATION_CONTEXT() REPRESENTATION_CONTEXT('2D SPACE',''
  ) );
#1958 = PCURVE('',#897,#1959);
#1959 = DEFINITIONAL_REPRESENTATION('',(#1960),#1963);
#1960 = B_SPLINE_CURVE_WITH_KNOTS('',1,(#1961,#1962),.UNSPECIFIED.,.F.,
  .F.,(2,2),(0.,2.),.PIECEWISE_BEZIER_KNOTS.);
#1961 = CARTESIAN_POINT('',(5.,0.));
#1962 = CARTESIAN_POINT('',(5.,-2.));
#1963 = ( GEOMETRIC_REPRESENTATION_CONTEXT(2) 
PARAMETRIC_REPRESENTATION_CONTEXT() REPRESENTATION_CONTEXT('2D SPACE',''
  ) );
#1964 = ORIENTED_EDGE('',*,*,#1965,.F.);
#1965 = EDGE_CURVE('',#1966,#1945,#1968,.T.);
#1966 = VERTEX_POINT('',#1967);
#1967 = CARTESIAN_POINT('',(20.,-26.,-24.));
#1968 = SURFACE_CURVE('',#1969,(#1973,#1979),.PCURVE_S1.);
#1969 = LINE('',#1970,#1971);
#1970 = CARTESIAN_POINT('',(-6.5,-26.,-24.));
#1971 = VECTOR('',#1972,1.);
#1972 = DIRECTION('',(-1.,-0.,0.));
#1973 = PCURVE('',#705,#1974);
#1974 = DEFINITIONAL_REPRESENTATION('',(#1975),#1978);
#1975 = B_SPLINE_CURVE_WITH_KNOTS('',1,(#1976,#1977),.UNSPECIFIED.,.F.,
  .F.,(2,2),(-26.5,-23.5),.PIECEWISE_BEZIER_KNOTS.);
#1976 = CARTESIAN_POINT('',(50.,2.));
#1977 = CARTESIAN_POINT('',(47.,2.));
#1978 = ( GEOMETRIC_REPRESENTATION_CONTEXT(2) 
PARAMETRIC_REPRESENTATION_CONTEXT() REPRESENTATION_CONTEXT('2D SPACE',''
  ) );
#1979 = PCURVE('',#923,#1980);
#1980 = DEFINITIONAL_REPRESENTATION('',(#1981),#1984);
#1981 = B_SPLINE_CURVE_WITH_KNOTS('',1,(#1982,#1983),.UNSPECIFIED.,.F.,
  .F.,(2,2),(-26.5,-23.5),.PIECEWISE_BEZIER_KNOTS.);
#1982 = CARTESIAN_POINT('',(5.,3.));
#1983 = CARTESIAN_POINT('',(5.,0.));
#1984 = ( GEOMETRIC_REPRESENTATION_CONTEXT(2) 
PARAMETRIC_REPRESENTATION_CONTEXT() REPRESENTATION_CONTEXT('2D SPACE',''
  ) );
#1985 = ORIENTED_EDGE('',*,*,#1986,.F.);
#1986 = EDGE_CURVE('',#1987,#1966,#1989,.T.);
#1987 = VERTEX_POINT('',#1988);
#1988 = CARTESIAN_POINT('',(20.,-28.,-24.));
#1989 = SURFACE_CURVE('',#1990,(#1994,#2000),.PCURVE_S1.);
#1990 = LINE('',#1991,#1992);
#1991 = CARTESIAN_POINT('',(20.,-28.,-24.));
#1992 = VECTOR('',#1993,1.);
#1993 = DIRECTION('',(-0.,1.,0.));
#1994 = PCURVE('',#705,#1995);
#1995 = DEFINITIONAL_REPRESENTATION('',(#1996),#1999);
#1996 = B_SPLINE_CURVE_WITH_KNOTS('',1,(#1997,#1998),.UNSPECIFIED.,.F.,
  .F.,(2,2),(0.,2.),.PIECEWISE_BEZIER_KNOTS.);
#1997 = CARTESIAN_POINT('',(50.,0.));
#1998 = CARTESIAN_POINT('',(50.,2.));
#1999 = ( GEOMETRIC_REPRESENTATION_CONTEXT(2) 
PARAMETRIC_REPRESENTATION_CONTEXT() REPRESENTATION_CONTEXT('2D SPACE',''
  ) );
#2000 = PCURVE('',#947,#2001);
#2001 = DEFINITIONAL_REPRESENTATION('',(#2002),#2005);
#2002 = B_SPLINE_CURVE_WITH_KNOTS('',1,(#2003,#2004),.UNSPECIFIED.,.F.,
  .F.,(2,2),(0.,2.),.PIECEWISE_BEZIER_KNOTS.);
#2003 = CARTESIAN_POINT('',(5.,0.));
#2004 = CARTESIAN_POINT('',(5.,-2.));
#2005 = ( GEOMETRIC_REPRESENTATION_CONTEXT(2) 
PARAMETRIC_REPRESENTATION_CONTEXT() REPRESENTATION_CONTEXT('2D SPACE',''
  ) );
#2006 = ORIENTED_EDGE('',*,*,#2007,.T.);
#2007 = EDGE_CURVE('',#1987,#1849,#2008,.T.);
#2008 = SURFACE_CURVE('',#2009,(#2013,#2020),.PCURVE_S1.);
#2009 = LINE('',#2010,#2011);
#2010 = CARTESIAN_POINT('',(-30.,-28.,-24.));
#2011 = VECTOR('',#2012,1.);
#2012 = DIRECTION('',(1.,0.,-0.));
#2013 = PCURVE('',#705,#2014);
#2014 = DEFINITIONAL_REPRESENTATION('',(#2015),#2019);
#2015 = LINE('',#2016,#2017);
#2016 = CARTESIAN_POINT('',(0.,0.));
#2017 = VECTOR('',#2018,1.);
#2018 = DIRECTION('',(1.,0.));
#2019 = ( GEOMETRIC_REPRESENTATION_CONTEXT(2) 
PARAMETRIC_REPRESENTATION_CONTEXT() REPRESENTATION_CONTEXT('2D SPACE',''
  ) );
#2020 = PCURVE('',#870,#2021);
#2021 = DEFINITIONAL_REPRESENTATION('',(#2022),#2026);
#2022 = LINE('',#2023,#2024);
#2023 = CARTESIAN_POINT('',(5.,-47.));
#2024 = VECTOR('',#2025,1.);
#2025 = DIRECTION('',(0.,1.));
#2026 = ( GEOMETRIC_REPRESENTATION_CONTEXT(2) 
PARAMETRIC_REPRESENTATION_CONTEXT() REPRESENTATION_CONTEXT('2D SPACE',''
  ) );
#2027 = ORIENTED_EDGE('',*,*,#1872,.T.);
#2028 = FACE_BOUND('',#2029,.T.);
#2029 = EDGE_LOOP('',(#2030,#2053,#2074,#2095));
#2030 = ORIENTED_EDGE('',*,*,#2031,.T.);
#2031 = EDGE_CURVE('',#2032,#2034,#2036,.T.);
#2032 = VERTEX_POINT('',#2033);
#2033 = CARTESIAN_POINT('',(-13.,-25.3,-24.));
#2034 = VERTEX_POINT('',#2035);
#2035 = CARTESIAN_POINT('',(-25.,-25.3,-24.));
#2036 = SURFACE_CURVE('',#2037,(#2041,#2047),.PCURVE_S1.);
#2037 = LINE('',#2038,#2039);
#2038 = CARTESIAN_POINT('',(-27.5,-25.3,-24.));
#2039 = VECTOR('',#2040,1.);
#2040 = DIRECTION('',(-1.,-0.,0.));
#2041 = PCURVE('',#705,#2042);
#2042 = DEFINITIONAL_REPRESENTATION('',(#2043),#2046);
#2043 = B_SPLINE_CURVE_WITH_KNOTS('',1,(#2044,#2045),.UNSPECIFIED.,.F.,
  .F.,(2,2),(-14.5,-2.5),.PIECEWISE_BEZIER_KNOTS.);
#2044 = CARTESIAN_POINT('',(17.,2.7));
#2045 = CARTESIAN_POINT('',(5.,2.7));
#2046 = ( GEOMETRIC_REPRESENTATION_CONTEXT(2) 
PARAMETRIC_REPRESENTATION_CONTEXT() REPRESENTATION_CONTEXT('2D SPACE',''
  ) );
#2047 = PCURVE('',#977,#2048);
#2048 = DEFINITIONAL_REPRESENTATION('',(#2049),#2052);
#2049 = B_SPLINE_CURVE_WITH_KNOTS('',1,(#2050,#2051),.UNSPECIFIED.,.F.,
  .F.,(2,2),(-14.5,-2.5),.PIECEWISE_BEZIER_KNOTS.);
#2050 = CARTESIAN_POINT('',(5.,12.));
#2051 = CARTESIAN_POINT('',(5.,0.));
#2052 = ( GEOMETRIC_REPRESENTATION_CONTEXT(2) 
PARAMETRIC_REPRESENTATION_CONTEXT() REPRESENTATION_CONTEXT('2D SPACE',''
  ) );
#2053 = ORIENTED_EDGE('',*,*,#2054,.T.);
#2054 = EDGE_CURVE('',#2034,#2055,#2057,.T.);
#2055 = VERTEX_POINT('',#2056);
#2056 = CARTESIAN_POINT('',(-25.,-18.3,-24.));
#2057 = SURFACE_CURVE('',#2058,(#2062,#2068),.PCURVE_S1.);
#2058 = LINE('',#2059,#2060);
#2059 = CARTESIAN_POINT('',(-25.,-26.65,-24.));
#2060 = VECTOR('',#2061,1.);
#2061 = DIRECTION('',(-0.,1.,0.));
#2062 = PCURVE('',#705,#2063);
#2063 = DEFINITIONAL_REPRESENTATION('',(#2064),#2067);
#2064 = B_SPLINE_CURVE_WITH_KNOTS('',1,(#2065,#2066),.UNSPECIFIED.,.F.,
  .F.,(2,2),(1.35,8.35),.PIECEWISE_BEZIER_KNOTS.);
#2065 = CARTESIAN_POINT('',(5.,2.7));
#2066 = CARTESIAN_POINT('',(5.,9.7));
#2067 = ( GEOMETRIC_REPRESENTATION_CONTEXT(2) 
PARAMETRIC_REPRESENTATION_CONTEXT() REPRESENTATION_CONTEXT('2D SPACE',''
  ) );
#2068 = PCURVE('',#1003,#2069);
#2069 = DEFINITIONAL_REPRESENTATION('',(#2070),#2073);
#2070 = B_SPLINE_CURVE_WITH_KNOTS('',1,(#2071,#2072),.UNSPECIFIED.,.F.,
  .F.,(2,2),(1.35,8.35),.PIECEWISE_BEZIER_KNOTS.);
#2071 = CARTESIAN_POINT('',(5.,0.));
#2072 = CARTESIAN_POINT('',(5.,-7.));
#2073 = ( GEOMETRIC_REPRESENTATION_CONTEXT(2) 
PARAMETRIC_REPRESENTATION_CONTEXT() REPRESENTATION_CONTEXT('2D SPACE',''
  ) );
#2074 = ORIENTED_EDGE('',*,*,#2075,.F.);
#2075 = EDGE_CURVE('',#2076,#2055,#2078,.T.);
#2076 = VERTEX_POINT('',#2077);
#2077 = CARTESIAN_POINT('',(-13.,-18.3,-24.));
#2078 = SURFACE_CURVE('',#2079,(#2083,#2089),.PCURVE_S1.);
#2079 = LINE('',#2080,#2081);
#2080 = CARTESIAN_POINT('',(-27.5,-18.3,-24.));
#2081 = VECTOR('',#2082,1.);
#2082 = DIRECTION('',(-1.,-0.,0.));
#2083 = PCURVE('',#705,#2084);
#2084 = DEFINITIONAL_REPRESENTATION('',(#2085),#2088);
#2085 = B_SPLINE_CURVE_WITH_KNOTS('',1,(#2086,#2087),.UNSPECIFIED.,.F.,
  .F.,(2,2),(-14.5,-2.5),.PIECEWISE_BEZIER_KNOTS.);
#2086 = CARTESIAN_POINT('',(17.,9.7));
#2087 = CARTESIAN_POINT('',(5.,9.7));
#2088 = ( GEOMETRIC_REPRESENTATION_CONTEXT(2) 
PARAMETRIC_REPRESENTATION_CONTEXT() REPRESENTATION_CONTEXT('2D SPACE',''
  ) );
#2089 = PCURVE('',#1029,#2090);
#2090 = DEFINITIONAL_REPRESENTATION('',(#2091),#2094);
#2091 = B_SPLINE_CURVE_WITH_KNOTS('',1,(#2092,#2093),.UNSPECIFIED.,.F.,
  .F.,(2,2),(-14.5,-2.5),.PIECEWISE_BEZIER_KNOTS.);
#2092 = CARTESIAN_POINT('',(5.,12.));
#2093 = CARTESIAN_POINT('',(5.,0.));
#2094 = ( GEOMETRIC_REPRESENTATION_CONTEXT(2) 
PARAMETRIC_REPRESENTATION_CONTEXT() REPRESENTATION_CONTEXT('2D SPACE',''
  ) );
#2095 = ORIENTED_EDGE('',*,*,#2096,.F.);
#2096 = EDGE_CURVE('',#2032,#2076,#2097,.T.);
#2097 = SURFACE_CURVE('',#2098,(#2102,#2108),.PCURVE_S1.);
#2098 = LINE('',#2099,#2100);
#2099 = CARTESIAN_POINT('',(-13.,-26.65,-24.));
#2100 = VECTOR('',#2101,1.);
#2101 = DIRECTION('',(-0.,1.,0.));
#2102 = PCURVE('',#705,#2103);
#2103 = DEFINITIONAL_REPRESENTATION('',(#2104),#2107);
#2104 = B_SPLINE_CURVE_WITH_KNOTS('',1,(#2105,#2106),.UNSPECIFIED.,.F.,
  .F.,(2,2),(1.35,8.35),.PIECEWISE_BEZIER_KNOTS.);
#2105 = CARTESIAN_POINT('',(17.,2.7));
#2106 = CARTESIAN_POINT('',(17.,9.7));
#2107 = ( GEOMETRIC_REPRESENTATION_CONTEXT(2) 
PARAMETRIC_REPRESENTATION_CONTEXT() REPRESENTATION_CONTEXT('2D SPACE',''
  ) );
#2108 = PCURVE('',#1053,#2109);
#2109 = DEFINITIONAL_REPRESENTATION('',(#2110),#2113);
#2110 = B_SPLINE_CURVE_WITH_KNOTS('',1,(#2111,#2112),.UNSPECIFIED.,.F.,
  .F.,(2,2),(1.35,8.35),.PIECEWISE_BEZIER_KNOTS.);
#2111 = CARTESIAN_POINT('',(5.,0.));
#2112 = CARTESIAN_POINT('',(5.,-7.));
#2113 = ( GEOMETRIC_REPRESENTATION_CONTEXT(2) 
PARAMETRIC_REPRESENTATION_CONTEXT() REPRESENTATION_CONTEXT('2D SPACE',''
  ) );
#2114 = FACE_BOUND('',#2115,.T.);
#2115 = EDGE_LOOP('',(#2116,#2139,#2160,#2181));
#2116 = ORIENTED_EDGE('',*,*,#2117,.T.);
#2117 = EDGE_CURVE('',#2118,#2120,#2122,.T.);
#2118 = VERTEX_POINT('',#2119);
#2119 = CARTESIAN_POINT('',(7.,-25.3,-24.));
#2120 = VERTEX_POINT('',#2121);
#2121 = CARTESIAN_POINT('',(-5.,-25.3,-24.));
#2122 = SURFACE_CURVE('',#2123,(#2127,#2133),.PCURVE_S1.);
#2123 = LINE('',#2124,#2125);
#2124 = CARTESIAN_POINT('',(-17.5,-25.3,-24.));
#2125 = VECTOR('',#2126,1.);
#2126 = DIRECTION('',(-1.,-0.,0.));
#2127 = PCURVE('',#705,#2128);
#2128 = DEFINITIONAL_REPRESENTATION('',(#2129),#2132);
#2129 = B_SPLINE_CURVE_WITH_KNOTS('',1,(#2130,#2131),.UNSPECIFIED.,.F.,
  .F.,(2,2),(-24.5,-12.5),.PIECEWISE_BEZIER_KNOTS.);
#2130 = CARTESIAN_POINT('',(37.,2.7));
#2131 = CARTESIAN_POINT('',(25.,2.7));
#2132 = ( GEOMETRIC_REPRESENTATION_CONTEXT(2) 
PARAMETRIC_REPRESENTATION_CONTEXT() REPRESENTATION_CONTEXT('2D SPACE',''
  ) );
#2133 = PCURVE('',#1083,#2134);
#2134 = DEFINITIONAL_REPRESENTATION('',(#2135),#2138);
#2135 = B_SPLINE_CURVE_WITH_KNOTS('',1,(#2136,#2137),.UNSPECIFIED.,.F.,
  .F.,(2,2),(-24.5,-12.5),.PIECEWISE_BEZIER_KNOTS.);
#2136 = CARTESIAN_POINT('',(5.,12.));
#2137 = CARTESIAN_POINT('',(5.,0.));
#2138 = ( GEOMETRIC_REPRESENTATION_CONTEXT(2) 
PARAMETRIC_REPRESENTATION_CONTEXT() REPRESENTATION_CONTEXT('2D SPACE',''
  ) );
#2139 = ORIENTED_EDGE('',*,*,#2140,.T.);
#2140 = EDGE_CURVE('',#2120,#2141,#2143,.T.);
#2141 = VERTEX_POINT('',#2142);
#2142 = CARTESIAN_POINT('',(-5.,-18.3,-24.));
#2143 = SURFACE_CURVE('',#2144,(#2148,#2154),.PCURVE_S1.);
#2144 = LINE('',#2145,#2146);
#2145 = CARTESIAN_POINT('',(-5.,-26.65,-24.));
#2146 = VECTOR('',#2147,1.);
#2147 = DIRECTION('',(-0.,1.,0.));
#2148 = PCURVE('',#705,#2149);
#2149 = DEFINITIONAL_REPRESENTATION('',(#2150),#2153);
#2150 = B_SPLINE_CURVE_WITH_KNOTS('',1,(#2151,#2152),.UNSPECIFIED.,.F.,
  .F.,(2,2),(1.35,8.35),.PIECEWISE_BEZIER_KNOTS.);
#2151 = CARTESIAN_POINT('',(25.,2.7));
#2152 = CARTESIAN_POINT('',(25.,9.7));
#2153 = ( GEOMETRIC_REPRESENTATION_CONTEXT(2) 
PARAMETRIC_REPRESENTATION_CONTEXT() REPRESENTATION_CONTEXT('2D SPACE',''
  ) );
#2154 = PCURVE('',#1109,#2155);
#2155 = DEFINITIONAL_REPRESENTATION('',(#2156),#2159);
#2156 = B_SPLINE_CURVE_WITH_KNOTS('',1,(#2157,#2158),.UNSPECIFIED.,.F.,
  .F.,(2,2),(1.35,8.35),.PIECEWISE_BEZIER_KNOTS.);
#2157 = CARTESIAN_POINT('',(5.,0.));
#2158 = CARTESIAN_POINT('',(5.,-7.));
#2159 = ( GEOMETRIC_REPRESENTATION_CONTEXT(2) 
PARAMETRIC_REPRESENTATION_CONTEXT() REPRESENTATION_CONTEXT('2D SPACE',''
  ) );
#2160 = ORIENTED_EDGE('',*,*,#2161,.F.);
#2161 = EDGE_CURVE('',#2162,#2141,#2164,.T.);
#2162 = VERTEX_POINT('',#2163);
#2163 = CARTESIAN_POINT('',(7.,-18.3,-24.));
#2164 = SURFACE_CURVE('',#2165,(#2169,#2175),.PCURVE_S1.);
#2165 = LINE('',#2166,#2167);
#2166 = CARTESIAN_POINT('',(-17.5,-18.3,-24.));
#2167 = VECTOR('',#2168,1.);
#2168 = DIRECTION('',(-1.,-0.,0.));
#2169 = PCURVE('',#705,#2170);
#2170 = DEFINITIONAL_REPRESENTATION('',(#2171),#2174);
#2171 = B_SPLINE_CURVE_WITH_KNOTS('',1,(#2172,#2173),.UNSPECIFIED.,.F.,
  .F.,(2,2),(-24.5,-12.5),.PIECEWISE_BEZIER_KNOTS.);
#2172 = CARTESIAN_POINT('',(37.,9.7));
#2173 = CARTESIAN_POINT('',(25.,9.7));
#2174 = ( GEOMETRIC_REPRESENTATION_CONTEXT(2) 
PARAMETRIC_REPRESENTATION_CONTEXT() REPRESENTATION_CONTEXT('2D SPACE',''
  ) );
#2175 = PCURVE('',#1135,#2176);
#2176 = DEFINITIONAL_REPRESENTATION('',(#2177),#2180);
#2177 = B_SPLINE_CURVE_WITH_KNOTS('',1,(#2178,#2179),.UNSPECIFIED.,.F.,
  .F.,(2,2),(-24.5,-12.5),.PIECEWISE_BEZIER_KNOTS.);
#2178 = CARTESIAN_POINT('',(5.,12.));
#2179 = CARTESIAN_POINT('',(5.,0.));
#2180 = ( GEOMETRIC_REPRESENTATION_CONTEXT(2) 
PARAMETRIC_REPRESENTATION_CONTEXT() REPRESENTATION_CONTEXT('2D SPACE',''
  ) );
#2181 = ORIENTED_EDGE('',*,*,#2182,.F.);
#2182 = EDGE_CURVE('',#2118,#2162,#2183,.T.);
#2183 = SURFACE_CURVE('',#2184,(#2188,#2194),.PCURVE_S1.);
#2184 = LINE('',#2185,#2186);
#2185 = CARTESIAN_POINT('',(7.,-26.65,-24.));
#2186 = VECTOR('',#2187,1.);
#2187 = DIRECTION('',(-0.,1.,0.));
#2188 = PCURVE('',#705,#2189);
#2189 = DEFINITIONAL_REPRESENTATION('',(#2190),#2193);
#2190 = B_SPLINE_CURVE_WITH_KNOTS('',1,(#2191,#2192),.UNSPECIFIED.,.F.,
  .F.,(2,2),(1.35,8.35),.PIECEWISE_BEZIER_KNOTS.);
#2191 = CARTESIAN_POINT('',(37.,2.7));
#2192 = CARTESIAN_POINT('',(37.,9.7));
#2193 = ( GEOMETRIC_REPRESENTATION_CONTEXT(2) 
PARAMETRIC_REPRESENTATION_CONTEXT() REPRESENTATION_CONTEXT('2D SPACE',''
  ) );
#2194 = PCURVE('',#1159,#2195);
#2195 = DEFINITIONAL_REPRESENTATION('',(#2196),#2199);
#2196 = B_SPLINE_CURVE_WITH_KNOTS('',1,(#2197,#2198),.UNSPECIFIED.,.F.,
  .F.,(2,2),(1.35,8.35),.PIECEWISE_BEZIER_KNOTS.);
#2197 = CARTESIAN_POINT('',(5.,0.));
#2198 = CARTESIAN_POINT('',(5.,-7.));
#2199 = ( GEOMETRIC_REPRESENTATION_CONTEXT(2) 
PARAMETRIC_REPRESENTATION_CONTEXT() REPRESENTATION_CONTEXT('2D SPACE',''
  ) );
#2200 = FACE_BOUND('',#2201,.T.);
#2201 = EDGE_LOOP('',(#2202,#2225,#2246,#2267));
#2202 = ORIENTED_EDGE('',*,*,#2203,.T.);
#2203 = EDGE_CURVE('',#2204,#2206,#2208,.T.);
#2204 = VERTEX_POINT('',#2205);
#2205 = CARTESIAN_POINT('',(22.9,-19.7,-24.));
#2206 = VERTEX_POINT('',#2207);
#2207 = CARTESIAN_POINT('',(13.3,-19.7,-24.));
#2208 = SURFACE_CURVE('',#2209,(#2213,#2219),.PCURVE_S1.);
#2209 = LINE('',#2210,#2211);
#2210 = CARTESIAN_POINT('',(-8.35,-19.7,-24.));
#2211 = VECTOR('',#2212,1.);
#2212 = DIRECTION('',(-1.,-0.,0.));
#2213 = PCURVE('',#705,#2214);
#2214 = DEFINITIONAL_REPRESENTATION('',(#2215),#2218);
#2215 = B_SPLINE_CURVE_WITH_KNOTS('',1,(#2216,#2217),.UNSPECIFIED.,.F.,
  .F.,(2,2),(-31.25,-21.65),.PIECEWISE_BEZIER_KNOTS.);
#2216 = CARTESIAN_POINT('',(52.9,8.3));
#2217 = CARTESIAN_POINT('',(43.3,8.3));
#2218 = ( GEOMETRIC_REPRESENTATION_CONTEXT(2) 
PARAMETRIC_REPRESENTATION_CONTEXT() REPRESENTATION_CONTEXT('2D SPACE',''
  ) );
#2219 = PCURVE('',#1189,#2220);
#2220 = DEFINITIONAL_REPRESENTATION('',(#2221),#2224);
#2221 = B_SPLINE_CURVE_WITH_KNOTS('',1,(#2222,#2223),.UNSPECIFIED.,.F.,
  .F.,(2,2),(-31.25,-21.65),.PIECEWISE_BEZIER_KNOTS.);
#2222 = CARTESIAN_POINT('',(5.,9.6));
#2223 = CARTESIAN_POINT('',(5.,0.));
#2224 = ( GEOMETRIC_REPRESENTATION_CONTEXT(2) 
PARAMETRIC_REPRESENTATION_CONTEXT() REPRESENTATION_CONTEXT('2D SPACE',''
  ) );
#2225 = ORIENTED_EDGE('',*,*,#2226,.T.);
#2226 = EDGE_CURVE('',#2206,#2227,#2229,.T.);
#2227 = VERTEX_POINT('',#2228);
#2228 = CARTESIAN_POINT('',(13.3,-15.9,-24.));
#2229 = SURFACE_CURVE('',#2230,(#2234,#2240),.PCURVE_S1.);
#2230 = LINE('',#2231,#2232);
#2231 = CARTESIAN_POINT('',(13.3,-23.85,-24.));
#2232 = VECTOR('',#2233,1.);
#2233 = DIRECTION('',(-0.,1.,0.));
#2234 = PCURVE('',#705,#2235);
#2235 = DEFINITIONAL_REPRESENTATION('',(#2236),#2239);
#2236 = B_SPLINE_CURVE_WITH_KNOTS('',1,(#2237,#2238),.UNSPECIFIED.,.F.,
  .F.,(2,2),(4.15,7.95),.PIECEWISE_BEZIER_KNOTS.);
#2237 = CARTESIAN_POINT('',(43.3,8.3));
#2238 = CARTESIAN_POINT('',(43.3,12.1));
#2239 = ( GEOMETRIC_REPRESENTATION_CONTEXT(2) 
PARAMETRIC_REPRESENTATION_CONTEXT() REPRESENTATION_CONTEXT('2D SPACE',''
  ) );
#2240 = PCURVE('',#1215,#2241);
#2241 = DEFINITIONAL_REPRESENTATION('',(#2242),#2245);
#2242 = B_SPLINE_CURVE_WITH_KNOTS('',1,(#2243,#2244),.UNSPECIFIED.,.F.,
  .F.,(2,2),(4.15,7.95),.PIECEWISE_BEZIER_KNOTS.);
#2243 = CARTESIAN_POINT('',(5.,0.));
#2244 = CARTESIAN_POINT('',(5.,-3.8));
#2245 = ( GEOMETRIC_REPRESENTATION_CONTEXT(2) 
PARAMETRIC_REPRESENTATION_CONTEXT() REPRESENTATION_CONTEXT('2D SPACE',''
  ) );
#2246 = ORIENTED_EDGE('',*,*,#2247,.F.);
#2247 = EDGE_CURVE('',#2248,#2227,#2250,.T.);
#2248 = VERTEX_POINT('',#2249);
#2249 = CARTESIAN_POINT('',(22.9,-15.9,-24.));
#2250 = SURFACE_CURVE('',#2251,(#2255,#2261),.PCURVE_S1.);
#2251 = LINE('',#2252,#2253);
#2252 = CARTESIAN_POINT('',(-8.35,-15.9,-24.));
#2253 = VECTOR('',#2254,1.);
#2254 = DIRECTION('',(-1.,-0.,0.));
#2255 = PCURVE('',#705,#2256);
#2256 = DEFINITIONAL_REPRESENTATION('',(#2257),#2260);
#2257 = B_SPLINE_CURVE_WITH_KNOTS('',1,(#2258,#2259),.UNSPECIFIED.,.F.,
  .F.,(2,2),(-31.25,-21.65),.PIECEWISE_BEZIER_KNOTS.);
#2258 = CARTESIAN_POINT('',(52.9,12.1));
#2259 = CARTESIAN_POINT('',(43.3,12.1));
#2260 = ( GEOMETRIC_REPRESENTATION_CONTEXT(2) 
PARAMETRIC_REPRESENTATION_CONTEXT() REPRESENTATION_CONTEXT('2D SPACE',''
  ) );
#2261 = PCURVE('',#1241,#2262);
#2262 = DEFINITIONAL_REPRESENTATION('',(#2263),#2266);
#2263 = B_SPLINE_CURVE_WITH_KNOTS('',1,(#2264,#2265),.UNSPECIFIED.,.F.,
  .F.,(2,2),(-31.25,-21.65),.PIECEWISE_BEZIER_KNOTS.);
#2264 = CARTESIAN_POINT('',(5.,9.6));
#2265 = CARTESIAN_POINT('',(5.,0.));
#2266 = ( GEOMETRIC_REPRESENTATION_CONTEXT(2) 
PARAMETRIC_REPRESENTATION_CONTEXT() REPRESENTATION_CONTEXT('2D SPACE',''
  ) );
#2267 = ORIENTED_EDGE('',*,*,#2268,.F.);
#2268 = EDGE_CURVE('',#2204,#2248,#2269,.T.);
#2269 = SURFACE_CURVE('',#2270,(#2274,#2280),.PCURVE_S1.);
#2270 = LINE('',#2271,#2272);
#2271 = CARTESIAN_POINT('',(22.9,-23.85,-24.));
#2272 = VECTOR('',#2273,1.);
#2273 = DIRECTION('',(-0.,1.,0.));
#2274 = PCURVE('',#705,#2275);
#2275 = DEFINITIONAL_REPRESENTATION('',(#2276),#2279);
#2276 = B_SPLINE_CURVE_WITH_KNOTS('',1,(#2277,#2278),.UNSPECIFIED.,.F.,
  .F.,(2,2),(4.15,7.95),.PIECEWISE_BEZIER_KNOTS.);
#2277 = CARTESIAN_POINT('',(52.9,8.3));
#2278 = CARTESIAN_POINT('',(52.9,12.1));
#2279 = ( GEOMETRIC_REPRESENTATION_CONTEXT(2) 
PARAMETRIC_REPRESENTATION_CONTEXT() REPRESENTATION_CONTEXT('2D SPACE',''
  ) );
#2280 = PCURVE('',#1265,#2281);
#2281 = DEFINITIONAL_REPRESENTATION('',(#2282),#2285);
#2282 = B_SPLINE_CURVE_WITH_KNOTS('',1,(#2283,#2284),.UNSPECIFIED.,.F.,
  .F.,(2,2),(4.15,7.95),.PIECEWISE_BEZIER_KNOTS.);
#2283 = CARTESIAN_POINT('',(5.,0.));
#2284 = CARTESIAN_POINT('',(5.,-3.8));
#2285 = ( GEOMETRIC_REPRESENTATION_CONTEXT(2) 
PARAMETRIC_REPRESENTATION_CONTEXT() REPRESENTATION_CONTEXT('2D SPACE',''
  ) );
#2286 = ADVANCED_FACE('',(#2287),#678,.F.);
#2287 = FACE_BOUND('',#2288,.T.);
#2288 = EDGE_LOOP('',(#2289,#2312,#2338,#2339));
#2289 = ORIENTED_EDGE('',*,*,#2290,.F.);
#2290 = EDGE_CURVE('',#2291,#636,#2293,.T.);
#2291 = VERTEX_POINT('',#2292);
#2292 = CARTESIAN_POINT('',(-30.,-28.,-22.));
#2293 = SURFACE_CURVE('',#2294,(#2298,#2305),.PCURVE_S1.);
#2294 = LINE('',#2295,#2296);
#2295 = CARTESIAN_POINT('',(-30.,-28.,-22.));
#2296 = VECTOR('',#2297,1.);
#2297 = DIRECTION('',(-0.,1.,0.));
#2298 = PCURVE('',#678,#2299);
#2299 = DEFINITIONAL_REPRESENTATION('',(#2300),#2304);
#2300 = LINE('',#2301,#2302);
#2301 = CARTESIAN_POINT('',(-0.,0.));
#2302 = VECTOR('',#2303,1.);
#2303 = DIRECTION('',(-0.,1.));
#2304 = ( GEOMETRIC_REPRESENTATION_CONTEXT(2) 
PARAMETRIC_REPRESENTATION_CONTEXT() REPRESENTATION_CONTEXT('2D SPACE',''
  ) );
#2305 = PCURVE('',#650,#2306);
#2306 = DEFINITIONAL_REPRESENTATION('',(#2307),#2311);
#2307 = LINE('',#2308,#2309);
#2308 = CARTESIAN_POINT('',(2.,0.));
#2309 = VECTOR('',#2310,1.);
#2310 = DIRECTION('',(0.,-1.));
#2311 = ( GEOMETRIC_REPRESENTATION_CONTEXT(2) 
PARAMETRIC_REPRESENTATION_CONTEXT() REPRESENTATION_CONTEXT('2D SPACE',''
  ) );
#2312 = ORIENTED_EDGE('',*,*,#2313,.T.);
#2313 = EDGE_CURVE('',#2291,#1899,#2314,.T.);
#2314 = SURFACE_CURVE('',#2315,(#2320,#2327),.PCURVE_S1.);
#2315 = CIRCLE('',#2316,2.);
#2316 = AXIS2_PLACEMENT_3D('',#2317,#2318,#2319);
#2317 = CARTESIAN_POINT('',(-28.,-28.,-22.));
#2318 = DIRECTION('',(0.,-1.,0.));
#2319 = DIRECTION('',(0.,0.,1.));
#2320 = PCURVE('',#678,#2321);
#2321 = DEFINITIONAL_REPRESENTATION('',(#2322),#2326);
#2322 = LINE('',#2323,#2324);
#2323 = CARTESIAN_POINT('',(1.570796326795,-0.));
#2324 = VECTOR('',#2325,1.);
#2325 = DIRECTION('',(-1.,0.));
#2326 = ( GEOMETRIC_REPRESENTATION_CONTEXT(2) 
PARAMETRIC_REPRESENTATION_CONTEXT() REPRESENTATION_CONTEXT('2D SPACE',''
  ) );
#2327 = PCURVE('',#870,#2328);
#2328 = DEFINITIONAL_REPRESENTATION('',(#2329),#2337);
#2329 = ( BOUNDED_CURVE() B_SPLINE_CURVE(2,(#2330,#2331,#2332,#2333,
#2334,#2335,#2336),.UNSPECIFIED.,.T.,.F.) B_SPLINE_CURVE_WITH_KNOTS((1,2
    ,2,2,2,1),(-2.094395102393,0.,2.094395102393,4.188790204786,
6.28318530718,8.377580409573),.UNSPECIFIED.) CURVE() 
GEOMETRIC_REPRESENTATION_ITEM() RATIONAL_B_SPLINE_CURVE((1.,0.5,1.,0.5,
1.,0.5,1.)) REPRESENTATION_ITEM('') );
#2330 = CARTESIAN_POINT('',(9.,-45.));
#2331 = CARTESIAN_POINT('',(9.,-48.46410161513));
#2332 = CARTESIAN_POINT('',(6.,-46.73205080756));
#2333 = CARTESIAN_POINT('',(3.,-45.));
#2334 = CARTESIAN_POINT('',(6.,-43.26794919243));
#2335 = CARTESIAN_POINT('',(9.,-41.53589838486));
#2336 = CARTESIAN_POINT('',(9.,-45.));
#2337 = ( GEOMETRIC_REPRESENTATION_CONTEXT(2) 
PARAMETRIC_REPRESENTATION_CONTEXT() REPRESENTATION_CONTEXT('2D SPACE',''
  ) );
#2338 = ORIENTED_EDGE('',*,*,#1898,.T.);
#2339 = ORIENTED_EDGE('',*,*,#661,.T.);
#2340 = ADVANCED_FACE('',(#2341),#650,.T.);
#2341 = FACE_BOUND('',#2342,.T.);
#2342 = EDGE_LOOP('',(#2343,#2364,#2365,#2366));
#2343 = ORIENTED_EDGE('',*,*,#2344,.F.);
#2344 = EDGE_CURVE('',#2291,#1422,#2345,.T.);
#2345 = SURFACE_CURVE('',#2346,(#2350,#2357),.PCURVE_S1.);
#2346 = LINE('',#2347,#2348);
#2347 = CARTESIAN_POINT('',(-30.,-28.,-24.));
#2348 = VECTOR('',#2349,1.);
#2349 = DIRECTION('',(0.,0.,1.));
#2350 = PCURVE('',#650,#2351);
#2351 = DEFINITIONAL_REPRESENTATION('',(#2352),#2356);
#2352 = LINE('',#2353,#2354);
#2353 = CARTESIAN_POINT('',(0.,0.));
#2354 = VECTOR('',#2355,1.);
#2355 = DIRECTION('',(1.,0.));
#2356 = ( GEOMETRIC_REPRESENTATION_CONTEXT(2) 
PARAMETRIC_REPRESENTATION_CONTEXT() REPRESENTATION_CONTEXT('2D SPACE',''
  ) );
#2357 = PCURVE('',#870,#2358);
#2358 = DEFINITIONAL_REPRESENTATION('',(#2359),#2363);
#2359 = LINE('',#2360,#2361);
#2360 = CARTESIAN_POINT('',(5.,-47.));
#2361 = VECTOR('',#2362,1.);
#2362 = DIRECTION('',(1.,0.));
#2363 = ( GEOMETRIC_REPRESENTATION_CONTEXT(2) 
PARAMETRIC_REPRESENTATION_CONTEXT() REPRESENTATION_CONTEXT('2D SPACE',''
  ) );
#2364 = ORIENTED_EDGE('',*,*,#2290,.T.);
#2365 = ORIENTED_EDGE('',*,*,#635,.F.);
#2366 = ORIENTED_EDGE('',*,*,#1421,.F.);
#2367 = ADVANCED_FACE('',(#2368,#2562,#2597,#2632,#2635),#870,.T.);
#2368 = FACE_BOUND('',#2369,.T.);
#2369 = EDGE_LOOP('',(#2370,#2391,#2392,#2413,#2414,#2415,#2416,#2417,
    #2418,#2440,#2467,#2487,#2488,#2510,#2537,#2557,#2558,#2559,#2560,
    #2561));
#2370 = ORIENTED_EDGE('',*,*,#2371,.F.);
#2371 = EDGE_CURVE('',#854,#1987,#2372,.T.);
#2372 = SURFACE_CURVE('',#2373,(#2377,#2384),.PCURVE_S1.);
#2373 = LINE('',#2374,#2375);
#2374 = CARTESIAN_POINT('',(20.,-28.,-29.));
#2375 = VECTOR('',#2376,1.);
#2376 = DIRECTION('',(0.,0.,1.));
#2377 = PCURVE('',#870,#2378);
#2378 = DEFINITIONAL_REPRESENTATION('',(#2379),#2383);
#2379 = LINE('',#2380,#2381);
#2380 = CARTESIAN_POINT('',(0.,3.));
#2381 = VECTOR('',#2382,1.);
#2382 = DIRECTION('',(1.,0.));
#2383 = ( GEOMETRIC_REPRESENTATION_CONTEXT(2) 
PARAMETRIC_REPRESENTATION_CONTEXT() REPRESENTATION_CONTEXT('2D SPACE',''
  ) );
#2384 = PCURVE('',#947,#2385);
#2385 = DEFINITIONAL_REPRESENTATION('',(#2386),#2390);
#2386 = LINE('',#2387,#2388);
#2387 = CARTESIAN_POINT('',(0.,0.));
#2388 = VECTOR('',#2389,1.);
#2389 = DIRECTION('',(1.,0.));
#2390 = ( GEOMETRIC_REPRESENTATION_CONTEXT(2) 
PARAMETRIC_REPRESENTATION_CONTEXT() REPRESENTATION_CONTEXT('2D SPACE',''
  ) );
#2391 = ORIENTED_EDGE('',*,*,#853,.T.);
#2392 = ORIENTED_EDGE('',*,*,#2393,.T.);
#2393 = EDGE_CURVE('',#856,#1922,#2394,.T.);
#2394 = SURFACE_CURVE('',#2395,(#2399,#2406),.PCURVE_S1.);
#2395 = LINE('',#2396,#2397);
#2396 = CARTESIAN_POINT('',(17.,-28.,-29.));
#2397 = VECTOR('',#2398,1.);
#2398 = DIRECTION('',(0.,0.,1.));
#2399 = PCURVE('',#870,#2400);
#2400 = DEFINITIONAL_REPRESENTATION('',(#2401),#2405);
#2401 = LINE('',#2402,#2403);
#2402 = CARTESIAN_POINT('',(0.,0.));
#2403 = VECTOR('',#2404,1.);
#2404 = DIRECTION('',(1.,0.));
#2405 = ( GEOMETRIC_REPRESENTATION_CONTEXT(2) 
PARAMETRIC_REPRESENTATION_CONTEXT() REPRESENTATION_CONTEXT('2D SPACE',''
  ) );
#2406 = PCURVE('',#897,#2407);
#2407 = DEFINITIONAL_REPRESENTATION('',(#2408),#2412);
#2408 = LINE('',#2409,#2410);
#2409 = CARTESIAN_POINT('',(0.,0.));
#2410 = VECTOR('',#2411,1.);
#2411 = DIRECTION('',(1.,0.));
#2412 = ( GEOMETRIC_REPRESENTATION_CONTEXT(2) 
PARAMETRIC_REPRESENTATION_CONTEXT() REPRESENTATION_CONTEXT('2D SPACE',''
  ) );
#2413 = ORIENTED_EDGE('',*,*,#1921,.F.);
#2414 = ORIENTED_EDGE('',*,*,#2313,.F.);
#2415 = ORIENTED_EDGE('',*,*,#2344,.T.);
#2416 = ORIENTED_EDGE('',*,*,#1444,.T.);
#2417 = ORIENTED_EDGE('',*,*,#1495,.T.);
#2418 = ORIENTED_EDGE('',*,*,#2419,.T.);
#2419 = EDGE_CURVE('',#1496,#2420,#2422,.T.);
#2420 = VERTEX_POINT('',#2421);
#2421 = CARTESIAN_POINT('',(-20.6,-28.,18.2));
#2422 = SURFACE_CURVE('',#2423,(#2427,#2434),.PCURVE_S1.);
#2423 = LINE('',#2424,#2425);
#2424 = CARTESIAN_POINT('',(-20.6,-28.,-2.9));
#2425 = VECTOR('',#2426,1.);
#2426 = DIRECTION('',(-0.,0.,-1.));
#2427 = PCURVE('',#870,#2428);
#2428 = DEFINITIONAL_REPRESENTATION('',(#2429),#2433);
#2429 = LINE('',#2430,#2431);
#2430 = CARTESIAN_POINT('',(26.1,-37.6));
#2431 = VECTOR('',#2432,1.);
#2432 = DIRECTION('',(-1.,0.));
#2433 = ( GEOMETRIC_REPRESENTATION_CONTEXT(2) 
PARAMETRIC_REPRESENTATION_CONTEXT() REPRESENTATION_CONTEXT('2D SPACE',''
  ) );
#2434 = PCURVE('',#1533,#2435);
#2435 = DEFINITIONAL_REPRESENTATION('',(#2436),#2439);
#2436 = B_SPLINE_CURVE_WITH_KNOTS('',1,(#2437,#2438),.UNSPECIFIED.,.F.,
  .F.,(2,2),(-26.9,-21.1),.PIECEWISE_BEZIER_KNOTS.);
#2437 = CARTESIAN_POINT('',(5.8,-1.000000000001E-02));
#2438 = CARTESIAN_POINT('',(0.,-1.000000000001E-02));
#2439 = ( GEOMETRIC_REPRESENTATION_CONTEXT(2) 
PARAMETRIC_REPRESENTATION_CONTEXT() REPRESENTATION_CONTEXT('2D SPACE',''
  ) );
#2440 = ORIENTED_EDGE('',*,*,#2441,.T.);
#2441 = EDGE_CURVE('',#2420,#2442,#2444,.T.);
#2442 = VERTEX_POINT('',#2443);
#2443 = CARTESIAN_POINT('',(-19.4,-28.,18.2));
#2444 = SURFACE_CURVE('',#2445,(#2449,#2456),.PCURVE_S1.);
#2445 = LINE('',#2446,#2447);
#2446 = CARTESIAN_POINT('',(-25.3,-28.,18.2));
#2447 = VECTOR('',#2448,1.);
#2448 = DIRECTION('',(1.,0.,-0.));
#2449 = PCURVE('',#870,#2450);
#2450 = DEFINITIONAL_REPRESENTATION('',(#2451),#2455);
#2451 = LINE('',#2452,#2453);
#2452 = CARTESIAN_POINT('',(47.2,-42.3));
#2453 = VECTOR('',#2454,1.);
#2454 = DIRECTION('',(0.,1.));
#2455 = ( GEOMETRIC_REPRESENTATION_CONTEXT(2) 
PARAMETRIC_REPRESENTATION_CONTEXT() REPRESENTATION_CONTEXT('2D SPACE',''
  ) );
#2456 = PCURVE('',#2457,#2462);
#2457 = PLANE('',#2458);
#2458 = AXIS2_PLACEMENT_3D('',#2459,#2460,#2461);
#2459 = CARTESIAN_POINT('',(-20.6,-28.01,18.2));
#2460 = DIRECTION('',(0.,0.,1.));
#2461 = DIRECTION('',(1.,0.,-0.));
#2462 = DEFINITIONAL_REPRESENTATION('',(#2463),#2466);
#2463 = B_SPLINE_CURVE_WITH_KNOTS('',1,(#2464,#2465),.UNSPECIFIED.,.F.,
  .F.,(2,2),(4.7,5.9),.PIECEWISE_BEZIER_KNOTS.);
#2464 = CARTESIAN_POINT('',(0.,1.000000000001E-02));
#2465 = CARTESIAN_POINT('',(1.2,1.000000000001E-02));
#2466 = ( GEOMETRIC_REPRESENTATION_CONTEXT(2) 
PARAMETRIC_REPRESENTATION_CONTEXT() REPRESENTATION_CONTEXT('2D SPACE',''
  ) );
#2467 = ORIENTED_EDGE('',*,*,#2468,.F.);
#2468 = EDGE_CURVE('',#1571,#2442,#2469,.T.);
#2469 = SURFACE_CURVE('',#2470,(#2474,#2481),.PCURVE_S1.);
#2470 = LINE('',#2471,#2472);
#2471 = CARTESIAN_POINT('',(-19.4,-28.,-2.9));
#2472 = VECTOR('',#2473,1.);
#2473 = DIRECTION('',(-0.,0.,-1.));
#2474 = PCURVE('',#870,#2475);
#2475 = DEFINITIONAL_REPRESENTATION('',(#2476),#2480);
#2476 = LINE('',#2477,#2478);
#2477 = CARTESIAN_POINT('',(26.1,-36.4));
#2478 = VECTOR('',#2479,1.);
#2479 = DIRECTION('',(-1.,0.));
#2480 = ( GEOMETRIC_REPRESENTATION_CONTEXT(2) 
PARAMETRIC_REPRESENTATION_CONTEXT() REPRESENTATION_CONTEXT('2D SPACE',''
  ) );
#2481 = PCURVE('',#1585,#2482);
#2482 = DEFINITIONAL_REPRESENTATION('',(#2483),#2486);
#2483 = B_SPLINE_CURVE_WITH_KNOTS('',1,(#2484,#2485),.UNSPECIFIED.,.F.,
  .F.,(2,2),(-26.9,-21.1),.PIECEWISE_BEZIER_KNOTS.);
#2484 = CARTESIAN_POINT('',(5.8,-1.000000000001E-02));
#2485 = CARTESIAN_POINT('',(0.,-1.000000000001E-02));
#2486 = ( GEOMETRIC_REPRESENTATION_CONTEXT(2) 
PARAMETRIC_REPRESENTATION_CONTEXT() REPRESENTATION_CONTEXT('2D SPACE',''
  ) );
#2487 = ORIENTED_EDGE('',*,*,#1596,.T.);
#2488 = ORIENTED_EDGE('',*,*,#2489,.T.);
#2489 = EDGE_CURVE('',#1597,#2490,#2492,.T.);
#2490 = VERTEX_POINT('',#2491);
#2491 = CARTESIAN_POINT('',(1.4,-28.,18.2));
#2492 = SURFACE_CURVE('',#2493,(#2497,#2504),.PCURVE_S1.);
#2493 = LINE('',#2494,#2495);
#2494 = CARTESIAN_POINT('',(1.4,-28.,-2.9));
#2495 = VECTOR('',#2496,1.);
#2496 = DIRECTION('',(-0.,0.,-1.));
#2497 = PCURVE('',#870,#2498);
#2498 = DEFINITIONAL_REPRESENTATION('',(#2499),#2503);
#2499 = LINE('',#2500,#2501);
#2500 = CARTESIAN_POINT('',(26.1,-15.6));
#2501 = VECTOR('',#2502,1.);
#2502 = DIRECTION('',(-1.,0.));
#2503 = ( GEOMETRIC_REPRESENTATION_CONTEXT(2) 
PARAMETRIC_REPRESENTATION_CONTEXT() REPRESENTATION_CONTEXT('2D SPACE',''
  ) );
#2504 = PCURVE('',#1634,#2505);
#2505 = DEFINITIONAL_REPRESENTATION('',(#2506),#2509);
#2506 = B_SPLINE_CURVE_WITH_KNOTS('',1,(#2507,#2508),.UNSPECIFIED.,.F.,
  .F.,(2,2),(-26.9,-21.1),.PIECEWISE_BEZIER_KNOTS.);
#2507 = CARTESIAN_POINT('',(5.8,-1.000000000001E-02));
#2508 = CARTESIAN_POINT('',(0.,-1.000000000001E-02));
#2509 = ( GEOMETRIC_REPRESENTATION_CONTEXT(2) 
PARAMETRIC_REPRESENTATION_CONTEXT() REPRESENTATION_CONTEXT('2D SPACE',''
  ) );
#2510 = ORIENTED_EDGE('',*,*,#2511,.T.);
#2511 = EDGE_CURVE('',#2490,#2512,#2514,.T.);
#2512 = VERTEX_POINT('',#2513);
#2513 = CARTESIAN_POINT('',(2.6,-28.,18.2));
#2514 = SURFACE_CURVE('',#2515,(#2519,#2526),.PCURVE_S1.);
#2515 = LINE('',#2516,#2517);
#2516 = CARTESIAN_POINT('',(-14.3,-28.,18.2));
#2517 = VECTOR('',#2518,1.);
#2518 = DIRECTION('',(1.,0.,-0.));
#2519 = PCURVE('',#870,#2520);
#2520 = DEFINITIONAL_REPRESENTATION('',(#2521),#2525);
#2521 = LINE('',#2522,#2523);
#2522 = CARTESIAN_POINT('',(47.2,-31.3));
#2523 = VECTOR('',#2524,1.);
#2524 = DIRECTION('',(0.,1.));
#2525 = ( GEOMETRIC_REPRESENTATION_CONTEXT(2) 
PARAMETRIC_REPRESENTATION_CONTEXT() REPRESENTATION_CONTEXT('2D SPACE',''
  ) );
#2526 = PCURVE('',#2527,#2532);
#2527 = PLANE('',#2528);
#2528 = AXIS2_PLACEMENT_3D('',#2529,#2530,#2531);
#2529 = CARTESIAN_POINT('',(1.4,-28.01,18.2));
#2530 = DIRECTION('',(0.,0.,1.));
#2531 = DIRECTION('',(1.,0.,-0.));
#2532 = DEFINITIONAL_REPRESENTATION('',(#2533),#2536);
#2533 = B_SPLINE_CURVE_WITH_KNOTS('',1,(#2534,#2535),.UNSPECIFIED.,.F.,
  .F.,(2,2),(15.7,16.9),.PIECEWISE_BEZIER_KNOTS.);
#2534 = CARTESIAN_POINT('',(0.,1.000000000001E-02));
#2535 = CARTESIAN_POINT('',(1.2,1.000000000001E-02));
#2536 = ( GEOMETRIC_REPRESENTATION_CONTEXT(2) 
PARAMETRIC_REPRESENTATION_CONTEXT() REPRESENTATION_CONTEXT('2D SPACE',''
  ) );
#2537 = ORIENTED_EDGE('',*,*,#2538,.F.);
#2538 = EDGE_CURVE('',#1672,#2512,#2539,.T.);
#2539 = SURFACE_CURVE('',#2540,(#2544,#2551),.PCURVE_S1.);
#2540 = LINE('',#2541,#2542);
#2541 = CARTESIAN_POINT('',(2.6,-28.,-2.9));
#2542 = VECTOR('',#2543,1.);
#2543 = DIRECTION('',(-0.,0.,-1.));
#2544 = PCURVE('',#870,#2545);
#2545 = DEFINITIONAL_REPRESENTATION('',(#2546),#2550);
#2546 = LINE('',#2547,#2548);
#2547 = CARTESIAN_POINT('',(26.1,-14.4));
#2548 = VECTOR('',#2549,1.);
#2549 = DIRECTION('',(-1.,0.));
#2550 = ( GEOMETRIC_REPRESENTATION_CONTEXT(2) 
PARAMETRIC_REPRESENTATION_CONTEXT() REPRESENTATION_CONTEXT('2D SPACE',''
  ) );
#2551 = PCURVE('',#1686,#2552);
#2552 = DEFINITIONAL_REPRESENTATION('',(#2553),#2556);
#2553 = B_SPLINE_CURVE_WITH_KNOTS('',1,(#2554,#2555),.UNSPECIFIED.,.F.,
  .F.,(2,2),(-26.9,-21.1),.PIECEWISE_BEZIER_KNOTS.);
#2554 = CARTESIAN_POINT('',(5.8,-1.000000000001E-02));
#2555 = CARTESIAN_POINT('',(0.,-1.000000000001E-02));
#2556 = ( GEOMETRIC_REPRESENTATION_CONTEXT(2) 
PARAMETRIC_REPRESENTATION_CONTEXT() REPRESENTATION_CONTEXT('2D SPACE',''
  ) );
#2557 = ORIENTED_EDGE('',*,*,#1697,.T.);
#2558 = ORIENTED_EDGE('',*,*,#1767,.F.);
#2559 = ORIENTED_EDGE('',*,*,#1798,.F.);
#2560 = ORIENTED_EDGE('',*,*,#1848,.T.);
#2561 = ORIENTED_EDGE('',*,*,#2007,.F.);
#2562 = FACE_BOUND('',#2563,.T.);
#2563 = EDGE_LOOP('',(#2564));
#2564 = ORIENTED_EDGE('',*,*,#2565,.T.);
#2565 = EDGE_CURVE('',#2566,#2566,#2568,.T.);
#2566 = VERTEX_POINT('',#2567);
#2567 = CARTESIAN_POINT('',(-24.5,-28.,21.));
#2568 = SURFACE_CURVE('',#2569,(#2574,#2585),.PCURVE_S1.);
#2569 = CIRCLE('',#2570,2.5);
#2570 = AXIS2_PLACEMENT_3D('',#2571,#2572,#2573);
#2571 = CARTESIAN_POINT('',(-27.,-28.,21.));
#2572 = DIRECTION('',(0.,-1.,2.22044604925E-16));
#2573 = DIRECTION('',(1.,0.,0.));
#2574 = PCURVE('',#870,#2575);
#2575 = DEFINITIONAL_REPRESENTATION('',(#2576),#2584);
#2576 = ( BOUNDED_CURVE() B_SPLINE_CURVE(2,(#2577,#2578,#2579,#2580,
#2581,#2582,#2583),.UNSPECIFIED.,.T.,.F.) B_SPLINE_CURVE_WITH_KNOTS((1,2
    ,2,2,2,1),(-2.094395102393,0.,2.094395102393,4.188790204786,
6.28318530718,8.377580409573),.UNSPECIFIED.) CURVE() 
GEOMETRIC_REPRESENTATION_ITEM() RATIONAL_B_SPLINE_CURVE((1.,0.5,1.,0.5,
1.,0.5,1.)) REPRESENTATION_ITEM('') );
#2577 = CARTESIAN_POINT('',(50.,-41.5));
#2578 = CARTESIAN_POINT('',(54.330127018922,-41.5));
#2579 = CARTESIAN_POINT('',(52.165063509461,-45.25));
#2580 = CARTESIAN_POINT('',(50.,-49.));
#2581 = CARTESIAN_POINT('',(47.834936490539,-45.25));
#2582 = CARTESIAN_POINT('',(45.669872981078,-41.5));
#2583 = CARTESIAN_POINT('',(50.,-41.5));
#2584 = ( GEOMETRIC_REPRESENTATION_CONTEXT(2) 
PARAMETRIC_REPRESENTATION_CONTEXT() REPRESENTATION_CONTEXT('2D SPACE',''
  ) );
#2585 = PCURVE('',#2586,#2591);
#2586 = CYLINDRICAL_SURFACE('',#2587,2.5);
#2587 = AXIS2_PLACEMENT_3D('',#2588,#2589,#2590);
#2588 = CARTESIAN_POINT('',(-27.,-15.8,21.));
#2589 = DIRECTION('',(0.,-1.,2.22044604925E-16));
#2590 = DIRECTION('',(1.,0.,0.));
#2591 = DEFINITIONAL_REPRESENTATION('',(#2592),#2596);
#2592 = LINE('',#2593,#2594);
#2593 = CARTESIAN_POINT('',(0.,12.2));
#2594 = VECTOR('',#2595,1.);
#2595 = DIRECTION('',(1.,0.));
#2596 = ( GEOMETRIC_REPRESENTATION_CONTEXT(2) 
PARAMETRIC_REPRESENTATION_CONTEXT() REPRESENTATION_CONTEXT('2D SPACE',''
  ) );
#2597 = FACE_BOUND('',#2598,.T.);
#2598 = EDGE_LOOP('',(#2599));
#2599 = ORIENTED_EDGE('',*,*,#2600,.T.);
#2600 = EDGE_CURVE('',#2601,#2601,#2603,.T.);
#2601 = VERTEX_POINT('',#2602);
#2602 = CARTESIAN_POINT('',(29.5,-28.,-21.));
#2603 = SURFACE_CURVE('',#2604,(#2609,#2620),.PCURVE_S1.);
#2604 = CIRCLE('',#2605,2.5);
#2605 = AXIS2_PLACEMENT_3D('',#2606,#2607,#2608);
#2606 = CARTESIAN_POINT('',(27.,-28.,-21.));
#2607 = DIRECTION('',(0.,-1.,2.22044604925E-16));
#2608 = DIRECTION('',(1.,0.,0.));
#2609 = PCURVE('',#870,#2610);
#2610 = DEFINITIONAL_REPRESENTATION('',(#2611),#2619);
#2611 = ( BOUNDED_CURVE() B_SPLINE_CURVE(2,(#2612,#2613,#2614,#2615,
#2616,#2617,#2618),.UNSPECIFIED.,.T.,.F.) B_SPLINE_CURVE_WITH_KNOTS((1,2
    ,2,2,2,1),(-2.094395102393,0.,2.094395102393,4.188790204786,
6.28318530718,8.377580409573),.UNSPECIFIED.) CURVE() 
GEOMETRIC_REPRESENTATION_ITEM() RATIONAL_B_SPLINE_CURVE((1.,0.5,1.,0.5,
1.,0.5,1.)) REPRESENTATION_ITEM('') );
#2612 = CARTESIAN_POINT('',(8.,12.5));
#2613 = CARTESIAN_POINT('',(12.330127018922,12.5));
#2614 = CARTESIAN_POINT('',(10.165063509461,8.75));
#2615 = CARTESIAN_POINT('',(8.,5.));
#2616 = CARTESIAN_POINT('',(5.834936490539,8.75));
#2617 = CARTESIAN_POINT('',(3.669872981078,12.5));
#2618 = CARTESIAN_POINT('',(8.,12.5));
#2619 = ( GEOMETRIC_REPRESENTATION_CONTEXT(2) 
PARAMETRIC_REPRESENTATION_CONTEXT() REPRESENTATION_CONTEXT('2D SPACE',''
  ) );
#2620 = PCURVE('',#2621,#2626);
#2621 = CYLINDRICAL_SURFACE('',#2622,2.5);
#2622 = AXIS2_PLACEMENT_3D('',#2623,#2624,#2625);
#2623 = CARTESIAN_POINT('',(27.,-15.8,-21.));
#2624 = DIRECTION('',(0.,-1.,2.22044604925E-16));
#2625 = DIRECTION('',(1.,0.,0.));
#2626 = DEFINITIONAL_REPRESENTATION('',(#2627),#2631);
#2627 = LINE('',#2628,#2629);
#2628 = CARTESIAN_POINT('',(0.,12.2));
#2629 = VECTOR('',#2630,1.);
#2630 = DIRECTION('',(1.,0.));
#2631 = ( GEOMETRIC_REPRESENTATION_CONTEXT(2) 
PARAMETRIC_REPRESENTATION_CONTEXT() REPRESENTATION_CONTEXT('2D SPACE',''
  ) );
#2632 = FACE_BOUND('',#2633,.T.);
#2633 = EDGE_LOOP('',(#2634));
#2634 = ORIENTED_EDGE('',*,*,#1391,.T.);
#2635 = FACE_BOUND('',#2636,.T.);
#2636 = EDGE_LOOP('',(#2637));
#2637 = ORIENTED_EDGE('',*,*,#2638,.T.);
#2638 = EDGE_CURVE('',#2639,#2639,#2641,.T.);
#2639 = VERTEX_POINT('',#2640);
#2640 = CARTESIAN_POINT('',(29.5,-28.,21.));
#2641 = SURFACE_CURVE('',#2642,(#2647,#2658),.PCURVE_S1.);
#2642 = CIRCLE('',#2643,2.5);
#2643 = AXIS2_PLACEMENT_3D('',#2644,#2645,#2646);
#2644 = CARTESIAN_POINT('',(27.,-28.,21.));
#2645 = DIRECTION('',(0.,-1.,2.22044604925E-16));
#2646 = DIRECTION('',(1.,0.,0.));
#2647 = PCURVE('',#870,#2648);
#2648 = DEFINITIONAL_REPRESENTATION('',(#2649),#2657);
#2649 = ( BOUNDED_CURVE() B_SPLINE_CURVE(2,(#2650,#2651,#2652,#2653,
#2654,#2655,#2656),.UNSPECIFIED.,.T.,.F.) B_SPLINE_CURVE_WITH_KNOTS((1,2
    ,2,2,2,1),(-2.094395102393,0.,2.094395102393,4.188790204786,
6.28318530718,8.377580409573),.UNSPECIFIED.) CURVE() 
GEOMETRIC_REPRESENTATION_ITEM() RATIONAL_B_SPLINE_CURVE((1.,0.5,1.,0.5,
1.,0.5,1.)) REPRESENTATION_ITEM('') );
#2650 = CARTESIAN_POINT('',(50.,12.5));
#2651 = CARTESIAN_POINT('',(54.330127018922,12.5));
#2652 = CARTESIAN_POINT('',(52.165063509461,8.75));
#2653 = CARTESIAN_POINT('',(50.,5.));
#2654 = CARTESIAN_POINT('',(47.834936490539,8.75));
#2655 = CARTESIAN_POINT('',(45.669872981078,12.5));
#2656 = CARTESIAN_POINT('',(50.,12.5));
#2657 = ( GEOMETRIC_REPRESENTATION_CONTEXT(2) 
PARAMETRIC_REPRESENTATION_CONTEXT() REPRESENTATION_CONTEXT('2D SPACE',''
  ) );
#2658 = PCURVE('',#2659,#2664);
#2659 = CYLINDRICAL_SURFACE('',#2660,2.5);
#2660 = AXIS2_PLACEMENT_3D('',#2661,#2662,#2663);
#2661 = CARTESIAN_POINT('',(27.,-15.8,21.));
#2662 = DIRECTION('',(0.,-1.,2.22044604925E-16));
#2663 = DIRECTION('',(1.,0.,0.));
#2664 = DEFINITIONAL_REPRESENTATION('',(#2665),#2669);
#2665 = LINE('',#2666,#2667);
#2666 = CARTESIAN_POINT('',(0.,12.2));
#2667 = VECTOR('',#2668,1.);
#2668 = DIRECTION('',(1.,0.));
#2669 = ( GEOMETRIC_REPRESENTATION_CONTEXT(2) 
PARAMETRIC_REPRESENTATION_CONTEXT() REPRESENTATION_CONTEXT('2D SPACE',''
  ) );
#2670 = ADVANCED_FACE('',(#2671),#947,.F.);
#2671 = FACE_BOUND('',#2672,.F.);
#2672 = EDGE_LOOP('',(#2673,#2674,#2675,#2676));
#2673 = ORIENTED_EDGE('',*,*,#1986,.F.);
#2674 = ORIENTED_EDGE('',*,*,#2371,.F.);
#2675 = ORIENTED_EDGE('',*,*,#934,.T.);
#2676 = ORIENTED_EDGE('',*,*,#2677,.T.);
#2677 = EDGE_CURVE('',#909,#1966,#2678,.T.);
#2678 = SURFACE_CURVE('',#2679,(#2683,#2690),.PCURVE_S1.);
#2679 = LINE('',#2680,#2681);
#2680 = CARTESIAN_POINT('',(20.,-26.,-29.));
#2681 = VECTOR('',#2682,1.);
#2682 = DIRECTION('',(0.,0.,1.));
#2683 = PCURVE('',#947,#2684);
#2684 = DEFINITIONAL_REPRESENTATION('',(#2685),#2689);
#2685 = LINE('',#2686,#2687);
#2686 = CARTESIAN_POINT('',(0.,-2.));
#2687 = VECTOR('',#2688,1.);
#2688 = DIRECTION('',(1.,0.));
#2689 = ( GEOMETRIC_REPRESENTATION_CONTEXT(2) 
PARAMETRIC_REPRESENTATION_CONTEXT() REPRESENTATION_CONTEXT('2D SPACE',''
  ) );
#2690 = PCURVE('',#923,#2691);
#2691 = DEFINITIONAL_REPRESENTATION('',(#2692),#2696);
#2692 = LINE('',#2693,#2694);
#2693 = CARTESIAN_POINT('',(0.,3.));
#2694 = VECTOR('',#2695,1.);
#2695 = DIRECTION('',(1.,0.));
#2696 = ( GEOMETRIC_REPRESENTATION_CONTEXT(2) 
PARAMETRIC_REPRESENTATION_CONTEXT() REPRESENTATION_CONTEXT('2D SPACE',''
  ) );
#2697 = ADVANCED_FACE('',(#2698),#923,.F.);
#2698 = FACE_BOUND('',#2699,.F.);
#2699 = EDGE_LOOP('',(#2700,#2701,#2702,#2723));
#2700 = ORIENTED_EDGE('',*,*,#2677,.F.);
#2701 = ORIENTED_EDGE('',*,*,#908,.T.);
#2702 = ORIENTED_EDGE('',*,*,#2703,.T.);
#2703 = EDGE_CURVE('',#883,#1945,#2704,.T.);
#2704 = SURFACE_CURVE('',#2705,(#2709,#2716),.PCURVE_S1.);
#2705 = LINE('',#2706,#2707);
#2706 = CARTESIAN_POINT('',(17.,-26.,-29.));
#2707 = VECTOR('',#2708,1.);
#2708 = DIRECTION('',(0.,0.,1.));
#2709 = PCURVE('',#923,#2710);
#2710 = DEFINITIONAL_REPRESENTATION('',(#2711),#2715);
#2711 = LINE('',#2712,#2713);
#2712 = CARTESIAN_POINT('',(0.,0.));
#2713 = VECTOR('',#2714,1.);
#2714 = DIRECTION('',(1.,0.));
#2715 = ( GEOMETRIC_REPRESENTATION_CONTEXT(2) 
PARAMETRIC_REPRESENTATION_CONTEXT() REPRESENTATION_CONTEXT('2D SPACE',''
  ) );
#2716 = PCURVE('',#897,#2717);
#2717 = DEFINITIONAL_REPRESENTATION('',(#2718),#2722);
#2718 = LINE('',#2719,#2720);
#2719 = CARTESIAN_POINT('',(0.,-2.));
#2720 = VECTOR('',#2721,1.);
#2721 = DIRECTION('',(1.,0.));
#2722 = ( GEOMETRIC_REPRESENTATION_CONTEXT(2) 
PARAMETRIC_REPRESENTATION_CONTEXT() REPRESENTATION_CONTEXT('2D SPACE',''
  ) );
#2723 = ORIENTED_EDGE('',*,*,#1965,.F.);
#2724 = ADVANCED_FACE('',(#2725),#897,.T.);
#2725 = FACE_BOUND('',#2726,.T.);
#2726 = EDGE_LOOP('',(#2727,#2728,#2729,#2730));
#2727 = ORIENTED_EDGE('',*,*,#1944,.F.);
#2728 = ORIENTED_EDGE('',*,*,#2393,.F.);
#2729 = ORIENTED_EDGE('',*,*,#882,.T.);
#2730 = ORIENTED_EDGE('',*,*,#2703,.T.);
#2731 = ADVANCED_FACE('',(#2732),#977,.T.);
#2732 = FACE_BOUND('',#2733,.T.);
#2733 = EDGE_LOOP('',(#2734,#2755,#2756,#2777));
#2734 = ORIENTED_EDGE('',*,*,#2735,.F.);
#2735 = EDGE_CURVE('',#961,#2032,#2736,.T.);
#2736 = SURFACE_CURVE('',#2737,(#2741,#2748),.PCURVE_S1.);
#2737 = LINE('',#2738,#2739);
#2738 = CARTESIAN_POINT('',(-13.,-25.3,-29.));
#2739 = VECTOR('',#2740,1.);
#2740 = DIRECTION('',(0.,0.,1.));
#2741 = PCURVE('',#977,#2742);
#2742 = DEFINITIONAL_REPRESENTATION('',(#2743),#2747);
#2743 = LINE('',#2744,#2745);
#2744 = CARTESIAN_POINT('',(0.,12.));
#2745 = VECTOR('',#2746,1.);
#2746 = DIRECTION('',(1.,0.));
#2747 = ( GEOMETRIC_REPRESENTATION_CONTEXT(2) 
PARAMETRIC_REPRESENTATION_CONTEXT() REPRESENTATION_CONTEXT('2D SPACE',''
  ) );
#2748 = PCURVE('',#1053,#2749);
#2749 = DEFINITIONAL_REPRESENTATION('',(#2750),#2754);
#2750 = LINE('',#2751,#2752);
#2751 = CARTESIAN_POINT('',(0.,0.));
#2752 = VECTOR('',#2753,1.);
#2753 = DIRECTION('',(1.,0.));
#2754 = ( GEOMETRIC_REPRESENTATION_CONTEXT(2) 
PARAMETRIC_REPRESENTATION_CONTEXT() REPRESENTATION_CONTEXT('2D SPACE',''
  ) );
#2755 = ORIENTED_EDGE('',*,*,#960,.T.);
#2756 = ORIENTED_EDGE('',*,*,#2757,.T.);
#2757 = EDGE_CURVE('',#963,#2034,#2758,.T.);
#2758 = SURFACE_CURVE('',#2759,(#2763,#2770),.PCURVE_S1.);
#2759 = LINE('',#2760,#2761);
#2760 = CARTESIAN_POINT('',(-25.,-25.3,-29.));
#2761 = VECTOR('',#2762,1.);
#2762 = DIRECTION('',(0.,0.,1.));
#2763 = PCURVE('',#977,#2764);
#2764 = DEFINITIONAL_REPRESENTATION('',(#2765),#2769);
#2765 = LINE('',#2766,#2767);
#2766 = CARTESIAN_POINT('',(0.,0.));
#2767 = VECTOR('',#2768,1.);
#2768 = DIRECTION('',(1.,0.));
#2769 = ( GEOMETRIC_REPRESENTATION_CONTEXT(2) 
PARAMETRIC_REPRESENTATION_CONTEXT() REPRESENTATION_CONTEXT('2D SPACE',''
  ) );
#2770 = PCURVE('',#1003,#2771);
#2771 = DEFINITIONAL_REPRESENTATION('',(#2772),#2776);
#2772 = LINE('',#2773,#2774);
#2773 = CARTESIAN_POINT('',(0.,0.));
#2774 = VECTOR('',#2775,1.);
#2775 = DIRECTION('',(1.,0.));
#2776 = ( GEOMETRIC_REPRESENTATION_CONTEXT(2) 
PARAMETRIC_REPRESENTATION_CONTEXT() REPRESENTATION_CONTEXT('2D SPACE',''
  ) );
#2777 = ORIENTED_EDGE('',*,*,#2031,.F.);
#2778 = ADVANCED_FACE('',(#2779),#1053,.F.);
#2779 = FACE_BOUND('',#2780,.F.);
#2780 = EDGE_LOOP('',(#2781,#2782,#2783,#2804));
#2781 = ORIENTED_EDGE('',*,*,#2735,.F.);
#2782 = ORIENTED_EDGE('',*,*,#1040,.T.);
#2783 = ORIENTED_EDGE('',*,*,#2784,.T.);
#2784 = EDGE_CURVE('',#1015,#2076,#2785,.T.);
#2785 = SURFACE_CURVE('',#2786,(#2790,#2797),.PCURVE_S1.);
#2786 = LINE('',#2787,#2788);
#2787 = CARTESIAN_POINT('',(-13.,-18.3,-29.));
#2788 = VECTOR('',#2789,1.);
#2789 = DIRECTION('',(0.,0.,1.));
#2790 = PCURVE('',#1053,#2791);
#2791 = DEFINITIONAL_REPRESENTATION('',(#2792),#2796);
#2792 = LINE('',#2793,#2794);
#2793 = CARTESIAN_POINT('',(0.,-7.));
#2794 = VECTOR('',#2795,1.);
#2795 = DIRECTION('',(1.,0.));
#2796 = ( GEOMETRIC_REPRESENTATION_CONTEXT(2) 
PARAMETRIC_REPRESENTATION_CONTEXT() REPRESENTATION_CONTEXT('2D SPACE',''
  ) );
#2797 = PCURVE('',#1029,#2798);
#2798 = DEFINITIONAL_REPRESENTATION('',(#2799),#2803);
#2799 = LINE('',#2800,#2801);
#2800 = CARTESIAN_POINT('',(0.,12.));
#2801 = VECTOR('',#2802,1.);
#2802 = DIRECTION('',(1.,0.));
#2803 = ( GEOMETRIC_REPRESENTATION_CONTEXT(2) 
PARAMETRIC_REPRESENTATION_CONTEXT() REPRESENTATION_CONTEXT('2D SPACE',''
  ) );
#2804 = ORIENTED_EDGE('',*,*,#2096,.F.);
#2805 = ADVANCED_FACE('',(#2806),#1003,.T.);
#2806 = FACE_BOUND('',#2807,.T.);
#2807 = EDGE_LOOP('',(#2808,#2809,#2810,#2831));
#2808 = ORIENTED_EDGE('',*,*,#2757,.F.);
#2809 = ORIENTED_EDGE('',*,*,#988,.T.);
#2810 = ORIENTED_EDGE('',*,*,#2811,.T.);
#2811 = EDGE_CURVE('',#989,#2055,#2812,.T.);
#2812 = SURFACE_CURVE('',#2813,(#2817,#2824),.PCURVE_S1.);
#2813 = LINE('',#2814,#2815);
#2814 = CARTESIAN_POINT('',(-25.,-18.3,-29.));
#2815 = VECTOR('',#2816,1.);
#2816 = DIRECTION('',(0.,0.,1.));
#2817 = PCURVE('',#1003,#2818);
#2818 = DEFINITIONAL_REPRESENTATION('',(#2819),#2823);
#2819 = LINE('',#2820,#2821);
#2820 = CARTESIAN_POINT('',(0.,-7.));
#2821 = VECTOR('',#2822,1.);
#2822 = DIRECTION('',(1.,0.));
#2823 = ( GEOMETRIC_REPRESENTATION_CONTEXT(2) 
PARAMETRIC_REPRESENTATION_CONTEXT() REPRESENTATION_CONTEXT('2D SPACE',''
  ) );
#2824 = PCURVE('',#1029,#2825);
#2825 = DEFINITIONAL_REPRESENTATION('',(#2826),#2830);
#2826 = LINE('',#2827,#2828);
#2827 = CARTESIAN_POINT('',(0.,0.));
#2828 = VECTOR('',#2829,1.);
#2829 = DIRECTION('',(1.,0.));
#2830 = ( GEOMETRIC_REPRESENTATION_CONTEXT(2) 
PARAMETRIC_REPRESENTATION_CONTEXT() REPRESENTATION_CONTEXT('2D SPACE',''
  ) );
#2831 = ORIENTED_EDGE('',*,*,#2054,.F.);
#2832 = ADVANCED_FACE('',(#2833),#1029,.F.);
#2833 = FACE_BOUND('',#2834,.F.);
#2834 = EDGE_LOOP('',(#2835,#2836,#2837,#2838));
#2835 = ORIENTED_EDGE('',*,*,#2784,.F.);
#2836 = ORIENTED_EDGE('',*,*,#1014,.T.);
#2837 = ORIENTED_EDGE('',*,*,#2811,.T.);
#2838 = ORIENTED_EDGE('',*,*,#2075,.F.);
#2839 = ADVANCED_FACE('',(#2840),#1083,.T.);
#2840 = FACE_BOUND('',#2841,.T.);
#2841 = EDGE_LOOP('',(#2842,#2863,#2864,#2885));
#2842 = ORIENTED_EDGE('',*,*,#2843,.F.);
#2843 = EDGE_CURVE('',#1067,#2118,#2844,.T.);
#2844 = SURFACE_CURVE('',#2845,(#2849,#2856),.PCURVE_S1.);
#2845 = LINE('',#2846,#2847);
#2846 = CARTESIAN_POINT('',(7.,-25.3,-29.));
#2847 = VECTOR('',#2848,1.);
#2848 = DIRECTION('',(0.,0.,1.));
#2849 = PCURVE('',#1083,#2850);
#2850 = DEFINITIONAL_REPRESENTATION('',(#2851),#2855);
#2851 = LINE('',#2852,#2853);
#2852 = CARTESIAN_POINT('',(0.,12.));
#2853 = VECTOR('',#2854,1.);
#2854 = DIRECTION('',(1.,0.));
#2855 = ( GEOMETRIC_REPRESENTATION_CONTEXT(2) 
PARAMETRIC_REPRESENTATION_CONTEXT() REPRESENTATION_CONTEXT('2D SPACE',''
  ) );
#2856 = PCURVE('',#1159,#2857);
#2857 = DEFINITIONAL_REPRESENTATION('',(#2858),#2862);
#2858 = LINE('',#2859,#2860);
#2859 = CARTESIAN_POINT('',(0.,0.));
#2860 = VECTOR('',#2861,1.);
#2861 = DIRECTION('',(1.,0.));
#2862 = ( GEOMETRIC_REPRESENTATION_CONTEXT(2) 
PARAMETRIC_REPRESENTATION_CONTEXT() REPRESENTATION_CONTEXT('2D SPACE',''
  ) );
#2863 = ORIENTED_EDGE('',*,*,#1066,.T.);
#2864 = ORIENTED_EDGE('',*,*,#2865,.T.);
#2865 = EDGE_CURVE('',#1069,#2120,#2866,.T.);
#2866 = SURFACE_CURVE('',#2867,(#2871,#2878),.PCURVE_S1.);
#2867 = LINE('',#2868,#2869);
#2868 = CARTESIAN_POINT('',(-5.,-25.3,-29.));
#2869 = VECTOR('',#2870,1.);
#2870 = DIRECTION('',(0.,0.,1.));
#2871 = PCURVE('',#1083,#2872);
#2872 = DEFINITIONAL_REPRESENTATION('',(#2873),#2877);
#2873 = LINE('',#2874,#2875);
#2874 = CARTESIAN_POINT('',(0.,0.));
#2875 = VECTOR('',#2876,1.);
#2876 = DIRECTION('',(1.,0.));
#2877 = ( GEOMETRIC_REPRESENTATION_CONTEXT(2) 
PARAMETRIC_REPRESENTATION_CONTEXT() REPRESENTATION_CONTEXT('2D SPACE',''
  ) );
#2878 = PCURVE('',#1109,#2879);
#2879 = DEFINITIONAL_REPRESENTATION('',(#2880),#2884);
#2880 = LINE('',#2881,#2882);
#2881 = CARTESIAN_POINT('',(0.,0.));
#2882 = VECTOR('',#2883,1.);
#2883 = DIRECTION('',(1.,0.));
#2884 = ( GEOMETRIC_REPRESENTATION_CONTEXT(2) 
PARAMETRIC_REPRESENTATION_CONTEXT() REPRESENTATION_CONTEXT('2D SPACE',''
  ) );
#2885 = ORIENTED_EDGE('',*,*,#2117,.F.);
#2886 = ADVANCED_FACE('',(#2887),#1159,.F.);
#2887 = FACE_BOUND('',#2888,.F.);
#2888 = EDGE_LOOP('',(#2889,#2890,#2891,#2912));
#2889 = ORIENTED_EDGE('',*,*,#2843,.F.);
#2890 = ORIENTED_EDGE('',*,*,#1146,.T.);
#2891 = ORIENTED_EDGE('',*,*,#2892,.T.);
#2892 = EDGE_CURVE('',#1121,#2162,#2893,.T.);
#2893 = SURFACE_CURVE('',#2894,(#2898,#2905),.PCURVE_S1.);
#2894 = LINE('',#2895,#2896);
#2895 = CARTESIAN_POINT('',(7.,-18.3,-29.));
#2896 = VECTOR('',#2897,1.);
#2897 = DIRECTION('',(0.,0.,1.));
#2898 = PCURVE('',#1159,#2899);
#2899 = DEFINITIONAL_REPRESENTATION('',(#2900),#2904);
#2900 = LINE('',#2901,#2902);
#2901 = CARTESIAN_POINT('',(0.,-7.));
#2902 = VECTOR('',#2903,1.);
#2903 = DIRECTION('',(1.,0.));
#2904 = ( GEOMETRIC_REPRESENTATION_CONTEXT(2) 
PARAMETRIC_REPRESENTATION_CONTEXT() REPRESENTATION_CONTEXT('2D SPACE',''
  ) );
#2905 = PCURVE('',#1135,#2906);
#2906 = DEFINITIONAL_REPRESENTATION('',(#2907),#2911);
#2907 = LINE('',#2908,#2909);
#2908 = CARTESIAN_POINT('',(0.,12.));
#2909 = VECTOR('',#2910,1.);
#2910 = DIRECTION('',(1.,0.));
#2911 = ( GEOMETRIC_REPRESENTATION_CONTEXT(2) 
PARAMETRIC_REPRESENTATION_CONTEXT() REPRESENTATION_CONTEXT('2D SPACE',''
  ) );
#2912 = ORIENTED_EDGE('',*,*,#2182,.F.);
#2913 = ADVANCED_FACE('',(#2914),#1109,.T.);
#2914 = FACE_BOUND('',#2915,.T.);
#2915 = EDGE_LOOP('',(#2916,#2917,#2918,#2939));
#2916 = ORIENTED_EDGE('',*,*,#2865,.F.);
#2917 = ORIENTED_EDGE('',*,*,#1094,.T.);
#2918 = ORIENTED_EDGE('',*,*,#2919,.T.);
#2919 = EDGE_CURVE('',#1095,#2141,#2920,.T.);
#2920 = SURFACE_CURVE('',#2921,(#2925,#2932),.PCURVE_S1.);
#2921 = LINE('',#2922,#2923);
#2922 = CARTESIAN_POINT('',(-5.,-18.3,-29.));
#2923 = VECTOR('',#2924,1.);
#2924 = DIRECTION('',(0.,0.,1.));
#2925 = PCURVE('',#1109,#2926);
#2926 = DEFINITIONAL_REPRESENTATION('',(#2927),#2931);
#2927 = LINE('',#2928,#2929);
#2928 = CARTESIAN_POINT('',(0.,-7.));
#2929 = VECTOR('',#2930,1.);
#2930 = DIRECTION('',(1.,0.));
#2931 = ( GEOMETRIC_REPRESENTATION_CONTEXT(2) 
PARAMETRIC_REPRESENTATION_CONTEXT() REPRESENTATION_CONTEXT('2D SPACE',''
  ) );
#2932 = PCURVE('',#1135,#2933);
#2933 = DEFINITIONAL_REPRESENTATION('',(#2934),#2938);
#2934 = LINE('',#2935,#2936);
#2935 = CARTESIAN_POINT('',(0.,0.));
#2936 = VECTOR('',#2937,1.);
#2937 = DIRECTION('',(1.,0.));
#2938 = ( GEOMETRIC_REPRESENTATION_CONTEXT(2) 
PARAMETRIC_REPRESENTATION_CONTEXT() REPRESENTATION_CONTEXT('2D SPACE',''
  ) );
#2939 = ORIENTED_EDGE('',*,*,#2140,.F.);
#2940 = ADVANCED_FACE('',(#2941),#1135,.F.);
#2941 = FACE_BOUND('',#2942,.F.);
#2942 = EDGE_LOOP('',(#2943,#2944,#2945,#2946));
#2943 = ORIENTED_EDGE('',*,*,#2892,.F.);
#2944 = ORIENTED_EDGE('',*,*,#1120,.T.);
#2945 = ORIENTED_EDGE('',*,*,#2919,.T.);
#2946 = ORIENTED_EDGE('',*,*,#2161,.F.);
#2947 = ADVANCED_FACE('',(#2948),#1189,.T.);
#2948 = FACE_BOUND('',#2949,.T.);
#2949 = EDGE_LOOP('',(#2950,#2971,#2972,#2993));
#2950 = ORIENTED_EDGE('',*,*,#2951,.F.);
#2951 = EDGE_CURVE('',#1173,#2204,#2952,.T.);
#2952 = SURFACE_CURVE('',#2953,(#2957,#2964),.PCURVE_S1.);
#2953 = LINE('',#2954,#2955);
#2954 = CARTESIAN_POINT('',(22.9,-19.7,-29.));
#2955 = VECTOR('',#2956,1.);
#2956 = DIRECTION('',(0.,0.,1.));
#2957 = PCURVE('',#1189,#2958);
#2958 = DEFINITIONAL_REPRESENTATION('',(#2959),#2963);
#2959 = LINE('',#2960,#2961);
#2960 = CARTESIAN_POINT('',(0.,9.6));
#2961 = VECTOR('',#2962,1.);
#2962 = DIRECTION('',(1.,0.));
#2963 = ( GEOMETRIC_REPRESENTATION_CONTEXT(2) 
PARAMETRIC_REPRESENTATION_CONTEXT() REPRESENTATION_CONTEXT('2D SPACE',''
  ) );
#2964 = PCURVE('',#1265,#2965);
#2965 = DEFINITIONAL_REPRESENTATION('',(#2966),#2970);
#2966 = LINE('',#2967,#2968);
#2967 = CARTESIAN_POINT('',(0.,0.));
#2968 = VECTOR('',#2969,1.);
#2969 = DIRECTION('',(1.,0.));
#2970 = ( GEOMETRIC_REPRESENTATION_CONTEXT(2) 
PARAMETRIC_REPRESENTATION_CONTEXT() REPRESENTATION_CONTEXT('2D SPACE',''
  ) );
#2971 = ORIENTED_EDGE('',*,*,#1172,.T.);
#2972 = ORIENTED_EDGE('',*,*,#2973,.T.);
#2973 = EDGE_CURVE('',#1175,#2206,#2974,.T.);
#2974 = SURFACE_CURVE('',#2975,(#2979,#2986),.PCURVE_S1.);
#2975 = LINE('',#2976,#2977);
#2976 = CARTESIAN_POINT('',(13.3,-19.7,-29.));
#2977 = VECTOR('',#2978,1.);
#2978 = DIRECTION('',(0.,0.,1.));
#2979 = PCURVE('',#1189,#2980);
#2980 = DEFINITIONAL_REPRESENTATION('',(#2981),#2985);
#2981 = LINE('',#2982,#2983);
#2982 = CARTESIAN_POINT('',(0.,0.));
#2983 = VECTOR('',#2984,1.);
#2984 = DIRECTION('',(1.,0.));
#2985 = ( GEOMETRIC_REPRESENTATION_CONTEXT(2) 
PARAMETRIC_REPRESENTATION_CONTEXT() REPRESENTATION_CONTEXT('2D SPACE',''
  ) );
#2986 = PCURVE('',#1215,#2987);
#2987 = DEFINITIONAL_REPRESENTATION('',(#2988),#2992);
#2988 = LINE('',#2989,#2990);
#2989 = CARTESIAN_POINT('',(0.,0.));
#2990 = VECTOR('',#2991,1.);
#2991 = DIRECTION('',(1.,0.));
#2992 = ( GEOMETRIC_REPRESENTATION_CONTEXT(2) 
PARAMETRIC_REPRESENTATION_CONTEXT() REPRESENTATION_CONTEXT('2D SPACE',''
  ) );
#2993 = ORIENTED_EDGE('',*,*,#2203,.F.);
#2994 = ADVANCED_FACE('',(#2995),#1265,.F.);
#2995 = FACE_BOUND('',#2996,.F.);
#2996 = EDGE_LOOP('',(#2997,#2998,#2999,#3020));
#2997 = ORIENTED_EDGE('',*,*,#2951,.F.);
#2998 = ORIENTED_EDGE('',*,*,#1252,.T.);
#2999 = ORIENTED_EDGE('',*,*,#3000,.T.);
#3000 = EDGE_CURVE('',#1227,#2248,#3001,.T.);
#3001 = SURFACE_CURVE('',#3002,(#3006,#3013),.PCURVE_S1.);
#3002 = LINE('',#3003,#3004);
#3003 = CARTESIAN_POINT('',(22.9,-15.9,-29.));
#3004 = VECTOR('',#3005,1.);
#3005 = DIRECTION('',(0.,0.,1.));
#3006 = PCURVE('',#1265,#3007);
#3007 = DEFINITIONAL_REPRESENTATION('',(#3008),#3012);
#3008 = LINE('',#3009,#3010);
#3009 = CARTESIAN_POINT('',(0.,-3.8));
#3010 = VECTOR('',#3011,1.);
#3011 = DIRECTION('',(1.,0.));
#3012 = ( GEOMETRIC_REPRESENTATION_CONTEXT(2) 
PARAMETRIC_REPRESENTATION_CONTEXT() REPRESENTATION_CONTEXT('2D SPACE',''
  ) );
#3013 = PCURVE('',#1241,#3014);
#3014 = DEFINITIONAL_REPRESENTATION('',(#3015),#3019);
#3015 = LINE('',#3016,#3017);
#3016 = CARTESIAN_POINT('',(0.,9.6));
#3017 = VECTOR('',#3018,1.);
#3018 = DIRECTION('',(1.,0.));
#3019 = ( GEOMETRIC_REPRESENTATION_CONTEXT(2) 
PARAMETRIC_REPRESENTATION_CONTEXT() REPRESENTATION_CONTEXT('2D SPACE',''
  ) );
#3020 = ORIENTED_EDGE('',*,*,#2268,.F.);
#3021 = ADVANCED_FACE('',(#3022),#1215,.T.);
#3022 = FACE_BOUND('',#3023,.T.);
#3023 = EDGE_LOOP('',(#3024,#3025,#3026,#3047));
#3024 = ORIENTED_EDGE('',*,*,#2973,.F.);
#3025 = ORIENTED_EDGE('',*,*,#1200,.T.);
#3026 = ORIENTED_EDGE('',*,*,#3027,.T.);
#3027 = EDGE_CURVE('',#1201,#2227,#3028,.T.);
#3028 = SURFACE_CURVE('',#3029,(#3033,#3040),.PCURVE_S1.);
#3029 = LINE('',#3030,#3031);
#3030 = CARTESIAN_POINT('',(13.3,-15.9,-29.));
#3031 = VECTOR('',#3032,1.);
#3032 = DIRECTION('',(0.,0.,1.));
#3033 = PCURVE('',#1215,#3034);
#3034 = DEFINITIONAL_REPRESENTATION('',(#3035),#3039);
#3035 = LINE('',#3036,#3037);
#3036 = CARTESIAN_POINT('',(0.,-3.8));
#3037 = VECTOR('',#3038,1.);
#3038 = DIRECTION('',(1.,0.));
#3039 = ( GEOMETRIC_REPRESENTATION_CONTEXT(2) 
PARAMETRIC_REPRESENTATION_CONTEXT() REPRESENTATION_CONTEXT('2D SPACE',''
  ) );
#3040 = PCURVE('',#1241,#3041);
#3041 = DEFINITIONAL_REPRESENTATION('',(#3042),#3046);
#3042 = LINE('',#3043,#3044);
#3043 = CARTESIAN_POINT('',(0.,0.));
#3044 = VECTOR('',#3045,1.);
#3045 = DIRECTION('',(1.,0.));
#3046 = ( GEOMETRIC_REPRESENTATION_CONTEXT(2) 
PARAMETRIC_REPRESENTATION_CONTEXT() REPRESENTATION_CONTEXT('2D SPACE',''
  ) );
#3047 = ORIENTED_EDGE('',*,*,#2226,.F.);
#3048 = ADVANCED_FACE('',(#3049),#1241,.F.);
#3049 = FACE_BOUND('',#3050,.F.);
#3050 = EDGE_LOOP('',(#3051,#3052,#3053,#3054));
#3051 = ORIENTED_EDGE('',*,*,#3000,.F.);
#3052 = ORIENTED_EDGE('',*,*,#1226,.T.);
#3053 = ORIENTED_EDGE('',*,*,#3027,.T.);
#3054 = ORIENTED_EDGE('',*,*,#2247,.F.);
#3055 = ADVANCED_FACE('',(#3056),#1686,.T.);
#3056 = FACE_BOUND('',#3057,.T.);
#3057 = EDGE_LOOP('',(#3058,#3059,#3082,#3103));
#3058 = ORIENTED_EDGE('',*,*,#2538,.T.);
#3059 = ORIENTED_EDGE('',*,*,#3060,.T.);
#3060 = EDGE_CURVE('',#2512,#3061,#3063,.T.);
#3061 = VERTEX_POINT('',#3062);
#3062 = CARTESIAN_POINT('',(2.6,-21.,18.2));
#3063 = SURFACE_CURVE('',#3064,(#3068,#3075),.PCURVE_S1.);
#3064 = LINE('',#3065,#3066);
#3065 = CARTESIAN_POINT('',(2.6,-28.01,18.2));
#3066 = VECTOR('',#3067,1.);
#3067 = DIRECTION('',(-0.,1.,0.));
#3068 = PCURVE('',#1686,#3069);
#3069 = DEFINITIONAL_REPRESENTATION('',(#3070),#3074);
#3070 = LINE('',#3071,#3072);
#3071 = CARTESIAN_POINT('',(0.,0.));
#3072 = VECTOR('',#3073,1.);
#3073 = DIRECTION('',(0.,-1.));
#3074 = ( GEOMETRIC_REPRESENTATION_CONTEXT(2) 
PARAMETRIC_REPRESENTATION_CONTEXT() REPRESENTATION_CONTEXT('2D SPACE',''
  ) );
#3075 = PCURVE('',#2527,#3076);
#3076 = DEFINITIONAL_REPRESENTATION('',(#3077),#3081);
#3077 = LINE('',#3078,#3079);
#3078 = CARTESIAN_POINT('',(1.2,0.));
#3079 = VECTOR('',#3080,1.);
#3080 = DIRECTION('',(0.,1.));
#3081 = ( GEOMETRIC_REPRESENTATION_CONTEXT(2) 
PARAMETRIC_REPRESENTATION_CONTEXT() REPRESENTATION_CONTEXT('2D SPACE',''
  ) );
#3082 = ORIENTED_EDGE('',*,*,#3083,.T.);
#3083 = EDGE_CURVE('',#3061,#1646,#3084,.T.);
#3084 = SURFACE_CURVE('',#3085,(#3089,#3096),.PCURVE_S1.);
#3085 = LINE('',#3086,#3087);
#3086 = CARTESIAN_POINT('',(2.6,-21.,18.2));
#3087 = VECTOR('',#3088,1.);
#3088 = DIRECTION('',(0.,0.,1.));
#3089 = PCURVE('',#1686,#3090);
#3090 = DEFINITIONAL_REPRESENTATION('',(#3091),#3095);
#3091 = LINE('',#3092,#3093);
#3092 = CARTESIAN_POINT('',(0.,-7.01));
#3093 = VECTOR('',#3094,1.);
#3094 = DIRECTION('',(1.,0.));
#3095 = ( GEOMETRIC_REPRESENTATION_CONTEXT(2) 
PARAMETRIC_REPRESENTATION_CONTEXT() REPRESENTATION_CONTEXT('2D SPACE',''
  ) );
#3096 = PCURVE('',#1660,#3097);
#3097 = DEFINITIONAL_REPRESENTATION('',(#3098),#3102);
#3098 = LINE('',#3099,#3100);
#3099 = CARTESIAN_POINT('',(0.,1.2));
#3100 = VECTOR('',#3101,1.);
#3101 = DIRECTION('',(1.,0.));
#3102 = ( GEOMETRIC_REPRESENTATION_CONTEXT(2) 
PARAMETRIC_REPRESENTATION_CONTEXT() REPRESENTATION_CONTEXT('2D SPACE',''
  ) );
#3103 = ORIENTED_EDGE('',*,*,#1671,.F.);
#3104 = ADVANCED_FACE('',(#3105),#1660,.T.);
#3105 = FACE_BOUND('',#3106,.T.);
#3106 = EDGE_LOOP('',(#3107,#3108,#3131,#3152));
#3107 = ORIENTED_EDGE('',*,*,#3083,.F.);
#3108 = ORIENTED_EDGE('',*,*,#3109,.F.);
#3109 = EDGE_CURVE('',#3110,#3061,#3112,.T.);
#3110 = VERTEX_POINT('',#3111);
#3111 = CARTESIAN_POINT('',(1.4,-21.,18.2));
#3112 = SURFACE_CURVE('',#3113,(#3117,#3124),.PCURVE_S1.);
#3113 = LINE('',#3114,#3115);
#3114 = CARTESIAN_POINT('',(1.4,-21.,18.2));
#3115 = VECTOR('',#3116,1.);
#3116 = DIRECTION('',(1.,0.,-0.));
#3117 = PCURVE('',#1660,#3118);
#3118 = DEFINITIONAL_REPRESENTATION('',(#3119),#3123);
#3119 = LINE('',#3120,#3121);
#3120 = CARTESIAN_POINT('',(0.,0.));
#3121 = VECTOR('',#3122,1.);
#3122 = DIRECTION('',(0.,1.));
#3123 = ( GEOMETRIC_REPRESENTATION_CONTEXT(2) 
PARAMETRIC_REPRESENTATION_CONTEXT() REPRESENTATION_CONTEXT('2D SPACE',''
  ) );
#3124 = PCURVE('',#2527,#3125);
#3125 = DEFINITIONAL_REPRESENTATION('',(#3126),#3130);
#3126 = LINE('',#3127,#3128);
#3127 = CARTESIAN_POINT('',(0.,7.01));
#3128 = VECTOR('',#3129,1.);
#3129 = DIRECTION('',(1.,0.));
#3130 = ( GEOMETRIC_REPRESENTATION_CONTEXT(2) 
PARAMETRIC_REPRESENTATION_CONTEXT() REPRESENTATION_CONTEXT('2D SPACE',''
  ) );
#3131 = ORIENTED_EDGE('',*,*,#3132,.T.);
#3132 = EDGE_CURVE('',#3110,#1620,#3133,.T.);
#3133 = SURFACE_CURVE('',#3134,(#3138,#3145),.PCURVE_S1.);
#3134 = LINE('',#3135,#3136);
#3135 = CARTESIAN_POINT('',(1.4,-21.,18.2));
#3136 = VECTOR('',#3137,1.);
#3137 = DIRECTION('',(0.,0.,1.));
#3138 = PCURVE('',#1660,#3139);
#3139 = DEFINITIONAL_REPRESENTATION('',(#3140),#3144);
#3140 = LINE('',#3141,#3142);
#3141 = CARTESIAN_POINT('',(0.,0.));
#3142 = VECTOR('',#3143,1.);
#3143 = DIRECTION('',(1.,0.));
#3144 = ( GEOMETRIC_REPRESENTATION_CONTEXT(2) 
PARAMETRIC_REPRESENTATION_CONTEXT() REPRESENTATION_CONTEXT('2D SPACE',''
  ) );
#3145 = PCURVE('',#1634,#3146);
#3146 = DEFINITIONAL_REPRESENTATION('',(#3147),#3151);
#3147 = LINE('',#3148,#3149);
#3148 = CARTESIAN_POINT('',(0.,-7.01));
#3149 = VECTOR('',#3150,1.);
#3150 = DIRECTION('',(1.,0.));
#3151 = ( GEOMETRIC_REPRESENTATION_CONTEXT(2) 
PARAMETRIC_REPRESENTATION_CONTEXT() REPRESENTATION_CONTEXT('2D SPACE',''
  ) );
#3152 = ORIENTED_EDGE('',*,*,#1645,.F.);
#3153 = ADVANCED_FACE('',(#3154),#1634,.F.);
#3154 = FACE_BOUND('',#3155,.F.);
#3155 = EDGE_LOOP('',(#3156,#3157,#3178,#3179));
#3156 = ORIENTED_EDGE('',*,*,#2489,.T.);
#3157 = ORIENTED_EDGE('',*,*,#3158,.T.);
#3158 = EDGE_CURVE('',#2490,#3110,#3159,.T.);
#3159 = SURFACE_CURVE('',#3160,(#3164,#3171),.PCURVE_S1.);
#3160 = LINE('',#3161,#3162);
#3161 = CARTESIAN_POINT('',(1.4,-28.01,18.2));
#3162 = VECTOR('',#3163,1.);
#3163 = DIRECTION('',(-0.,1.,0.));
#3164 = PCURVE('',#1634,#3165);
#3165 = DEFINITIONAL_REPRESENTATION('',(#3166),#3170);
#3166 = LINE('',#3167,#3168);
#3167 = CARTESIAN_POINT('',(0.,0.));
#3168 = VECTOR('',#3169,1.);
#3169 = DIRECTION('',(0.,-1.));
#3170 = ( GEOMETRIC_REPRESENTATION_CONTEXT(2) 
PARAMETRIC_REPRESENTATION_CONTEXT() REPRESENTATION_CONTEXT('2D SPACE',''
  ) );
#3171 = PCURVE('',#2527,#3172);
#3172 = DEFINITIONAL_REPRESENTATION('',(#3173),#3177);
#3173 = LINE('',#3174,#3175);
#3174 = CARTESIAN_POINT('',(0.,0.));
#3175 = VECTOR('',#3176,1.);
#3176 = DIRECTION('',(0.,1.));
#3177 = ( GEOMETRIC_REPRESENTATION_CONTEXT(2) 
PARAMETRIC_REPRESENTATION_CONTEXT() REPRESENTATION_CONTEXT('2D SPACE',''
  ) );
#3178 = ORIENTED_EDGE('',*,*,#3132,.T.);
#3179 = ORIENTED_EDGE('',*,*,#1619,.F.);
#3180 = ADVANCED_FACE('',(#3181),#1585,.T.);
#3181 = FACE_BOUND('',#3182,.T.);
#3182 = EDGE_LOOP('',(#3183,#3184,#3207,#3228));
#3183 = ORIENTED_EDGE('',*,*,#2468,.T.);
#3184 = ORIENTED_EDGE('',*,*,#3185,.T.);
#3185 = EDGE_CURVE('',#2442,#3186,#3188,.T.);
#3186 = VERTEX_POINT('',#3187);
#3187 = CARTESIAN_POINT('',(-19.4,-21.,18.2));
#3188 = SURFACE_CURVE('',#3189,(#3193,#3200),.PCURVE_S1.);
#3189 = LINE('',#3190,#3191);
#3190 = CARTESIAN_POINT('',(-19.4,-28.01,18.2));
#3191 = VECTOR('',#3192,1.);
#3192 = DIRECTION('',(-0.,1.,0.));
#3193 = PCURVE('',#1585,#3194);
#3194 = DEFINITIONAL_REPRESENTATION('',(#3195),#3199);
#3195 = LINE('',#3196,#3197);
#3196 = CARTESIAN_POINT('',(0.,0.));
#3197 = VECTOR('',#3198,1.);
#3198 = DIRECTION('',(0.,-1.));
#3199 = ( GEOMETRIC_REPRESENTATION_CONTEXT(2) 
PARAMETRIC_REPRESENTATION_CONTEXT() REPRESENTATION_CONTEXT('2D SPACE',''
  ) );
#3200 = PCURVE('',#2457,#3201);
#3201 = DEFINITIONAL_REPRESENTATION('',(#3202),#3206);
#3202 = LINE('',#3203,#3204);
#3203 = CARTESIAN_POINT('',(1.2,0.));
#3204 = VECTOR('',#3205,1.);
#3205 = DIRECTION('',(0.,1.));
#3206 = ( GEOMETRIC_REPRESENTATION_CONTEXT(2) 
PARAMETRIC_REPRESENTATION_CONTEXT() REPRESENTATION_CONTEXT('2D SPACE',''
  ) );
#3207 = ORIENTED_EDGE('',*,*,#3208,.T.);
#3208 = EDGE_CURVE('',#3186,#1545,#3209,.T.);
#3209 = SURFACE_CURVE('',#3210,(#3214,#3221),.PCURVE_S1.);
#3210 = LINE('',#3211,#3212);
#3211 = CARTESIAN_POINT('',(-19.4,-21.,18.2));
#3212 = VECTOR('',#3213,1.);
#3213 = DIRECTION('',(0.,0.,1.));
#3214 = PCURVE('',#1585,#3215);
#3215 = DEFINITIONAL_REPRESENTATION('',(#3216),#3220);
#3216 = LINE('',#3217,#3218);
#3217 = CARTESIAN_POINT('',(0.,-7.01));
#3218 = VECTOR('',#3219,1.);
#3219 = DIRECTION('',(1.,0.));
#3220 = ( GEOMETRIC_REPRESENTATION_CONTEXT(2) 
PARAMETRIC_REPRESENTATION_CONTEXT() REPRESENTATION_CONTEXT('2D SPACE',''
  ) );
#3221 = PCURVE('',#1559,#3222);
#3222 = DEFINITIONAL_REPRESENTATION('',(#3223),#3227);
#3223 = LINE('',#3224,#3225);
#3224 = CARTESIAN_POINT('',(0.,1.2));
#3225 = VECTOR('',#3226,1.);
#3226 = DIRECTION('',(1.,0.));
#3227 = ( GEOMETRIC_REPRESENTATION_CONTEXT(2) 
PARAMETRIC_REPRESENTATION_CONTEXT() REPRESENTATION_CONTEXT('2D SPACE',''
  ) );
#3228 = ORIENTED_EDGE('',*,*,#1570,.F.);
#3229 = ADVANCED_FACE('',(#3230),#1559,.T.);
#3230 = FACE_BOUND('',#3231,.T.);
#3231 = EDGE_LOOP('',(#3232,#3233,#3256,#3277));
#3232 = ORIENTED_EDGE('',*,*,#3208,.F.);
#3233 = ORIENTED_EDGE('',*,*,#3234,.F.);
#3234 = EDGE_CURVE('',#3235,#3186,#3237,.T.);
#3235 = VERTEX_POINT('',#3236);
#3236 = CARTESIAN_POINT('',(-20.6,-21.,18.2));
#3237 = SURFACE_CURVE('',#3238,(#3242,#3249),.PCURVE_S1.);
#3238 = LINE('',#3239,#3240);
#3239 = CARTESIAN_POINT('',(-20.6,-21.,18.2));
#3240 = VECTOR('',#3241,1.);
#3241 = DIRECTION('',(1.,0.,-0.));
#3242 = PCURVE('',#1559,#3243);
#3243 = DEFINITIONAL_REPRESENTATION('',(#3244),#3248);
#3244 = LINE('',#3245,#3246);
#3245 = CARTESIAN_POINT('',(0.,0.));
#3246 = VECTOR('',#3247,1.);
#3247 = DIRECTION('',(0.,1.));
#3248 = ( GEOMETRIC_REPRESENTATION_CONTEXT(2) 
PARAMETRIC_REPRESENTATION_CONTEXT() REPRESENTATION_CONTEXT('2D SPACE',''
  ) );
#3249 = PCURVE('',#2457,#3250);
#3250 = DEFINITIONAL_REPRESENTATION('',(#3251),#3255);
#3251 = LINE('',#3252,#3253);
#3252 = CARTESIAN_POINT('',(0.,7.01));
#3253 = VECTOR('',#3254,1.);
#3254 = DIRECTION('',(1.,0.));
#3255 = ( GEOMETRIC_REPRESENTATION_CONTEXT(2) 
PARAMETRIC_REPRESENTATION_CONTEXT() REPRESENTATION_CONTEXT('2D SPACE',''
  ) );
#3256 = ORIENTED_EDGE('',*,*,#3257,.T.);
#3257 = EDGE_CURVE('',#3235,#1519,#3258,.T.);
#3258 = SURFACE_CURVE('',#3259,(#3263,#3270),.PCURVE_S1.);
#3259 = LINE('',#3260,#3261);
#3260 = CARTESIAN_POINT('',(-20.6,-21.,18.2));
#3261 = VECTOR('',#3262,1.);
#3262 = DIRECTION('',(0.,0.,1.));
#3263 = PCURVE('',#1559,#3264);
#3264 = DEFINITIONAL_REPRESENTATION('',(#3265),#3269);
#3265 = LINE('',#3266,#3267);
#3266 = CARTESIAN_POINT('',(0.,0.));
#3267 = VECTOR('',#3268,1.);
#3268 = DIRECTION('',(1.,0.));
#3269 = ( GEOMETRIC_REPRESENTATION_CONTEXT(2) 
PARAMETRIC_REPRESENTATION_CONTEXT() REPRESENTATION_CONTEXT('2D SPACE',''
  ) );
#3270 = PCURVE('',#1533,#3271);
#3271 = DEFINITIONAL_REPRESENTATION('',(#3272),#3276);
#3272 = LINE('',#3273,#3274);
#3273 = CARTESIAN_POINT('',(0.,-7.01));
#3274 = VECTOR('',#3275,1.);
#3275 = DIRECTION('',(1.,0.));
#3276 = ( GEOMETRIC_REPRESENTATION_CONTEXT(2) 
PARAMETRIC_REPRESENTATION_CONTEXT() REPRESENTATION_CONTEXT('2D SPACE',''
  ) );
#3277 = ORIENTED_EDGE('',*,*,#1544,.F.);
#3278 = ADVANCED_FACE('',(#3279),#1533,.F.);
#3279 = FACE_BOUND('',#3280,.F.);
#3280 = EDGE_LOOP('',(#3281,#3282,#3303,#3304));
#3281 = ORIENTED_EDGE('',*,*,#2419,.T.);
#3282 = ORIENTED_EDGE('',*,*,#3283,.T.);
#3283 = EDGE_CURVE('',#2420,#3235,#3284,.T.);
#3284 = SURFACE_CURVE('',#3285,(#3289,#3296),.PCURVE_S1.);
#3285 = LINE('',#3286,#3287);
#3286 = CARTESIAN_POINT('',(-20.6,-28.01,18.2));
#3287 = VECTOR('',#3288,1.);
#3288 = DIRECTION('',(-0.,1.,0.));
#3289 = PCURVE('',#1533,#3290);
#3290 = DEFINITIONAL_REPRESENTATION('',(#3291),#3295);
#3291 = LINE('',#3292,#3293);
#3292 = CARTESIAN_POINT('',(0.,0.));
#3293 = VECTOR('',#3294,1.);
#3294 = DIRECTION('',(0.,-1.));
#3295 = ( GEOMETRIC_REPRESENTATION_CONTEXT(2) 
PARAMETRIC_REPRESENTATION_CONTEXT() REPRESENTATION_CONTEXT('2D SPACE',''
  ) );
#3296 = PCURVE('',#2457,#3297);
#3297 = DEFINITIONAL_REPRESENTATION('',(#3298),#3302);
#3298 = LINE('',#3299,#3300);
#3299 = CARTESIAN_POINT('',(0.,0.));
#3300 = VECTOR('',#3301,1.);
#3301 = DIRECTION('',(0.,1.));
#3302 = ( GEOMETRIC_REPRESENTATION_CONTEXT(2) 
PARAMETRIC_REPRESENTATION_CONTEXT() REPRESENTATION_CONTEXT('2D SPACE',''
  ) );
#3303 = ORIENTED_EDGE('',*,*,#3257,.T.);
#3304 = ORIENTED_EDGE('',*,*,#1518,.F.);
#3305 = ADVANCED_FACE('',(#3306),#2527,.F.);
#3306 = FACE_BOUND('',#3307,.F.);
#3307 = EDGE_LOOP('',(#3308,#3309,#3310,#3311));
#3308 = ORIENTED_EDGE('',*,*,#3158,.F.);
#3309 = ORIENTED_EDGE('',*,*,#2511,.T.);
#3310 = ORIENTED_EDGE('',*,*,#3060,.T.);
#3311 = ORIENTED_EDGE('',*,*,#3109,.F.);
#3312 = ADVANCED_FACE('',(#3313),#2457,.F.);
#3313 = FACE_BOUND('',#3314,.F.);
#3314 = EDGE_LOOP('',(#3315,#3316,#3317,#3318));
#3315 = ORIENTED_EDGE('',*,*,#3283,.F.);
#3316 = ORIENTED_EDGE('',*,*,#2441,.T.);
#3317 = ORIENTED_EDGE('',*,*,#3185,.T.);
#3318 = ORIENTED_EDGE('',*,*,#3234,.F.);
#3319 = ADVANCED_FACE('',(#3320),#2586,.T.);
#3320 = FACE_BOUND('',#3321,.T.);
#3321 = EDGE_LOOP('',(#3322,#3323,#3346,#3373));
#3322 = ORIENTED_EDGE('',*,*,#2565,.F.);
#3323 = ORIENTED_EDGE('',*,*,#3324,.F.);
#3324 = EDGE_CURVE('',#3325,#2566,#3327,.T.);
#3325 = VERTEX_POINT('',#3326);
#3326 = CARTESIAN_POINT('',(-24.5,-15.8,21.));
#3327 = SEAM_CURVE('',#3328,(#3332,#3339),.PCURVE_S1.);
#3328 = LINE('',#3329,#3330);
#3329 = CARTESIAN_POINT('',(-24.5,-15.8,21.));
#3330 = VECTOR('',#3331,1.);
#3331 = DIRECTION('',(0.,-1.,2.22044604925E-16));
#3332 = PCURVE('',#2586,#3333);
#3333 = DEFINITIONAL_REPRESENTATION('',(#3334),#3338);
#3334 = LINE('',#3335,#3336);
#3335 = CARTESIAN_POINT('',(6.28318530718,-0.));
#3336 = VECTOR('',#3337,1.);
#3337 = DIRECTION('',(0.,1.));
#3338 = ( GEOMETRIC_REPRESENTATION_CONTEXT(2) 
PARAMETRIC_REPRESENTATION_CONTEXT() REPRESENTATION_CONTEXT('2D SPACE',''
  ) );
#3339 = PCURVE('',#2586,#3340);
#3340 = DEFINITIONAL_REPRESENTATION('',(#3341),#3345);
#3341 = LINE('',#3342,#3343);
#3342 = CARTESIAN_POINT('',(0.,-0.));
#3343 = VECTOR('',#3344,1.);
#3344 = DIRECTION('',(0.,1.));
#3345 = ( GEOMETRIC_REPRESENTATION_CONTEXT(2) 
PARAMETRIC_REPRESENTATION_CONTEXT() REPRESENTATION_CONTEXT('2D SPACE',''
  ) );
#3346 = ORIENTED_EDGE('',*,*,#3347,.T.);
#3347 = EDGE_CURVE('',#3325,#3325,#3348,.T.);
#3348 = SURFACE_CURVE('',#3349,(#3354,#3361),.PCURVE_S1.);
#3349 = CIRCLE('',#3350,2.5);
#3350 = AXIS2_PLACEMENT_3D('',#3351,#3352,#3353);
#3351 = CARTESIAN_POINT('',(-27.,-15.8,21.));
#3352 = DIRECTION('',(0.,-1.,2.22044604925E-16));
#3353 = DIRECTION('',(1.,0.,0.));
#3354 = PCURVE('',#2586,#3355);
#3355 = DEFINITIONAL_REPRESENTATION('',(#3356),#3360);
#3356 = LINE('',#3357,#3358);
#3357 = CARTESIAN_POINT('',(0.,0.));
#3358 = VECTOR('',#3359,1.);
#3359 = DIRECTION('',(1.,0.));
#3360 = ( GEOMETRIC_REPRESENTATION_CONTEXT(2) 
PARAMETRIC_REPRESENTATION_CONTEXT() REPRESENTATION_CONTEXT('2D SPACE',''
  ) );
#3361 = PCURVE('',#3362,#3367);
#3362 = PLANE('',#3363);
#3363 = AXIS2_PLACEMENT_3D('',#3364,#3365,#3366);
#3364 = CARTESIAN_POINT('',(-27.,-15.8,21.));
#3365 = DIRECTION('',(0.,-1.,2.22044604925E-16));
#3366 = DIRECTION('',(1.,0.,0.));
#3367 = DEFINITIONAL_REPRESENTATION('',(#3368),#3372);
#3368 = CIRCLE('',#3369,2.5);
#3369 = AXIS2_PLACEMENT_2D('',#3370,#3371);
#3370 = CARTESIAN_POINT('',(0.,0.));
#3371 = DIRECTION('',(1.,0.));
#3372 = ( GEOMETRIC_REPRESENTATION_CONTEXT(2) 
PARAMETRIC_REPRESENTATION_CONTEXT() REPRESENTATION_CONTEXT('2D SPACE',''
  ) );
#3373 = ORIENTED_EDGE('',*,*,#3324,.T.);
#3374 = ADVANCED_FACE('',(#3375),#2621,.T.);
#3375 = FACE_BOUND('',#3376,.T.);
#3376 = EDGE_LOOP('',(#3377,#3378,#3401,#3428));
#3377 = ORIENTED_EDGE('',*,*,#2600,.F.);
#3378 = ORIENTED_EDGE('',*,*,#3379,.F.);
#3379 = EDGE_CURVE('',#3380,#2601,#3382,.T.);
#3380 = VERTEX_POINT('',#3381);
#3381 = CARTESIAN_POINT('',(29.5,-15.8,-21.));
#3382 = SEAM_CURVE('',#3383,(#3387,#3394),.PCURVE_S1.);
#3383 = LINE('',#3384,#3385);
#3384 = CARTESIAN_POINT('',(29.5,-15.8,-21.));
#3385 = VECTOR('',#3386,1.);
#3386 = DIRECTION('',(0.,-1.,2.22044604925E-16));
#3387 = PCURVE('',#2621,#3388);
#3388 = DEFINITIONAL_REPRESENTATION('',(#3389),#3393);
#3389 = LINE('',#3390,#3391);
#3390 = CARTESIAN_POINT('',(6.28318530718,-0.));
#3391 = VECTOR('',#3392,1.);
#3392 = DIRECTION('',(0.,1.));
#3393 = ( GEOMETRIC_REPRESENTATION_CONTEXT(2) 
PARAMETRIC_REPRESENTATION_CONTEXT() REPRESENTATION_CONTEXT('2D SPACE',''
  ) );
#3394 = PCURVE('',#2621,#3395);
#3395 = DEFINITIONAL_REPRESENTATION('',(#3396),#3400);
#3396 = LINE('',#3397,#3398);
#3397 = CARTESIAN_POINT('',(0.,-0.));
#3398 = VECTOR('',#3399,1.);
#3399 = DIRECTION('',(0.,1.));
#3400 = ( GEOMETRIC_REPRESENTATION_CONTEXT(2) 
PARAMETRIC_REPRESENTATION_CONTEXT() REPRESENTATION_CONTEXT('2D SPACE',''
  ) );
#3401 = ORIENTED_EDGE('',*,*,#3402,.T.);
#3402 = EDGE_CURVE('',#3380,#3380,#3403,.T.);
#3403 = SURFACE_CURVE('',#3404,(#3409,#3416),.PCURVE_S1.);
#3404 = CIRCLE('',#3405,2.5);
#3405 = AXIS2_PLACEMENT_3D('',#3406,#3407,#3408);
#3406 = CARTESIAN_POINT('',(27.,-15.8,-21.));
#3407 = DIRECTION('',(0.,-1.,2.22044604925E-16));
#3408 = DIRECTION('',(1.,0.,0.));
#3409 = PCURVE('',#2621,#3410);
#3410 = DEFINITIONAL_REPRESENTATION('',(#3411),#3415);
#3411 = LINE('',#3412,#3413);
#3412 = CARTESIAN_POINT('',(0.,0.));
#3413 = VECTOR('',#3414,1.);
#3414 = DIRECTION('',(1.,0.));
#3415 = ( GEOMETRIC_REPRESENTATION_CONTEXT(2) 
PARAMETRIC_REPRESENTATION_CONTEXT() REPRESENTATION_CONTEXT('2D SPACE',''
  ) );
#3416 = PCURVE('',#3417,#3422);
#3417 = PLANE('',#3418);
#3418 = AXIS2_PLACEMENT_3D('',#3419,#3420,#3421);
#3419 = CARTESIAN_POINT('',(27.,-15.8,-21.));
#3420 = DIRECTION('',(0.,-1.,2.22044604925E-16));
#3421 = DIRECTION('',(1.,0.,0.));
#3422 = DEFINITIONAL_REPRESENTATION('',(#3423),#3427);
#3423 = CIRCLE('',#3424,2.5);
#3424 = AXIS2_PLACEMENT_2D('',#3425,#3426);
#3425 = CARTESIAN_POINT('',(0.,0.));
#3426 = DIRECTION('',(1.,0.));
#3427 = ( GEOMETRIC_REPRESENTATION_CONTEXT(2) 
PARAMETRIC_REPRESENTATION_CONTEXT() REPRESENTATION_CONTEXT('2D SPACE',''
  ) );
#3428 = ORIENTED_EDGE('',*,*,#3379,.T.);
#3429 = ADVANCED_FACE('',(#3430),#2659,.T.);
#3430 = FACE_BOUND('',#3431,.T.);
#3431 = EDGE_LOOP('',(#3432,#3433,#3456,#3483));
#3432 = ORIENTED_EDGE('',*,*,#2638,.F.);
#3433 = ORIENTED_EDGE('',*,*,#3434,.F.);
#3434 = EDGE_CURVE('',#3435,#2639,#3437,.T.);
#3435 = VERTEX_POINT('',#3436);
#3436 = CARTESIAN_POINT('',(29.5,-15.8,21.));
#3437 = SEAM_CURVE('',#3438,(#3442,#3449),.PCURVE_S1.);
#3438 = LINE('',#3439,#3440);
#3439 = CARTESIAN_POINT('',(29.5,-15.8,21.));
#3440 = VECTOR('',#3441,1.);
#3441 = DIRECTION('',(0.,-1.,2.22044604925E-16));
#3442 = PCURVE('',#2659,#3443);
#3443 = DEFINITIONAL_REPRESENTATION('',(#3444),#3448);
#3444 = LINE('',#3445,#3446);
#3445 = CARTESIAN_POINT('',(6.28318530718,-0.));
#3446 = VECTOR('',#3447,1.);
#3447 = DIRECTION('',(0.,1.));
#3448 = ( GEOMETRIC_REPRESENTATION_CONTEXT(2) 
PARAMETRIC_REPRESENTATION_CONTEXT() REPRESENTATION_CONTEXT('2D SPACE',''
  ) );
#3449 = PCURVE('',#2659,#3450);
#3450 = DEFINITIONAL_REPRESENTATION('',(#3451),#3455);
#3451 = LINE('',#3452,#3453);
#3452 = CARTESIAN_POINT('',(0.,-0.));
#3453 = VECTOR('',#3454,1.);
#3454 = DIRECTION('',(0.,1.));
#3455 = ( GEOMETRIC_REPRESENTATION_CONTEXT(2) 
PARAMETRIC_REPRESENTATION_CONTEXT() REPRESENTATION_CONTEXT('2D SPACE',''
  ) );
#3456 = ORIENTED_EDGE('',*,*,#3457,.T.);
#3457 = EDGE_CURVE('',#3435,#3435,#3458,.T.);
#3458 = SURFACE_CURVE('',#3459,(#3464,#3471),.PCURVE_S1.);
#3459 = CIRCLE('',#3460,2.5);
#3460 = AXIS2_PLACEMENT_3D('',#3461,#3462,#3463);
#3461 = CARTESIAN_POINT('',(27.,-15.8,21.));
#3462 = DIRECTION('',(0.,-1.,2.22044604925E-16));
#3463 = DIRECTION('',(1.,0.,0.));
#3464 = PCURVE('',#2659,#3465);
#3465 = DEFINITIONAL_REPRESENTATION('',(#3466),#3470);
#3466 = LINE('',#3467,#3468);
#3467 = CARTESIAN_POINT('',(0.,0.));
#3468 = VECTOR('',#3469,1.);
#3469 = DIRECTION('',(1.,0.));
#3470 = ( GEOMETRIC_REPRESENTATION_CONTEXT(2) 
PARAMETRIC_REPRESENTATION_CONTEXT() REPRESENTATION_CONTEXT('2D SPACE',''
  ) );
#3471 = PCURVE('',#3472,#3477);
#3472 = PLANE('',#3473);
#3473 = AXIS2_PLACEMENT_3D('',#3474,#3475,#3476);
#3474 = CARTESIAN_POINT('',(27.,-15.8,21.));
#3475 = DIRECTION('',(0.,-1.,2.22044604925E-16));
#3476 = DIRECTION('',(1.,0.,0.));
#3477 = DEFINITIONAL_REPRESENTATION('',(#3478),#3482);
#3478 = CIRCLE('',#3479,2.5);
#3479 = AXIS2_PLACEMENT_2D('',#3480,#3481);
#3480 = CARTESIAN_POINT('',(0.,0.));
#3481 = DIRECTION('',(1.,0.));
#3482 = ( GEOMETRIC_REPRESENTATION_CONTEXT(2) 
PARAMETRIC_REPRESENTATION_CONTEXT() REPRESENTATION_CONTEXT('2D SPACE',''
  ) );
#3483 = ORIENTED_EDGE('',*,*,#3434,.T.);
#3484 = ADVANCED_FACE('',(#3485,#3488),#3362,.F.);
#3485 = FACE_BOUND('',#3486,.F.);
#3486 = EDGE_LOOP('',(#3487));
#3487 = ORIENTED_EDGE('',*,*,#3347,.T.);
#3488 = FACE_BOUND('',#3489,.F.);
#3489 = EDGE_LOOP('',(#3490));
#3490 = ORIENTED_EDGE('',*,*,#3491,.F.);
#3491 = EDGE_CURVE('',#3492,#3492,#3494,.T.);
#3492 = VERTEX_POINT('',#3493);
#3493 = CARTESIAN_POINT('',(-26.,-15.8,21.));
#3494 = SURFACE_CURVE('',#3495,(#3500,#3507),.PCURVE_S1.);
#3495 = CIRCLE('',#3496,1.);
#3496 = AXIS2_PLACEMENT_3D('',#3497,#3498,#3499);
#3497 = CARTESIAN_POINT('',(-27.,-15.8,21.));
#3498 = DIRECTION('',(0.,-1.,2.22044604925E-16));
#3499 = DIRECTION('',(1.,0.,0.));
#3500 = PCURVE('',#3362,#3501);
#3501 = DEFINITIONAL_REPRESENTATION('',(#3502),#3506);
#3502 = CIRCLE('',#3503,1.);
#3503 = AXIS2_PLACEMENT_2D('',#3504,#3505);
#3504 = CARTESIAN_POINT('',(0.,0.));
#3505 = DIRECTION('',(1.,0.));
#3506 = ( GEOMETRIC_REPRESENTATION_CONTEXT(2) 
PARAMETRIC_REPRESENTATION_CONTEXT() REPRESENTATION_CONTEXT('2D SPACE',''
  ) );
#3507 = PCURVE('',#3508,#3513);
#3508 = CYLINDRICAL_SURFACE('',#3509,1.);
#3509 = AXIS2_PLACEMENT_3D('',#3510,#3511,#3512);
#3510 = CARTESIAN_POINT('',(-27.,-14.8,21.));
#3511 = DIRECTION('',(0.,-1.,2.22044604925E-16));
#3512 = DIRECTION('',(1.,0.,0.));
#3513 = DEFINITIONAL_REPRESENTATION('',(#3514),#3518);
#3514 = LINE('',#3515,#3516);
#3515 = CARTESIAN_POINT('',(0.,1.));
#3516 = VECTOR('',#3517,1.);
#3517 = DIRECTION('',(1.,0.));
#3518 = ( GEOMETRIC_REPRESENTATION_CONTEXT(2) 
PARAMETRIC_REPRESENTATION_CONTEXT() REPRESENTATION_CONTEXT('2D SPACE',''
  ) );
#3519 = ADVANCED_FACE('',(#3520,#3523),#3417,.F.);
#3520 = FACE_BOUND('',#3521,.F.);
#3521 = EDGE_LOOP('',(#3522));
#3522 = ORIENTED_EDGE('',*,*,#3402,.T.);
#3523 = FACE_BOUND('',#3524,.F.);
#3524 = EDGE_LOOP('',(#3525));
#3525 = ORIENTED_EDGE('',*,*,#3526,.F.);
#3526 = EDGE_CURVE('',#3527,#3527,#3529,.T.);
#3527 = VERTEX_POINT('',#3528);
#3528 = CARTESIAN_POINT('',(28.,-15.8,-21.));
#3529 = SURFACE_CURVE('',#3530,(#3535,#3542),.PCURVE_S1.);
#3530 = CIRCLE('',#3531,1.);
#3531 = AXIS2_PLACEMENT_3D('',#3532,#3533,#3534);
#3532 = CARTESIAN_POINT('',(27.,-15.8,-21.));
#3533 = DIRECTION('',(0.,-1.,2.22044604925E-16));
#3534 = DIRECTION('',(1.,0.,0.));
#3535 = PCURVE('',#3417,#3536);
#3536 = DEFINITIONAL_REPRESENTATION('',(#3537),#3541);
#3537 = CIRCLE('',#3538,1.);
#3538 = AXIS2_PLACEMENT_2D('',#3539,#3540);
#3539 = CARTESIAN_POINT('',(0.,0.));
#3540 = DIRECTION('',(1.,0.));
#3541 = ( GEOMETRIC_REPRESENTATION_CONTEXT(2) 
PARAMETRIC_REPRESENTATION_CONTEXT() REPRESENTATION_CONTEXT('2D SPACE',''
  ) );
#3542 = PCURVE('',#3543,#3548);
#3543 = CYLINDRICAL_SURFACE('',#3544,1.);
#3544 = AXIS2_PLACEMENT_3D('',#3545,#3546,#3547);
#3545 = CARTESIAN_POINT('',(27.,-14.8,-21.));
#3546 = DIRECTION('',(0.,-1.,2.22044604925E-16));
#3547 = DIRECTION('',(1.,0.,0.));
#3548 = DEFINITIONAL_REPRESENTATION('',(#3549),#3553);
#3549 = LINE('',#3550,#3551);
#3550 = CARTESIAN_POINT('',(0.,1.));
#3551 = VECTOR('',#3552,1.);
#3552 = DIRECTION('',(1.,0.));
#3553 = ( GEOMETRIC_REPRESENTATION_CONTEXT(2) 
PARAMETRIC_REPRESENTATION_CONTEXT() REPRESENTATION_CONTEXT('2D SPACE',''
  ) );
#3554 = ADVANCED_FACE('',(#3555,#3558),#3472,.F.);
#3555 = FACE_BOUND('',#3556,.F.);
#3556 = EDGE_LOOP('',(#3557));
#3557 = ORIENTED_EDGE('',*,*,#3457,.T.);
#3558 = FACE_BOUND('',#3559,.F.);
#3559 = EDGE_LOOP('',(#3560));
#3560 = ORIENTED_EDGE('',*,*,#3561,.F.);
#3561 = EDGE_CURVE('',#3562,#3562,#3564,.T.);
#3562 = VERTEX_POINT('',#3563);
#3563 = CARTESIAN_POINT('',(28.,-15.8,21.));
#3564 = SURFACE_CURVE('',#3565,(#3570,#3577),.PCURVE_S1.);
#3565 = CIRCLE('',#3566,1.);
#3566 = AXIS2_PLACEMENT_3D('',#3567,#3568,#3569);
#3567 = CARTESIAN_POINT('',(27.,-15.8,21.));
#3568 = DIRECTION('',(0.,-1.,2.22044604925E-16));
#3569 = DIRECTION('',(1.,0.,0.));
#3570 = PCURVE('',#3472,#3571);
#3571 = DEFINITIONAL_REPRESENTATION('',(#3572),#3576);
#3572 = CIRCLE('',#3573,1.);
#3573 = AXIS2_PLACEMENT_2D('',#3574,#3575);
#3574 = CARTESIAN_POINT('',(0.,0.));
#3575 = DIRECTION('',(1.,0.));
#3576 = ( GEOMETRIC_REPRESENTATION_CONTEXT(2) 
PARAMETRIC_REPRESENTATION_CONTEXT() REPRESENTATION_CONTEXT('2D SPACE',''
  ) );
#3577 = PCURVE('',#3578,#3583);
#3578 = CYLINDRICAL_SURFACE('',#3579,1.);
#3579 = AXIS2_PLACEMENT_3D('',#3580,#3581,#3582);
#3580 = CARTESIAN_POINT('',(27.,-14.8,21.));
#3581 = DIRECTION('',(0.,-1.,2.22044604925E-16));
#3582 = DIRECTION('',(1.,0.,0.));
#3583 = DEFINITIONAL_REPRESENTATION('',(#3584),#3588);
#3584 = LINE('',#3585,#3586);
#3585 = CARTESIAN_POINT('',(0.,1.));
#3586 = VECTOR('',#3587,1.);
#3587 = DIRECTION('',(1.,0.));
#3588 = ( GEOMETRIC_REPRESENTATION_CONTEXT(2) 
PARAMETRIC_REPRESENTATION_CONTEXT() REPRESENTATION_CONTEXT('2D SPACE',''
  ) );
#3589 = ADVANCED_FACE('',(#3590),#3508,.F.);
#3590 = FACE_BOUND('',#3591,.F.);
#3591 = EDGE_LOOP('',(#3592,#3615,#3642,#3643));
#3592 = ORIENTED_EDGE('',*,*,#3593,.T.);
#3593 = EDGE_CURVE('',#3492,#3594,#3596,.T.);
#3594 = VERTEX_POINT('',#3595);
#3595 = CARTESIAN_POINT('',(-26.,-27.,21.));
#3596 = SEAM_CURVE('',#3597,(#3601,#3608),.PCURVE_S1.);
#3597 = LINE('',#3598,#3599);
#3598 = CARTESIAN_POINT('',(-26.,-14.8,21.));
#3599 = VECTOR('',#3600,1.);
#3600 = DIRECTION('',(0.,-1.,2.22044604925E-16));
#3601 = PCURVE('',#3508,#3602);
#3602 = DEFINITIONAL_REPRESENTATION('',(#3603),#3607);
#3603 = LINE('',#3604,#3605);
#3604 = CARTESIAN_POINT('',(6.28318530718,-0.));
#3605 = VECTOR('',#3606,1.);
#3606 = DIRECTION('',(0.,1.));
#3607 = ( GEOMETRIC_REPRESENTATION_CONTEXT(2) 
PARAMETRIC_REPRESENTATION_CONTEXT() REPRESENTATION_CONTEXT('2D SPACE',''
  ) );
#3608 = PCURVE('',#3508,#3609);
#3609 = DEFINITIONAL_REPRESENTATION('',(#3610),#3614);
#3610 = LINE('',#3611,#3612);
#3611 = CARTESIAN_POINT('',(0.,-0.));
#3612 = VECTOR('',#3613,1.);
#3613 = DIRECTION('',(0.,1.));
#3614 = ( GEOMETRIC_REPRESENTATION_CONTEXT(2) 
PARAMETRIC_REPRESENTATION_CONTEXT() REPRESENTATION_CONTEXT('2D SPACE',''
  ) );
#3615 = ORIENTED_EDGE('',*,*,#3616,.F.);
#3616 = EDGE_CURVE('',#3594,#3594,#3617,.T.);
#3617 = SURFACE_CURVE('',#3618,(#3623,#3630),.PCURVE_S1.);
#3618 = CIRCLE('',#3619,1.);
#3619 = AXIS2_PLACEMENT_3D('',#3620,#3621,#3622);
#3620 = CARTESIAN_POINT('',(-27.,-27.,21.));
#3621 = DIRECTION('',(0.,-1.,2.22044604925E-16));
#3622 = DIRECTION('',(1.,0.,0.));
#3623 = PCURVE('',#3508,#3624);
#3624 = DEFINITIONAL_REPRESENTATION('',(#3625),#3629);
#3625 = LINE('',#3626,#3627);
#3626 = CARTESIAN_POINT('',(0.,12.2));
#3627 = VECTOR('',#3628,1.);
#3628 = DIRECTION('',(1.,0.));
#3629 = ( GEOMETRIC_REPRESENTATION_CONTEXT(2) 
PARAMETRIC_REPRESENTATION_CONTEXT() REPRESENTATION_CONTEXT('2D SPACE',''
  ) );
#3630 = PCURVE('',#3631,#3636);
#3631 = PLANE('',#3632);
#3632 = AXIS2_PLACEMENT_3D('',#3633,#3634,#3635);
#3633 = CARTESIAN_POINT('',(-27.,-27.,21.));
#3634 = DIRECTION('',(0.,-1.,2.22044604925E-16));
#3635 = DIRECTION('',(1.,0.,0.));
#3636 = DEFINITIONAL_REPRESENTATION('',(#3637),#3641);
#3637 = CIRCLE('',#3638,1.);
#3638 = AXIS2_PLACEMENT_2D('',#3639,#3640);
#3639 = CARTESIAN_POINT('',(0.,0.));
#3640 = DIRECTION('',(1.,0.));
#3641 = ( GEOMETRIC_REPRESENTATION_CONTEXT(2) 
PARAMETRIC_REPRESENTATION_CONTEXT() REPRESENTATION_CONTEXT('2D SPACE',''
  ) );
#3642 = ORIENTED_EDGE('',*,*,#3593,.F.);
#3643 = ORIENTED_EDGE('',*,*,#3491,.T.);
#3644 = ADVANCED_FACE('',(#3645),#3543,.F.);
#3645 = FACE_BOUND('',#3646,.F.);
#3646 = EDGE_LOOP('',(#3647,#3670,#3697,#3698));
#3647 = ORIENTED_EDGE('',*,*,#3648,.T.);
#3648 = EDGE_CURVE('',#3527,#3649,#3651,.T.);
#3649 = VERTEX_POINT('',#3650);
#3650 = CARTESIAN_POINT('',(28.,-27.,-21.));
#3651 = SEAM_CURVE('',#3652,(#3656,#3663),.PCURVE_S1.);
#3652 = LINE('',#3653,#3654);
#3653 = CARTESIAN_POINT('',(28.,-14.8,-21.));
#3654 = VECTOR('',#3655,1.);
#3655 = DIRECTION('',(0.,-1.,2.22044604925E-16));
#3656 = PCURVE('',#3543,#3657);
#3657 = DEFINITIONAL_REPRESENTATION('',(#3658),#3662);
#3658 = LINE('',#3659,#3660);
#3659 = CARTESIAN_POINT('',(6.28318530718,-0.));
#3660 = VECTOR('',#3661,1.);
#3661 = DIRECTION('',(0.,1.));
#3662 = ( GEOMETRIC_REPRESENTATION_CONTEXT(2) 
PARAMETRIC_REPRESENTATION_CONTEXT() REPRESENTATION_CONTEXT('2D SPACE',''
  ) );
#3663 = PCURVE('',#3543,#3664);
#3664 = DEFINITIONAL_REPRESENTATION('',(#3665),#3669);
#3665 = LINE('',#3666,#3667);
#3666 = CARTESIAN_POINT('',(0.,-0.));
#3667 = VECTOR('',#3668,1.);
#3668 = DIRECTION('',(0.,1.));
#3669 = ( GEOMETRIC_REPRESENTATION_CONTEXT(2) 
PARAMETRIC_REPRESENTATION_CONTEXT() REPRESENTATION_CONTEXT('2D SPACE',''
  ) );
#3670 = ORIENTED_EDGE('',*,*,#3671,.F.);
#3671 = EDGE_CURVE('',#3649,#3649,#3672,.T.);
#3672 = SURFACE_CURVE('',#3673,(#3678,#3685),.PCURVE_S1.);
#3673 = CIRCLE('',#3674,1.);
#3674 = AXIS2_PLACEMENT_3D('',#3675,#3676,#3677);
#3675 = CARTESIAN_POINT('',(27.,-27.,-21.));
#3676 = DIRECTION('',(0.,-1.,2.22044604925E-16));
#3677 = DIRECTION('',(1.,0.,0.));
#3678 = PCURVE('',#3543,#3679);
#3679 = DEFINITIONAL_REPRESENTATION('',(#3680),#3684);
#3680 = LINE('',#3681,#3682);
#3681 = CARTESIAN_POINT('',(0.,12.2));
#3682 = VECTOR('',#3683,1.);
#3683 = DIRECTION('',(1.,0.));
#3684 = ( GEOMETRIC_REPRESENTATION_CONTEXT(2) 
PARAMETRIC_REPRESENTATION_CONTEXT() REPRESENTATION_CONTEXT('2D SPACE',''
  ) );
#3685 = PCURVE('',#3686,#3691);
#3686 = PLANE('',#3687);
#3687 = AXIS2_PLACEMENT_3D('',#3688,#3689,#3690);
#3688 = CARTESIAN_POINT('',(27.,-27.,-21.));
#3689 = DIRECTION('',(0.,-1.,2.22044604925E-16));
#3690 = DIRECTION('',(1.,0.,0.));
#3691 = DEFINITIONAL_REPRESENTATION('',(#3692),#3696);
#3692 = CIRCLE('',#3693,1.);
#3693 = AXIS2_PLACEMENT_2D('',#3694,#3695);
#3694 = CARTESIAN_POINT('',(0.,0.));
#3695 = DIRECTION('',(1.,0.));
#3696 = ( GEOMETRIC_REPRESENTATION_CONTEXT(2) 
PARAMETRIC_REPRESENTATION_CONTEXT() REPRESENTATION_CONTEXT('2D SPACE',''
  ) );
#3697 = ORIENTED_EDGE('',*,*,#3648,.F.);
#3698 = ORIENTED_EDGE('',*,*,#3526,.T.);
#3699 = ADVANCED_FACE('',(#3700),#3578,.F.);
#3700 = FACE_BOUND('',#3701,.F.);
#3701 = EDGE_LOOP('',(#3702,#3725,#3752,#3753));
#3702 = ORIENTED_EDGE('',*,*,#3703,.T.);
#3703 = EDGE_CURVE('',#3562,#3704,#3706,.T.);
#3704 = VERTEX_POINT('',#3705);
#3705 = CARTESIAN_POINT('',(28.,-27.,21.));
#3706 = SEAM_CURVE('',#3707,(#3711,#3718),.PCURVE_S1.);
#3707 = LINE('',#3708,#3709);
#3708 = CARTESIAN_POINT('',(28.,-14.8,21.));
#3709 = VECTOR('',#3710,1.);
#3710 = DIRECTION('',(0.,-1.,2.22044604925E-16));
#3711 = PCURVE('',#3578,#3712);
#3712 = DEFINITIONAL_REPRESENTATION('',(#3713),#3717);
#3713 = LINE('',#3714,#3715);
#3714 = CARTESIAN_POINT('',(6.28318530718,-0.));
#3715 = VECTOR('',#3716,1.);
#3716 = DIRECTION('',(0.,1.));
#3717 = ( GEOMETRIC_REPRESENTATION_CONTEXT(2) 
PARAMETRIC_REPRESENTATION_CONTEXT() REPRESENTATION_CONTEXT('2D SPACE',''
  ) );
#3718 = PCURVE('',#3578,#3719);
#3719 = DEFINITIONAL_REPRESENTATION('',(#3720),#3724);
#3720 = LINE('',#3721,#3722);
#3721 = CARTESIAN_POINT('',(0.,-0.));
#3722 = VECTOR('',#3723,1.);
#3723 = DIRECTION('',(0.,1.));
#3724 = ( GEOMETRIC_REPRESENTATION_CONTEXT(2) 
PARAMETRIC_REPRESENTATION_CONTEXT() REPRESENTATION_CONTEXT('2D SPACE',''
  ) );
#3725 = ORIENTED_EDGE('',*,*,#3726,.F.);
#3726 = EDGE_CURVE('',#3704,#3704,#3727,.T.);
#3727 = SURFACE_CURVE('',#3728,(#3733,#3740),.PCURVE_S1.);
#3728 = CIRCLE('',#3729,1.);
#3729 = AXIS2_PLACEMENT_3D('',#3730,#3731,#3732);
#3730 = CARTESIAN_POINT('',(27.,-27.,21.));
#3731 = DIRECTION('',(0.,-1.,2.22044604925E-16));
#3732 = DIRECTION('',(1.,0.,0.));
#3733 = PCURVE('',#3578,#3734);
#3734 = DEFINITIONAL_REPRESENTATION('',(#3735),#3739);
#3735 = LINE('',#3736,#3737);
#3736 = CARTESIAN_POINT('',(0.,12.2));
#3737 = VECTOR('',#3738,1.);
#3738 = DIRECTION('',(1.,0.));
#3739 = ( GEOMETRIC_REPRESENTATION_CONTEXT(2) 
PARAMETRIC_REPRESENTATION_CONTEXT() REPRESENTATION_CONTEXT('2D SPACE',''
  ) );
#3740 = PCURVE('',#3741,#3746);
#3741 = PLANE('',#3742);
#3742 = AXIS2_PLACEMENT_3D('',#3743,#3744,#3745);
#3743 = CARTESIAN_POINT('',(27.,-27.,21.));
#3744 = DIRECTION('',(0.,-1.,2.22044604925E-16));
#3745 = DIRECTION('',(1.,0.,0.));
#3746 = DEFINITIONAL_REPRESENTATION('',(#3747),#3751);
#3747 = CIRCLE('',#3748,1.);
#3748 = AXIS2_PLACEMENT_2D('',#3749,#3750);
#3749 = CARTESIAN_POINT('',(0.,0.));
#3750 = DIRECTION('',(1.,0.));
#3751 = ( GEOMETRIC_REPRESENTATION_CONTEXT(2) 
PARAMETRIC_REPRESENTATION_CONTEXT() REPRESENTATION_CONTEXT('2D SPACE',''
  ) );
#3752 = ORIENTED_EDGE('',*,*,#3703,.F.);
#3753 = ORIENTED_EDGE('',*,*,#3561,.T.);
#3754 = ADVANCED_FACE('',(#3755),#3631,.F.);
#3755 = FACE_BOUND('',#3756,.F.);
#3756 = EDGE_LOOP('',(#3757));
#3757 = ORIENTED_EDGE('',*,*,#3616,.T.);
#3758 = ADVANCED_FACE('',(#3759),#3686,.F.);
#3759 = FACE_BOUND('',#3760,.F.);
#3760 = EDGE_LOOP('',(#3761));
#3761 = ORIENTED_EDGE('',*,*,#3671,.T.);
#3762 = ADVANCED_FACE('',(#3763),#3741,.F.);
#3763 = FACE_BOUND('',#3764,.F.);
#3764 = EDGE_LOOP('',(#3765));
#3765 = ORIENTED_EDGE('',*,*,#3726,.T.);
#3766 = MANIFOLD_SOLID_BREP('',#3767);
#3767 = CLOSED_SHELL('',(#3768,#3888,#3988,#4035,#4082,#4089));
#3768 = ADVANCED_FACE('',(#3769),#3783,.F.);
#3769 = FACE_BOUND('',#3770,.F.);
#3770 = EDGE_LOOP('',(#3771,#3806,#3834,#3862));
#3771 = ORIENTED_EDGE('',*,*,#3772,.F.);
#3772 = EDGE_CURVE('',#3773,#3775,#3777,.T.);
#3773 = VERTEX_POINT('',#3774);
#3774 = CARTESIAN_POINT('',(-27.,-27.3,-24.));
#3775 = VERTEX_POINT('',#3776);
#3776 = CARTESIAN_POINT('',(-27.,-27.3,-23.7));
#3777 = SURFACE_CURVE('',#3778,(#3782,#3794),.PCURVE_S1.);
#3778 = LINE('',#3779,#3780);
#3779 = CARTESIAN_POINT('',(-27.,-27.3,-24.));
#3780 = VECTOR('',#3781,1.);
#3781 = DIRECTION('',(0.,0.,1.));
#3782 = PCURVE('',#3783,#3788);
#3783 = PLANE('',#3784);
#3784 = AXIS2_PLACEMENT_3D('',#3785,#3786,#3787);
#3785 = CARTESIAN_POINT('',(-27.,-27.3,-24.));
#3786 = DIRECTION('',(1.,0.,-0.));
#3787 = DIRECTION('',(0.,0.,1.));
#3788 = DEFINITIONAL_REPRESENTATION('',(#3789),#3793);
#3789 = LINE('',#3790,#3791);
#3790 = CARTESIAN_POINT('',(0.,0.));
#3791 = VECTOR('',#3792,1.);
#3792 = DIRECTION('',(1.,0.));
#3793 = ( GEOMETRIC_REPRESENTATION_CONTEXT(2) 
PARAMETRIC_REPRESENTATION_CONTEXT() REPRESENTATION_CONTEXT('2D SPACE',''
  ) );
#3794 = PCURVE('',#3795,#3800);
#3795 = PLANE('',#3796);
#3796 = AXIS2_PLACEMENT_3D('',#3797,#3798,#3799);
#3797 = CARTESIAN_POINT('',(-27.,-27.3,-24.));
#3798 = DIRECTION('',(-0.,1.,0.));
#3799 = DIRECTION('',(0.,0.,1.));
#3800 = DEFINITIONAL_REPRESENTATION('',(#3801),#3805);
#3801 = LINE('',#3802,#3803);
#3802 = CARTESIAN_POINT('',(0.,0.));
#3803 = VECTOR('',#3804,1.);
#3804 = DIRECTION('',(1.,0.));
#3805 = ( GEOMETRIC_REPRESENTATION_CONTEXT(2) 
PARAMETRIC_REPRESENTATION_CONTEXT() REPRESENTATION_CONTEXT('2D SPACE',''
  ) );
#3806 = ORIENTED_EDGE('',*,*,#3807,.T.);
#3807 = EDGE_CURVE('',#3773,#3808,#3810,.T.);
#3808 = VERTEX_POINT('',#3809);
#3809 = CARTESIAN_POINT('',(-27.,-16.3,-24.));
#3810 = SURFACE_CURVE('',#3811,(#3815,#3822),.PCURVE_S1.);
#3811 = LINE('',#3812,#3813);
#3812 = CARTESIAN_POINT('',(-27.,-27.3,-24.));
#3813 = VECTOR('',#3814,1.);
#3814 = DIRECTION('',(-0.,1.,0.));
#3815 = PCURVE('',#3783,#3816);
#3816 = DEFINITIONAL_REPRESENTATION('',(#3817),#3821);
#3817 = LINE('',#3818,#3819);
#3818 = CARTESIAN_POINT('',(0.,0.));
#3819 = VECTOR('',#3820,1.);
#3820 = DIRECTION('',(0.,-1.));
#3821 = ( GEOMETRIC_REPRESENTATION_CONTEXT(2) 
PARAMETRIC_REPRESENTATION_CONTEXT() REPRESENTATION_CONTEXT('2D SPACE',''
  ) );
#3822 = PCURVE('',#3823,#3828);
#3823 = PLANE('',#3824);
#3824 = AXIS2_PLACEMENT_3D('',#3825,#3826,#3827);
#3825 = CARTESIAN_POINT('',(-27.,-27.3,-24.));
#3826 = DIRECTION('',(0.,0.,1.));
#3827 = DIRECTION('',(1.,0.,-0.));
#3828 = DEFINITIONAL_REPRESENTATION('',(#3829),#3833);
#3829 = LINE('',#3830,#3831);
#3830 = CARTESIAN_POINT('',(0.,0.));
#3831 = VECTOR('',#3832,1.);
#3832 = DIRECTION('',(0.,1.));
#3833 = ( GEOMETRIC_REPRESENTATION_CONTEXT(2) 
PARAMETRIC_REPRESENTATION_CONTEXT() REPRESENTATION_CONTEXT('2D SPACE',''
  ) );
#3834 = ORIENTED_EDGE('',*,*,#3835,.T.);
#3835 = EDGE_CURVE('',#3808,#3836,#3838,.T.);
#3836 = VERTEX_POINT('',#3837);
#3837 = CARTESIAN_POINT('',(-27.,-16.3,-23.7));
#3838 = SURFACE_CURVE('',#3839,(#3843,#3850),.PCURVE_S1.);
#3839 = LINE('',#3840,#3841);
#3840 = CARTESIAN_POINT('',(-27.,-16.3,-24.));
#3841 = VECTOR('',#3842,1.);
#3842 = DIRECTION('',(0.,0.,1.));
#3843 = PCURVE('',#3783,#3844);
#3844 = DEFINITIONAL_REPRESENTATION('',(#3845),#3849);
#3845 = LINE('',#3846,#3847);
#3846 = CARTESIAN_POINT('',(0.,-11.));
#3847 = VECTOR('',#3848,1.);
#3848 = DIRECTION('',(1.,0.));
#3849 = ( GEOMETRIC_REPRESENTATION_CONTEXT(2) 
PARAMETRIC_REPRESENTATION_CONTEXT() REPRESENTATION_CONTEXT('2D SPACE',''
  ) );
#3850 = PCURVE('',#3851,#3856);
#3851 = PLANE('',#3852);
#3852 = AXIS2_PLACEMENT_3D('',#3853,#3854,#3855);
#3853 = CARTESIAN_POINT('',(-27.,-16.3,-24.));
#3854 = DIRECTION('',(-0.,1.,0.));
#3855 = DIRECTION('',(0.,0.,1.));
#3856 = DEFINITIONAL_REPRESENTATION('',(#3857),#3861);
#3857 = LINE('',#3858,#3859);
#3858 = CARTESIAN_POINT('',(0.,0.));
#3859 = VECTOR('',#3860,1.);
#3860 = DIRECTION('',(1.,0.));
#3861 = ( GEOMETRIC_REPRESENTATION_CONTEXT(2) 
PARAMETRIC_REPRESENTATION_CONTEXT() REPRESENTATION_CONTEXT('2D SPACE',''
  ) );
#3862 = ORIENTED_EDGE('',*,*,#3863,.F.);
#3863 = EDGE_CURVE('',#3775,#3836,#3864,.T.);
#3864 = SURFACE_CURVE('',#3865,(#3869,#3876),.PCURVE_S1.);
#3865 = LINE('',#3866,#3867);
#3866 = CARTESIAN_POINT('',(-27.,-27.3,-23.7));
#3867 = VECTOR('',#3868,1.);
#3868 = DIRECTION('',(-0.,1.,0.));
#3869 = PCURVE('',#3783,#3870);
#3870 = DEFINITIONAL_REPRESENTATION('',(#3871),#3875);
#3871 = LINE('',#3872,#3873);
#3872 = CARTESIAN_POINT('',(0.3,0.));
#3873 = VECTOR('',#3874,1.);
#3874 = DIRECTION('',(0.,-1.));
#3875 = ( GEOMETRIC_REPRESENTATION_CONTEXT(2) 
PARAMETRIC_REPRESENTATION_CONTEXT() REPRESENTATION_CONTEXT('2D SPACE',''
  ) );
#3876 = PCURVE('',#3877,#3882);
#3877 = PLANE('',#3878);
#3878 = AXIS2_PLACEMENT_3D('',#3879,#3880,#3881);
#3879 = CARTESIAN_POINT('',(-27.,-27.3,-23.7));
#3880 = DIRECTION('',(0.,0.,1.));
#3881 = DIRECTION('',(1.,0.,-0.));
#3882 = DEFINITIONAL_REPRESENTATION('',(#3883),#3887);
#3883 = LINE('',#3884,#3885);
#3884 = CARTESIAN_POINT('',(0.,0.));
#3885 = VECTOR('',#3886,1.);
#3886 = DIRECTION('',(0.,1.));
#3887 = ( GEOMETRIC_REPRESENTATION_CONTEXT(2) 
PARAMETRIC_REPRESENTATION_CONTEXT() REPRESENTATION_CONTEXT('2D SPACE',''
  ) );
#3888 = ADVANCED_FACE('',(#3889),#3903,.T.);
#3889 = FACE_BOUND('',#3890,.T.);
#3890 = EDGE_LOOP('',(#3891,#3921,#3944,#3967));
#3891 = ORIENTED_EDGE('',*,*,#3892,.F.);
#3892 = EDGE_CURVE('',#3893,#3895,#3897,.T.);
#3893 = VERTEX_POINT('',#3894);
#3894 = CARTESIAN_POINT('',(-11.,-27.3,-24.));
#3895 = VERTEX_POINT('',#3896);
#3896 = CARTESIAN_POINT('',(-11.,-27.3,-23.7));
#3897 = SURFACE_CURVE('',#3898,(#3902,#3914),.PCURVE_S1.);
#3898 = LINE('',#3899,#3900);
#3899 = CARTESIAN_POINT('',(-11.,-27.3,-24.));
#3900 = VECTOR('',#3901,1.);
#3901 = DIRECTION('',(0.,0.,1.));
#3902 = PCURVE('',#3903,#3908);
#3903 = PLANE('',#3904);
#3904 = AXIS2_PLACEMENT_3D('',#3905,#3906,#3907);
#3905 = CARTESIAN_POINT('',(-11.,-27.3,-24.));
#3906 = DIRECTION('',(1.,0.,-0.));
#3907 = DIRECTION('',(0.,0.,1.));
#3908 = DEFINITIONAL_REPRESENTATION('',(#3909),#3913);
#3909 = LINE('',#3910,#3911);
#3910 = CARTESIAN_POINT('',(0.,0.));
#3911 = VECTOR('',#3912,1.);
#3912 = DIRECTION('',(1.,0.));
#3913 = ( GEOMETRIC_REPRESENTATION_CONTEXT(2) 
PARAMETRIC_REPRESENTATION_CONTEXT() REPRESENTATION_CONTEXT('2D SPACE',''
  ) );
#3914 = PCURVE('',#3795,#3915);
#3915 = DEFINITIONAL_REPRESENTATION('',(#3916),#3920);
#3916 = LINE('',#3917,#3918);
#3917 = CARTESIAN_POINT('',(0.,16.));
#3918 = VECTOR('',#3919,1.);
#3919 = DIRECTION('',(1.,0.));
#3920 = ( GEOMETRIC_REPRESENTATION_CONTEXT(2) 
PARAMETRIC_REPRESENTATION_CONTEXT() REPRESENTATION_CONTEXT('2D SPACE',''
  ) );
#3921 = ORIENTED_EDGE('',*,*,#3922,.T.);
#3922 = EDGE_CURVE('',#3893,#3923,#3925,.T.);
#3923 = VERTEX_POINT('',#3924);
#3924 = CARTESIAN_POINT('',(-11.,-16.3,-24.));
#3925 = SURFACE_CURVE('',#3926,(#3930,#3937),.PCURVE_S1.);
#3926 = LINE('',#3927,#3928);
#3927 = CARTESIAN_POINT('',(-11.,-27.3,-24.));
#3928 = VECTOR('',#3929,1.);
#3929 = DIRECTION('',(-0.,1.,0.));
#3930 = PCURVE('',#3903,#3931);
#3931 = DEFINITIONAL_REPRESENTATION('',(#3932),#3936);
#3932 = LINE('',#3933,#3934);
#3933 = CARTESIAN_POINT('',(0.,0.));
#3934 = VECTOR('',#3935,1.);
#3935 = DIRECTION('',(0.,-1.));
#3936 = ( GEOMETRIC_REPRESENTATION_CONTEXT(2) 
PARAMETRIC_REPRESENTATION_CONTEXT() REPRESENTATION_CONTEXT('2D SPACE',''
  ) );
#3937 = PCURVE('',#3823,#3938);
#3938 = DEFINITIONAL_REPRESENTATION('',(#3939),#3943);
#3939 = LINE('',#3940,#3941);
#3940 = CARTESIAN_POINT('',(16.,0.));
#3941 = VECTOR('',#3942,1.);
#3942 = DIRECTION('',(0.,1.));
#3943 = ( GEOMETRIC_REPRESENTATION_CONTEXT(2) 
PARAMETRIC_REPRESENTATION_CONTEXT() REPRESENTATION_CONTEXT('2D SPACE',''
  ) );
#3944 = ORIENTED_EDGE('',*,*,#3945,.T.);
#3945 = EDGE_CURVE('',#3923,#3946,#3948,.T.);
#3946 = VERTEX_POINT('',#3947);
#3947 = CARTESIAN_POINT('',(-11.,-16.3,-23.7));
#3948 = SURFACE_CURVE('',#3949,(#3953,#3960),.PCURVE_S1.);
#3949 = LINE('',#3950,#3951);
#3950 = CARTESIAN_POINT('',(-11.,-16.3,-24.));
#3951 = VECTOR('',#3952,1.);
#3952 = DIRECTION('',(0.,0.,1.));
#3953 = PCURVE('',#3903,#3954);
#3954 = DEFINITIONAL_REPRESENTATION('',(#3955),#3959);
#3955 = LINE('',#3956,#3957);
#3956 = CARTESIAN_POINT('',(0.,-11.));
#3957 = VECTOR('',#3958,1.);
#3958 = DIRECTION('',(1.,0.));
#3959 = ( GEOMETRIC_REPRESENTATION_CONTEXT(2) 
PARAMETRIC_REPRESENTATION_CONTEXT() REPRESENTATION_CONTEXT('2D SPACE',''
  ) );
#3960 = PCURVE('',#3851,#3961);
#3961 = DEFINITIONAL_REPRESENTATION('',(#3962),#3966);
#3962 = LINE('',#3963,#3964);
#3963 = CARTESIAN_POINT('',(0.,16.));
#3964 = VECTOR('',#3965,1.);
#3965 = DIRECTION('',(1.,0.));
#3966 = ( GEOMETRIC_REPRESENTATION_CONTEXT(2) 
PARAMETRIC_REPRESENTATION_CONTEXT() REPRESENTATION_CONTEXT('2D SPACE',''
  ) );
#3967 = ORIENTED_EDGE('',*,*,#3968,.F.);
#3968 = EDGE_CURVE('',#3895,#3946,#3969,.T.);
#3969 = SURFACE_CURVE('',#3970,(#3974,#3981),.PCURVE_S1.);
#3970 = LINE('',#3971,#3972);
#3971 = CARTESIAN_POINT('',(-11.,-27.3,-23.7));
#3972 = VECTOR('',#3973,1.);
#3973 = DIRECTION('',(-0.,1.,0.));
#3974 = PCURVE('',#3903,#3975);
#3975 = DEFINITIONAL_REPRESENTATION('',(#3976),#3980);
#3976 = LINE('',#3977,#3978);
#3977 = CARTESIAN_POINT('',(0.3,0.));
#3978 = VECTOR('',#3979,1.);
#3979 = DIRECTION('',(0.,-1.));
#3980 = ( GEOMETRIC_REPRESENTATION_CONTEXT(2) 
PARAMETRIC_REPRESENTATION_CONTEXT() REPRESENTATION_CONTEXT('2D SPACE',''
  ) );
#3981 = PCURVE('',#3877,#3982);
#3982 = DEFINITIONAL_REPRESENTATION('',(#3983),#3987);
#3983 = LINE('',#3984,#3985);
#3984 = CARTESIAN_POINT('',(16.,0.));
#3985 = VECTOR('',#3986,1.);
#3986 = DIRECTION('',(0.,1.));
#3987 = ( GEOMETRIC_REPRESENTATION_CONTEXT(2) 
PARAMETRIC_REPRESENTATION_CONTEXT() REPRESENTATION_CONTEXT('2D SPACE',''
  ) );
#3988 = ADVANCED_FACE('',(#3989),#3795,.F.);
#3989 = FACE_BOUND('',#3990,.F.);
#3990 = EDGE_LOOP('',(#3991,#4012,#4013,#4034));
#3991 = ORIENTED_EDGE('',*,*,#3992,.F.);
#3992 = EDGE_CURVE('',#3773,#3893,#3993,.T.);
#3993 = SURFACE_CURVE('',#3994,(#3998,#4005),.PCURVE_S1.);
#3994 = LINE('',#3995,#3996);
#3995 = CARTESIAN_POINT('',(-27.,-27.3,-24.));
#3996 = VECTOR('',#3997,1.);
#3997 = DIRECTION('',(1.,0.,-0.));
#3998 = PCURVE('',#3795,#3999);
#3999 = DEFINITIONAL_REPRESENTATION('',(#4000),#4004);
#4000 = LINE('',#4001,#4002);
#4001 = CARTESIAN_POINT('',(0.,0.));
#4002 = VECTOR('',#4003,1.);
#4003 = DIRECTION('',(0.,1.));
#4004 = ( GEOMETRIC_REPRESENTATION_CONTEXT(2) 
PARAMETRIC_REPRESENTATION_CONTEXT() REPRESENTATION_CONTEXT('2D SPACE',''
  ) );
#4005 = PCURVE('',#3823,#4006);
#4006 = DEFINITIONAL_REPRESENTATION('',(#4007),#4011);
#4007 = LINE('',#4008,#4009);
#4008 = CARTESIAN_POINT('',(0.,0.));
#4009 = VECTOR('',#4010,1.);
#4010 = DIRECTION('',(1.,0.));
#4011 = ( GEOMETRIC_REPRESENTATION_CONTEXT(2) 
PARAMETRIC_REPRESENTATION_CONTEXT() REPRESENTATION_CONTEXT('2D SPACE',''
  ) );
#4012 = ORIENTED_EDGE('',*,*,#3772,.T.);
#4013 = ORIENTED_EDGE('',*,*,#4014,.T.);
#4014 = EDGE_CURVE('',#3775,#3895,#4015,.T.);
#4015 = SURFACE_CURVE('',#4016,(#4020,#4027),.PCURVE_S1.);
#4016 = LINE('',#4017,#4018);
#4017 = CARTESIAN_POINT('',(-27.,-27.3,-23.7));
#4018 = VECTOR('',#4019,1.);
#4019 = DIRECTION('',(1.,0.,-0.));
#4020 = PCURVE('',#3795,#4021);
#4021 = DEFINITIONAL_REPRESENTATION('',(#4022),#4026);
#4022 = LINE('',#4023,#4024);
#4023 = CARTESIAN_POINT('',(0.3,0.));
#4024 = VECTOR('',#4025,1.);
#4025 = DIRECTION('',(0.,1.));
#4026 = ( GEOMETRIC_REPRESENTATION_CONTEXT(2) 
PARAMETRIC_REPRESENTATION_CONTEXT() REPRESENTATION_CONTEXT('2D SPACE',''
  ) );
#4027 = PCURVE('',#3877,#4028);
#4028 = DEFINITIONAL_REPRESENTATION('',(#4029),#4033);
#4029 = LINE('',#4030,#4031);
#4030 = CARTESIAN_POINT('',(0.,0.));
#4031 = VECTOR('',#4032,1.);
#4032 = DIRECTION('',(1.,0.));
#4033 = ( GEOMETRIC_REPRESENTATION_CONTEXT(2) 
PARAMETRIC_REPRESENTATION_CONTEXT() REPRESENTATION_CONTEXT('2D SPACE',''
  ) );
#4034 = ORIENTED_EDGE('',*,*,#3892,.F.);
#4035 = ADVANCED_FACE('',(#4036),#3851,.T.);
#4036 = FACE_BOUND('',#4037,.T.);
#4037 = EDGE_LOOP('',(#4038,#4059,#4060,#4081));
#4038 = ORIENTED_EDGE('',*,*,#4039,.F.);
#4039 = EDGE_CURVE('',#3808,#3923,#4040,.T.);
#4040 = SURFACE_CURVE('',#4041,(#4045,#4052),.PCURVE_S1.);
#4041 = LINE('',#4042,#4043);
#4042 = CARTESIAN_POINT('',(-27.,-16.3,-24.));
#4043 = VECTOR('',#4044,1.);
#4044 = DIRECTION('',(1.,0.,-0.));
#4045 = PCURVE('',#3851,#4046);
#4046 = DEFINITIONAL_REPRESENTATION('',(#4047),#4051);
#4047 = LINE('',#4048,#4049);
#4048 = CARTESIAN_POINT('',(0.,0.));
#4049 = VECTOR('',#4050,1.);
#4050 = DIRECTION('',(0.,1.));
#4051 = ( GEOMETRIC_REPRESENTATION_CONTEXT(2) 
PARAMETRIC_REPRESENTATION_CONTEXT() REPRESENTATION_CONTEXT('2D SPACE',''
  ) );
#4052 = PCURVE('',#3823,#4053);
#4053 = DEFINITIONAL_REPRESENTATION('',(#4054),#4058);
#4054 = LINE('',#4055,#4056);
#4055 = CARTESIAN_POINT('',(0.,11.));
#4056 = VECTOR('',#4057,1.);
#4057 = DIRECTION('',(1.,0.));
#4058 = ( GEOMETRIC_REPRESENTATION_CONTEXT(2) 
PARAMETRIC_REPRESENTATION_CONTEXT() REPRESENTATION_CONTEXT('2D SPACE',''
  ) );
#4059 = ORIENTED_EDGE('',*,*,#3835,.T.);
#4060 = ORIENTED_EDGE('',*,*,#4061,.T.);
#4061 = EDGE_CURVE('',#3836,#3946,#4062,.T.);
#4062 = SURFACE_CURVE('',#4063,(#4067,#4074),.PCURVE_S1.);
#4063 = LINE('',#4064,#4065);
#4064 = CARTESIAN_POINT('',(-27.,-16.3,-23.7));
#4065 = VECTOR('',#4066,1.);
#4066 = DIRECTION('',(1.,0.,-0.));
#4067 = PCURVE('',#3851,#4068);
#4068 = DEFINITIONAL_REPRESENTATION('',(#4069),#4073);
#4069 = LINE('',#4070,#4071);
#4070 = CARTESIAN_POINT('',(0.3,0.));
#4071 = VECTOR('',#4072,1.);
#4072 = DIRECTION('',(0.,1.));
#4073 = ( GEOMETRIC_REPRESENTATION_CONTEXT(2) 
PARAMETRIC_REPRESENTATION_CONTEXT() REPRESENTATION_CONTEXT('2D SPACE',''
  ) );
#4074 = PCURVE('',#3877,#4075);
#4075 = DEFINITIONAL_REPRESENTATION('',(#4076),#4080);
#4076 = LINE('',#4077,#4078);
#4077 = CARTESIAN_POINT('',(0.,11.));
#4078 = VECTOR('',#4079,1.);
#4079 = DIRECTION('',(1.,0.));
#4080 = ( GEOMETRIC_REPRESENTATION_CONTEXT(2) 
PARAMETRIC_REPRESENTATION_CONTEXT() REPRESENTATION_CONTEXT('2D SPACE',''
  ) );
#4081 = ORIENTED_EDGE('',*,*,#3945,.F.);
#4082 = ADVANCED_FACE('',(#4083),#3823,.F.);
#4083 = FACE_BOUND('',#4084,.F.);
#4084 = EDGE_LOOP('',(#4085,#4086,#4087,#4088));
#4085 = ORIENTED_EDGE('',*,*,#3807,.F.);
#4086 = ORIENTED_EDGE('',*,*,#3992,.T.);
#4087 = ORIENTED_EDGE('',*,*,#3922,.T.);
#4088 = ORIENTED_EDGE('',*,*,#4039,.F.);
#4089 = ADVANCED_FACE('',(#4090),#3877,.T.);
#4090 = FACE_BOUND('',#4091,.T.);
#4091 = EDGE_LOOP('',(#4092,#4093,#4094,#4095));
#4092 = ORIENTED_EDGE('',*,*,#3863,.F.);
#4093 = ORIENTED_EDGE('',*,*,#4014,.T.);
#4094 = ORIENTED_EDGE('',*,*,#3968,.T.);
#4095 = ORIENTED_EDGE('',*,*,#4061,.F.);
#4096 = MANIFOLD_SOLID_BREP('',#4097);
#4097 = CLOSED_SHELL('',(#4098,#4218,#4294,#4449,#4498,#4611,#4618,#4665
    ,#4692,#4719));
#4098 = ADVANCED_FACE('',(#4099),#4113,.F.);
#4099 = FACE_BOUND('',#4100,.F.);
#4100 = EDGE_LOOP('',(#4101,#4136,#4164,#4192));
#4101 = ORIENTED_EDGE('',*,*,#4102,.F.);
#4102 = EDGE_CURVE('',#4103,#4105,#4107,.T.);
#4103 = VERTEX_POINT('',#4104);
#4104 = CARTESIAN_POINT('',(-27.,-27.3,-23.7));
#4105 = VERTEX_POINT('',#4106);
#4106 = CARTESIAN_POINT('',(-27.,-27.3,-23.));
#4107 = SURFACE_CURVE('',#4108,(#4112,#4124),.PCURVE_S1.);
#4108 = LINE('',#4109,#4110);
#4109 = CARTESIAN_POINT('',(-27.,-27.3,-23.7));
#4110 = VECTOR('',#4111,1.);
#4111 = DIRECTION('',(0.,0.,1.));
#4112 = PCURVE('',#4113,#4118);
#4113 = PLANE('',#4114);
#4114 = AXIS2_PLACEMENT_3D('',#4115,#4116,#4117);
#4115 = CARTESIAN_POINT('',(-27.,-27.3,-23.7));
#4116 = DIRECTION('',(1.,0.,-0.));
#4117 = DIRECTION('',(0.,0.,1.));
#4118 = DEFINITIONAL_REPRESENTATION('',(#4119),#4123);
#4119 = LINE('',#4120,#4121);
#4120 = CARTESIAN_POINT('',(0.,0.));
#4121 = VECTOR('',#4122,1.);
#4122 = DIRECTION('',(1.,0.));
#4123 = ( GEOMETRIC_REPRESENTATION_CONTEXT(2) 
PARAMETRIC_REPRESENTATION_CONTEXT() REPRESENTATION_CONTEXT('2D SPACE',''
  ) );
#4124 = PCURVE('',#4125,#4130);
#4125 = PLANE('',#4126);
#4126 = AXIS2_PLACEMENT_3D('',#4127,#4128,#4129);
#4127 = CARTESIAN_POINT('',(-27.,-27.3,-23.7));
#4128 = DIRECTION('',(-0.,1.,0.));
#4129 = DIRECTION('',(0.,0.,1.));
#4130 = DEFINITIONAL_REPRESENTATION('',(#4131),#4135);
#4131 = LINE('',#4132,#4133);
#4132 = CARTESIAN_POINT('',(0.,0.));
#4133 = VECTOR('',#4134,1.);
#4134 = DIRECTION('',(1.,0.));
#4135 = ( GEOMETRIC_REPRESENTATION_CONTEXT(2) 
PARAMETRIC_REPRESENTATION_CONTEXT() REPRESENTATION_CONTEXT('2D SPACE',''
  ) );
#4136 = ORIENTED_EDGE('',*,*,#4137,.T.);
#4137 = EDGE_CURVE('',#4103,#4138,#4140,.T.);
#4138 = VERTEX_POINT('',#4139);
#4139 = CARTESIAN_POINT('',(-27.,-16.3,-23.7));
#4140 = SURFACE_CURVE('',#4141,(#4145,#4152),.PCURVE_S1.);
#4141 = LINE('',#4142,#4143);
#4142 = CARTESIAN_POINT('',(-27.,-27.3,-23.7));
#4143 = VECTOR('',#4144,1.);
#4144 = DIRECTION('',(-0.,1.,0.));
#4145 = PCURVE('',#4113,#4146);
#4146 = DEFINITIONAL_REPRESENTATION('',(#4147),#4151);
#4147 = LINE('',#4148,#4149);
#4148 = CARTESIAN_POINT('',(0.,0.));
#4149 = VECTOR('',#4150,1.);
#4150 = DIRECTION('',(0.,-1.));
#4151 = ( GEOMETRIC_REPRESENTATION_CONTEXT(2) 
PARAMETRIC_REPRESENTATION_CONTEXT() REPRESENTATION_CONTEXT('2D SPACE',''
  ) );
#4152 = PCURVE('',#4153,#4158);
#4153 = PLANE('',#4154);
#4154 = AXIS2_PLACEMENT_3D('',#4155,#4156,#4157);
#4155 = CARTESIAN_POINT('',(-27.,-27.3,-23.7));
#4156 = DIRECTION('',(0.,0.,1.));
#4157 = DIRECTION('',(1.,0.,-0.));
#4158 = DEFINITIONAL_REPRESENTATION('',(#4159),#4163);
#4159 = LINE('',#4160,#4161);
#4160 = CARTESIAN_POINT('',(0.,0.));
#4161 = VECTOR('',#4162,1.);
#4162 = DIRECTION('',(0.,1.));
#4163 = ( GEOMETRIC_REPRESENTATION_CONTEXT(2) 
PARAMETRIC_REPRESENTATION_CONTEXT() REPRESENTATION_CONTEXT('2D SPACE',''
  ) );
#4164 = ORIENTED_EDGE('',*,*,#4165,.T.);
#4165 = EDGE_CURVE('',#4138,#4166,#4168,.T.);
#4166 = VERTEX_POINT('',#4167);
#4167 = CARTESIAN_POINT('',(-27.,-16.3,-23.));
#4168 = SURFACE_CURVE('',#4169,(#4173,#4180),.PCURVE_S1.);
#4169 = LINE('',#4170,#4171);
#4170 = CARTESIAN_POINT('',(-27.,-16.3,-23.7));
#4171 = VECTOR('',#4172,1.);
#4172 = DIRECTION('',(0.,0.,1.));
#4173 = PCURVE('',#4113,#4174);
#4174 = DEFINITIONAL_REPRESENTATION('',(#4175),#4179);
#4175 = LINE('',#4176,#4177);
#4176 = CARTESIAN_POINT('',(0.,-11.));
#4177 = VECTOR('',#4178,1.);
#4178 = DIRECTION('',(1.,0.));
#4179 = ( GEOMETRIC_REPRESENTATION_CONTEXT(2) 
PARAMETRIC_REPRESENTATION_CONTEXT() REPRESENTATION_CONTEXT('2D SPACE',''
  ) );
#4180 = PCURVE('',#4181,#4186);
#4181 = PLANE('',#4182);
#4182 = AXIS2_PLACEMENT_3D('',#4183,#4184,#4185);
#4183 = CARTESIAN_POINT('',(-27.,-16.3,-23.7));
#4184 = DIRECTION('',(-0.,1.,0.));
#4185 = DIRECTION('',(0.,0.,1.));
#4186 = DEFINITIONAL_REPRESENTATION('',(#4187),#4191);
#4187 = LINE('',#4188,#4189);
#4188 = CARTESIAN_POINT('',(0.,0.));
#4189 = VECTOR('',#4190,1.);
#4190 = DIRECTION('',(1.,0.));
#4191 = ( GEOMETRIC_REPRESENTATION_CONTEXT(2) 
PARAMETRIC_REPRESENTATION_CONTEXT() REPRESENTATION_CONTEXT('2D SPACE',''
  ) );
#4192 = ORIENTED_EDGE('',*,*,#4193,.F.);
#4193 = EDGE_CURVE('',#4105,#4166,#4194,.T.);
#4194 = SURFACE_CURVE('',#4195,(#4199,#4206),.PCURVE_S1.);
#4195 = LINE('',#4196,#4197);
#4196 = CARTESIAN_POINT('',(-27.,-27.3,-23.));
#4197 = VECTOR('',#4198,1.);
#4198 = DIRECTION('',(-0.,1.,0.));
#4199 = PCURVE('',#4113,#4200);
#4200 = DEFINITIONAL_REPRESENTATION('',(#4201),#4205);
#4201 = LINE('',#4202,#4203);
#4202 = CARTESIAN_POINT('',(0.7,0.));
#4203 = VECTOR('',#4204,1.);
#4204 = DIRECTION('',(0.,-1.));
#4205 = ( GEOMETRIC_REPRESENTATION_CONTEXT(2) 
PARAMETRIC_REPRESENTATION_CONTEXT() REPRESENTATION_CONTEXT('2D SPACE',''
  ) );
#4206 = PCURVE('',#4207,#4212);
#4207 = PLANE('',#4208);
#4208 = AXIS2_PLACEMENT_3D('',#4209,#4210,#4211);
#4209 = CARTESIAN_POINT('',(-27.,-27.3,-23.));
#4210 = DIRECTION('',(0.,0.,1.));
#4211 = DIRECTION('',(1.,0.,-0.));
#4212 = DEFINITIONAL_REPRESENTATION('',(#4213),#4217);
#4213 = LINE('',#4214,#4215);
#4214 = CARTESIAN_POINT('',(0.,0.));
#4215 = VECTOR('',#4216,1.);
#4216 = DIRECTION('',(0.,1.));
#4217 = ( GEOMETRIC_REPRESENTATION_CONTEXT(2) 
PARAMETRIC_REPRESENTATION_CONTEXT() REPRESENTATION_CONTEXT('2D SPACE',''
  ) );
#4218 = ADVANCED_FACE('',(#4219),#4125,.F.);
#4219 = FACE_BOUND('',#4220,.F.);
#4220 = EDGE_LOOP('',(#4221,#4244,#4245,#4268));
#4221 = ORIENTED_EDGE('',*,*,#4222,.F.);
#4222 = EDGE_CURVE('',#4103,#4223,#4225,.T.);
#4223 = VERTEX_POINT('',#4224);
#4224 = CARTESIAN_POINT('',(-11.,-27.3,-23.7));
#4225 = SURFACE_CURVE('',#4226,(#4230,#4237),.PCURVE_S1.);
#4226 = LINE('',#4227,#4228);
#4227 = CARTESIAN_POINT('',(-27.,-27.3,-23.7));
#4228 = VECTOR('',#4229,1.);
#4229 = DIRECTION('',(1.,0.,-0.));
#4230 = PCURVE('',#4125,#4231);
#4231 = DEFINITIONAL_REPRESENTATION('',(#4232),#4236);
#4232 = LINE('',#4233,#4234);
#4233 = CARTESIAN_POINT('',(0.,0.));
#4234 = VECTOR('',#4235,1.);
#4235 = DIRECTION('',(0.,1.));
#4236 = ( GEOMETRIC_REPRESENTATION_CONTEXT(2) 
PARAMETRIC_REPRESENTATION_CONTEXT() REPRESENTATION_CONTEXT('2D SPACE',''
  ) );
#4237 = PCURVE('',#4153,#4238);
#4238 = DEFINITIONAL_REPRESENTATION('',(#4239),#4243);
#4239 = LINE('',#4240,#4241);
#4240 = CARTESIAN_POINT('',(0.,0.));
#4241 = VECTOR('',#4242,1.);
#4242 = DIRECTION('',(1.,0.));
#4243 = ( GEOMETRIC_REPRESENTATION_CONTEXT(2) 
PARAMETRIC_REPRESENTATION_CONTEXT() REPRESENTATION_CONTEXT('2D SPACE',''
  ) );
#4244 = ORIENTED_EDGE('',*,*,#4102,.T.);
#4245 = ORIENTED_EDGE('',*,*,#4246,.T.);
#4246 = EDGE_CURVE('',#4105,#4247,#4249,.T.);
#4247 = VERTEX_POINT('',#4248);
#4248 = CARTESIAN_POINT('',(-11.,-27.3,-23.));
#4249 = SURFACE_CURVE('',#4250,(#4254,#4261),.PCURVE_S1.);
#4250 = LINE('',#4251,#4252);
#4251 = CARTESIAN_POINT('',(-27.,-27.3,-23.));
#4252 = VECTOR('',#4253,1.);
#4253 = DIRECTION('',(1.,0.,-0.));
#4254 = PCURVE('',#4125,#4255);
#4255 = DEFINITIONAL_REPRESENTATION('',(#4256),#4260);
#4256 = LINE('',#4257,#4258);
#4257 = CARTESIAN_POINT('',(0.7,0.));
#4258 = VECTOR('',#4259,1.);
#4259 = DIRECTION('',(0.,1.));
#4260 = ( GEOMETRIC_REPRESENTATION_CONTEXT(2) 
PARAMETRIC_REPRESENTATION_CONTEXT() REPRESENTATION_CONTEXT('2D SPACE',''
  ) );
#4261 = PCURVE('',#4207,#4262);
#4262 = DEFINITIONAL_REPRESENTATION('',(#4263),#4267);
#4263 = LINE('',#4264,#4265);
#4264 = CARTESIAN_POINT('',(0.,0.));
#4265 = VECTOR('',#4266,1.);
#4266 = DIRECTION('',(1.,0.));
#4267 = ( GEOMETRIC_REPRESENTATION_CONTEXT(2) 
PARAMETRIC_REPRESENTATION_CONTEXT() REPRESENTATION_CONTEXT('2D SPACE',''
  ) );
#4268 = ORIENTED_EDGE('',*,*,#4269,.F.);
#4269 = EDGE_CURVE('',#4223,#4247,#4270,.T.);
#4270 = SURFACE_CURVE('',#4271,(#4275,#4282),.PCURVE_S1.);
#4271 = LINE('',#4272,#4273);
#4272 = CARTESIAN_POINT('',(-11.,-27.3,-23.7));
#4273 = VECTOR('',#4274,1.);
#4274 = DIRECTION('',(0.,0.,1.));
#4275 = PCURVE('',#4125,#4276);
#4276 = DEFINITIONAL_REPRESENTATION('',(#4277),#4281);
#4277 = LINE('',#4278,#4279);
#4278 = CARTESIAN_POINT('',(0.,16.));
#4279 = VECTOR('',#4280,1.);
#4280 = DIRECTION('',(1.,0.));
#4281 = ( GEOMETRIC_REPRESENTATION_CONTEXT(2) 
PARAMETRIC_REPRESENTATION_CONTEXT() REPRESENTATION_CONTEXT('2D SPACE',''
  ) );
#4282 = PCURVE('',#4283,#4288);
#4283 = PLANE('',#4284);
#4284 = AXIS2_PLACEMENT_3D('',#4285,#4286,#4287);
#4285 = CARTESIAN_POINT('',(-11.,-27.3,-23.7));
#4286 = DIRECTION('',(1.,0.,-0.));
#4287 = DIRECTION('',(0.,0.,1.));
#4288 = DEFINITIONAL_REPRESENTATION('',(#4289),#4293);
#4289 = LINE('',#4290,#4291);
#4290 = CARTESIAN_POINT('',(0.,0.));
#4291 = VECTOR('',#4292,1.);
#4292 = DIRECTION('',(1.,0.));
#4293 = ( GEOMETRIC_REPRESENTATION_CONTEXT(2) 
PARAMETRIC_REPRESENTATION_CONTEXT() REPRESENTATION_CONTEXT('2D SPACE',''
  ) );
#4294 = ADVANCED_FACE('',(#4295,#4343),#4207,.T.);
#4295 = FACE_BOUND('',#4296,.T.);
#4296 = EDGE_LOOP('',(#4297,#4298,#4299,#4322));
#4297 = ORIENTED_EDGE('',*,*,#4193,.F.);
#4298 = ORIENTED_EDGE('',*,*,#4246,.T.);
#4299 = ORIENTED_EDGE('',*,*,#4300,.T.);
#4300 = EDGE_CURVE('',#4247,#4301,#4303,.T.);
#4301 = VERTEX_POINT('',#4302);
#4302 = CARTESIAN_POINT('',(-11.,-16.3,-23.));
#4303 = SURFACE_CURVE('',#4304,(#4308,#4315),.PCURVE_S1.);
#4304 = LINE('',#4305,#4306);
#4305 = CARTESIAN_POINT('',(-11.,-27.3,-23.));
#4306 = VECTOR('',#4307,1.);
#4307 = DIRECTION('',(-0.,1.,0.));
#4308 = PCURVE('',#4207,#4309);
#4309 = DEFINITIONAL_REPRESENTATION('',(#4310),#4314);
#4310 = LINE('',#4311,#4312);
#4311 = CARTESIAN_POINT('',(16.,0.));
#4312 = VECTOR('',#4313,1.);
#4313 = DIRECTION('',(0.,1.));
#4314 = ( GEOMETRIC_REPRESENTATION_CONTEXT(2) 
PARAMETRIC_REPRESENTATION_CONTEXT() REPRESENTATION_CONTEXT('2D SPACE',''
  ) );
#4315 = PCURVE('',#4283,#4316);
#4316 = DEFINITIONAL_REPRESENTATION('',(#4317),#4321);
#4317 = LINE('',#4318,#4319);
#4318 = CARTESIAN_POINT('',(0.7,0.));
#4319 = VECTOR('',#4320,1.);
#4320 = DIRECTION('',(0.,-1.));
#4321 = ( GEOMETRIC_REPRESENTATION_CONTEXT(2) 
PARAMETRIC_REPRESENTATION_CONTEXT() REPRESENTATION_CONTEXT('2D SPACE',''
  ) );
#4322 = ORIENTED_EDGE('',*,*,#4323,.F.);
#4323 = EDGE_CURVE('',#4166,#4301,#4324,.T.);
#4324 = SURFACE_CURVE('',#4325,(#4329,#4336),.PCURVE_S1.);
#4325 = LINE('',#4326,#4327);
#4326 = CARTESIAN_POINT('',(-27.,-16.3,-23.));
#4327 = VECTOR('',#4328,1.);
#4328 = DIRECTION('',(1.,0.,-0.));
#4329 = PCURVE('',#4207,#4330);
#4330 = DEFINITIONAL_REPRESENTATION('',(#4331),#4335);
#4331 = LINE('',#4332,#4333);
#4332 = CARTESIAN_POINT('',(0.,11.));
#4333 = VECTOR('',#4334,1.);
#4334 = DIRECTION('',(1.,0.));
#4335 = ( GEOMETRIC_REPRESENTATION_CONTEXT(2) 
PARAMETRIC_REPRESENTATION_CONTEXT() REPRESENTATION_CONTEXT('2D SPACE',''
  ) );
#4336 = PCURVE('',#4181,#4337);
#4337 = DEFINITIONAL_REPRESENTATION('',(#4338),#4342);
#4338 = LINE('',#4339,#4340);
#4339 = CARTESIAN_POINT('',(0.7,0.));
#4340 = VECTOR('',#4341,1.);
#4341 = DIRECTION('',(0.,1.));
#4342 = ( GEOMETRIC_REPRESENTATION_CONTEXT(2) 
PARAMETRIC_REPRESENTATION_CONTEXT() REPRESENTATION_CONTEXT('2D SPACE',''
  ) );
#4343 = FACE_BOUND('',#4344,.T.);
#4344 = EDGE_LOOP('',(#4345,#4373,#4399,#4425));
#4345 = ORIENTED_EDGE('',*,*,#4346,.T.);
#4346 = EDGE_CURVE('',#4347,#4349,#4351,.T.);
#4347 = VERTEX_POINT('',#4348);
#4348 = CARTESIAN_POINT('',(-14.5,-24.8,-23.));
#4349 = VERTEX_POINT('',#4350);
#4350 = CARTESIAN_POINT('',(-23.5,-24.8,-23.));
#4351 = SURFACE_CURVE('',#4352,(#4356,#4362),.PCURVE_S1.);
#4352 = LINE('',#4353,#4354);
#4353 = CARTESIAN_POINT('',(-25.25,-24.8,-23.));
#4354 = VECTOR('',#4355,1.);
#4355 = DIRECTION('',(-1.,-0.,0.));
#4356 = PCURVE('',#4207,#4357);
#4357 = DEFINITIONAL_REPRESENTATION('',(#4358),#4361);
#4358 = B_SPLINE_CURVE_WITH_KNOTS('',1,(#4359,#4360),.UNSPECIFIED.,.F.,
  .F.,(2,2),(-10.75,-1.75),.PIECEWISE_BEZIER_KNOTS.);
#4359 = CARTESIAN_POINT('',(12.5,2.5));
#4360 = CARTESIAN_POINT('',(3.5,2.5));
#4361 = ( GEOMETRIC_REPRESENTATION_CONTEXT(2) 
PARAMETRIC_REPRESENTATION_CONTEXT() REPRESENTATION_CONTEXT('2D SPACE',''
  ) );
#4362 = PCURVE('',#4363,#4368);
#4363 = PLANE('',#4364);
#4364 = AXIS2_PLACEMENT_3D('',#4365,#4366,#4367);
#4365 = CARTESIAN_POINT('',(-23.5,-24.8,-24.7));
#4366 = DIRECTION('',(-0.,1.,0.));
#4367 = DIRECTION('',(0.,0.,1.));
#4368 = DEFINITIONAL_REPRESENTATION('',(#4369),#4372);
#4369 = B_SPLINE_CURVE_WITH_KNOTS('',1,(#4370,#4371),.UNSPECIFIED.,.F.,
  .F.,(2,2),(-10.75,-1.75),.PIECEWISE_BEZIER_KNOTS.);
#4370 = CARTESIAN_POINT('',(1.7,9.));
#4371 = CARTESIAN_POINT('',(1.7,0.));
#4372 = ( GEOMETRIC_REPRESENTATION_CONTEXT(2) 
PARAMETRIC_REPRESENTATION_CONTEXT() REPRESENTATION_CONTEXT('2D SPACE',''
  ) );
#4373 = ORIENTED_EDGE('',*,*,#4374,.T.);
#4374 = EDGE_CURVE('',#4349,#4375,#4377,.T.);
#4375 = VERTEX_POINT('',#4376);
#4376 = CARTESIAN_POINT('',(-23.5,-18.8,-23.));
#4377 = SURFACE_CURVE('',#4378,(#4382,#4388),.PCURVE_S1.);
#4378 = LINE('',#4379,#4380);
#4379 = CARTESIAN_POINT('',(-23.5,-26.05,-23.));
#4380 = VECTOR('',#4381,1.);
#4381 = DIRECTION('',(-0.,1.,0.));
#4382 = PCURVE('',#4207,#4383);
#4383 = DEFINITIONAL_REPRESENTATION('',(#4384),#4387);
#4384 = B_SPLINE_CURVE_WITH_KNOTS('',1,(#4385,#4386),.UNSPECIFIED.,.F.,
  .F.,(2,2),(1.25,7.25),.PIECEWISE_BEZIER_KNOTS.);
#4385 = CARTESIAN_POINT('',(3.5,2.5));
#4386 = CARTESIAN_POINT('',(3.5,8.5));
#4387 = ( GEOMETRIC_REPRESENTATION_CONTEXT(2) 
PARAMETRIC_REPRESENTATION_CONTEXT() REPRESENTATION_CONTEXT('2D SPACE',''
  ) );
#4388 = PCURVE('',#4389,#4394);
#4389 = PLANE('',#4390);
#4390 = AXIS2_PLACEMENT_3D('',#4391,#4392,#4393);
#4391 = CARTESIAN_POINT('',(-23.5,-24.8,-24.7));
#4392 = DIRECTION('',(1.,0.,-0.));
#4393 = DIRECTION('',(0.,0.,1.));
#4394 = DEFINITIONAL_REPRESENTATION('',(#4395),#4398);
#4395 = B_SPLINE_CURVE_WITH_KNOTS('',1,(#4396,#4397),.UNSPECIFIED.,.F.,
  .F.,(2,2),(1.25,7.25),.PIECEWISE_BEZIER_KNOTS.);
#4396 = CARTESIAN_POINT('',(1.7,0.));
#4397 = CARTESIAN_POINT('',(1.7,-6.));
#4398 = ( GEOMETRIC_REPRESENTATION_CONTEXT(2) 
PARAMETRIC_REPRESENTATION_CONTEXT() REPRESENTATION_CONTEXT('2D SPACE',''
  ) );
#4399 = ORIENTED_EDGE('',*,*,#4400,.F.);
#4400 = EDGE_CURVE('',#4401,#4375,#4403,.T.);
#4401 = VERTEX_POINT('',#4402);
#4402 = CARTESIAN_POINT('',(-14.5,-18.8,-23.));
#4403 = SURFACE_CURVE('',#4404,(#4408,#4414),.PCURVE_S1.);
#4404 = LINE('',#4405,#4406);
#4405 = CARTESIAN_POINT('',(-25.25,-18.8,-23.));
#4406 = VECTOR('',#4407,1.);
#4407 = DIRECTION('',(-1.,-0.,0.));
#4408 = PCURVE('',#4207,#4409);
#4409 = DEFINITIONAL_REPRESENTATION('',(#4410),#4413);
#4410 = B_SPLINE_CURVE_WITH_KNOTS('',1,(#4411,#4412),.UNSPECIFIED.,.F.,
  .F.,(2,2),(-10.75,-1.75),.PIECEWISE_BEZIER_KNOTS.);
#4411 = CARTESIAN_POINT('',(12.5,8.5));
#4412 = CARTESIAN_POINT('',(3.5,8.5));
#4413 = ( GEOMETRIC_REPRESENTATION_CONTEXT(2) 
PARAMETRIC_REPRESENTATION_CONTEXT() REPRESENTATION_CONTEXT('2D SPACE',''
  ) );
#4414 = PCURVE('',#4415,#4420);
#4415 = PLANE('',#4416);
#4416 = AXIS2_PLACEMENT_3D('',#4417,#4418,#4419);
#4417 = CARTESIAN_POINT('',(-23.5,-18.8,-24.7));
#4418 = DIRECTION('',(-0.,1.,0.));
#4419 = DIRECTION('',(0.,0.,1.));
#4420 = DEFINITIONAL_REPRESENTATION('',(#4421),#4424);
#4421 = B_SPLINE_CURVE_WITH_KNOTS('',1,(#4422,#4423),.UNSPECIFIED.,.F.,
  .F.,(2,2),(-10.75,-1.75),.PIECEWISE_BEZIER_KNOTS.);
#4422 = CARTESIAN_POINT('',(1.7,9.));
#4423 = CARTESIAN_POINT('',(1.7,0.));
#4424 = ( GEOMETRIC_REPRESENTATION_CONTEXT(2) 
PARAMETRIC_REPRESENTATION_CONTEXT() REPRESENTATION_CONTEXT('2D SPACE',''
  ) );
#4425 = ORIENTED_EDGE('',*,*,#4426,.F.);
#4426 = EDGE_CURVE('',#4347,#4401,#4427,.T.);
#4427 = SURFACE_CURVE('',#4428,(#4432,#4438),.PCURVE_S1.);
#4428 = LINE('',#4429,#4430);
#4429 = CARTESIAN_POINT('',(-14.5,-26.05,-23.));
#4430 = VECTOR('',#4431,1.);
#4431 = DIRECTION('',(-0.,1.,0.));
#4432 = PCURVE('',#4207,#4433);
#4433 = DEFINITIONAL_REPRESENTATION('',(#4434),#4437);
#4434 = B_SPLINE_CURVE_WITH_KNOTS('',1,(#4435,#4436),.UNSPECIFIED.,.F.,
  .F.,(2,2),(1.25,7.25),.PIECEWISE_BEZIER_KNOTS.);
#4435 = CARTESIAN_POINT('',(12.5,2.5));
#4436 = CARTESIAN_POINT('',(12.5,8.5));
#4437 = ( GEOMETRIC_REPRESENTATION_CONTEXT(2) 
PARAMETRIC_REPRESENTATION_CONTEXT() REPRESENTATION_CONTEXT('2D SPACE',''
  ) );
#4438 = PCURVE('',#4439,#4444);
#4439 = PLANE('',#4440);
#4440 = AXIS2_PLACEMENT_3D('',#4441,#4442,#4443);
#4441 = CARTESIAN_POINT('',(-14.5,-24.8,-24.7));
#4442 = DIRECTION('',(1.,0.,-0.));
#4443 = DIRECTION('',(0.,0.,1.));
#4444 = DEFINITIONAL_REPRESENTATION('',(#4445),#4448);
#4445 = B_SPLINE_CURVE_WITH_KNOTS('',1,(#4446,#4447),.UNSPECIFIED.,.F.,
  .F.,(2,2),(1.25,7.25),.PIECEWISE_BEZIER_KNOTS.);
#4446 = CARTESIAN_POINT('',(1.7,0.));
#4447 = CARTESIAN_POINT('',(1.7,-6.));
#4448 = ( GEOMETRIC_REPRESENTATION_CONTEXT(2) 
PARAMETRIC_REPRESENTATION_CONTEXT() REPRESENTATION_CONTEXT('2D SPACE',''
  ) );
#4449 = ADVANCED_FACE('',(#4450),#4181,.T.);
#4450 = FACE_BOUND('',#4451,.T.);
#4451 = EDGE_LOOP('',(#4452,#4475,#4476,#4477));
#4452 = ORIENTED_EDGE('',*,*,#4453,.F.);
#4453 = EDGE_CURVE('',#4138,#4454,#4456,.T.);
#4454 = VERTEX_POINT('',#4455);
#4455 = CARTESIAN_POINT('',(-11.,-16.3,-23.7));
#4456 = SURFACE_CURVE('',#4457,(#4461,#4468),.PCURVE_S1.);
#4457 = LINE('',#4458,#4459);
#4458 = CARTESIAN_POINT('',(-27.,-16.3,-23.7));
#4459 = VECTOR('',#4460,1.);
#4460 = DIRECTION('',(1.,0.,-0.));
#4461 = PCURVE('',#4181,#4462);
#4462 = DEFINITIONAL_REPRESENTATION('',(#4463),#4467);
#4463 = LINE('',#4464,#4465);
#4464 = CARTESIAN_POINT('',(0.,0.));
#4465 = VECTOR('',#4466,1.);
#4466 = DIRECTION('',(0.,1.));
#4467 = ( GEOMETRIC_REPRESENTATION_CONTEXT(2) 
PARAMETRIC_REPRESENTATION_CONTEXT() REPRESENTATION_CONTEXT('2D SPACE',''
  ) );
#4468 = PCURVE('',#4153,#4469);
#4469 = DEFINITIONAL_REPRESENTATION('',(#4470),#4474);
#4470 = LINE('',#4471,#4472);
#4471 = CARTESIAN_POINT('',(0.,11.));
#4472 = VECTOR('',#4473,1.);
#4473 = DIRECTION('',(1.,0.));
#4474 = ( GEOMETRIC_REPRESENTATION_CONTEXT(2) 
PARAMETRIC_REPRESENTATION_CONTEXT() REPRESENTATION_CONTEXT('2D SPACE',''
  ) );
#4475 = ORIENTED_EDGE('',*,*,#4165,.T.);
#4476 = ORIENTED_EDGE('',*,*,#4323,.T.);
#4477 = ORIENTED_EDGE('',*,*,#4478,.F.);
#4478 = EDGE_CURVE('',#4454,#4301,#4479,.T.);
#4479 = SURFACE_CURVE('',#4480,(#4484,#4491),.PCURVE_S1.);
#4480 = LINE('',#4481,#4482);
#4481 = CARTESIAN_POINT('',(-11.,-16.3,-23.7));
#4482 = VECTOR('',#4483,1.);
#4483 = DIRECTION('',(0.,0.,1.));
#4484 = PCURVE('',#4181,#4485);
#4485 = DEFINITIONAL_REPRESENTATION('',(#4486),#4490);
#4486 = LINE('',#4487,#4488);
#4487 = CARTESIAN_POINT('',(0.,16.));
#4488 = VECTOR('',#4489,1.);
#4489 = DIRECTION('',(1.,0.));
#4490 = ( GEOMETRIC_REPRESENTATION_CONTEXT(2) 
PARAMETRIC_REPRESENTATION_CONTEXT() REPRESENTATION_CONTEXT('2D SPACE',''
  ) );
#4491 = PCURVE('',#4283,#4492);
#4492 = DEFINITIONAL_REPRESENTATION('',(#4493),#4497);
#4493 = LINE('',#4494,#4495);
#4494 = CARTESIAN_POINT('',(0.,-11.));
#4495 = VECTOR('',#4496,1.);
#4496 = DIRECTION('',(1.,0.));
#4497 = ( GEOMETRIC_REPRESENTATION_CONTEXT(2) 
PARAMETRIC_REPRESENTATION_CONTEXT() REPRESENTATION_CONTEXT('2D SPACE',''
  ) );
#4498 = ADVANCED_FACE('',(#4499,#4525),#4153,.F.);
#4499 = FACE_BOUND('',#4500,.F.);
#4500 = EDGE_LOOP('',(#4501,#4502,#4503,#4524));
#4501 = ORIENTED_EDGE('',*,*,#4137,.F.);
#4502 = ORIENTED_EDGE('',*,*,#4222,.T.);
#4503 = ORIENTED_EDGE('',*,*,#4504,.T.);
#4504 = EDGE_CURVE('',#4223,#4454,#4505,.T.);
#4505 = SURFACE_CURVE('',#4506,(#4510,#4517),.PCURVE_S1.);
#4506 = LINE('',#4507,#4508);
#4507 = CARTESIAN_POINT('',(-11.,-27.3,-23.7));
#4508 = VECTOR('',#4509,1.);
#4509 = DIRECTION('',(-0.,1.,0.));
#4510 = PCURVE('',#4153,#4511);
#4511 = DEFINITIONAL_REPRESENTATION('',(#4512),#4516);
#4512 = LINE('',#4513,#4514);
#4513 = CARTESIAN_POINT('',(16.,0.));
#4514 = VECTOR('',#4515,1.);
#4515 = DIRECTION('',(0.,1.));
#4516 = ( GEOMETRIC_REPRESENTATION_CONTEXT(2) 
PARAMETRIC_REPRESENTATION_CONTEXT() REPRESENTATION_CONTEXT('2D SPACE',''
  ) );
#4517 = PCURVE('',#4283,#4518);
#4518 = DEFINITIONAL_REPRESENTATION('',(#4519),#4523);
#4519 = LINE('',#4520,#4521);
#4520 = CARTESIAN_POINT('',(0.,0.));
#4521 = VECTOR('',#4522,1.);
#4522 = DIRECTION('',(0.,-1.));
#4523 = ( GEOMETRIC_REPRESENTATION_CONTEXT(2) 
PARAMETRIC_REPRESENTATION_CONTEXT() REPRESENTATION_CONTEXT('2D SPACE',''
  ) );
#4524 = ORIENTED_EDGE('',*,*,#4453,.F.);
#4525 = FACE_BOUND('',#4526,.F.);
#4526 = EDGE_LOOP('',(#4527,#4550,#4571,#4592));
#4527 = ORIENTED_EDGE('',*,*,#4528,.T.);
#4528 = EDGE_CURVE('',#4529,#4531,#4533,.T.);
#4529 = VERTEX_POINT('',#4530);
#4530 = CARTESIAN_POINT('',(-14.5,-24.8,-23.7));
#4531 = VERTEX_POINT('',#4532);
#4532 = CARTESIAN_POINT('',(-23.5,-24.8,-23.7));
#4533 = SURFACE_CURVE('',#4534,(#4538,#4544),.PCURVE_S1.);
#4534 = LINE('',#4535,#4536);
#4535 = CARTESIAN_POINT('',(-25.25,-24.8,-23.7));
#4536 = VECTOR('',#4537,1.);
#4537 = DIRECTION('',(-1.,-0.,0.));
#4538 = PCURVE('',#4153,#4539);
#4539 = DEFINITIONAL_REPRESENTATION('',(#4540),#4543);
#4540 = B_SPLINE_CURVE_WITH_KNOTS('',1,(#4541,#4542),.UNSPECIFIED.,.F.,
  .F.,(2,2),(-10.75,-1.75),.PIECEWISE_BEZIER_KNOTS.);
#4541 = CARTESIAN_POINT('',(12.5,2.5));
#4542 = CARTESIAN_POINT('',(3.5,2.5));
#4543 = ( GEOMETRIC_REPRESENTATION_CONTEXT(2) 
PARAMETRIC_REPRESENTATION_CONTEXT() REPRESENTATION_CONTEXT('2D SPACE',''
  ) );
#4544 = PCURVE('',#4363,#4545);
#4545 = DEFINITIONAL_REPRESENTATION('',(#4546),#4549);
#4546 = B_SPLINE_CURVE_WITH_KNOTS('',1,(#4547,#4548),.UNSPECIFIED.,.F.,
  .F.,(2,2),(-10.75,-1.75),.PIECEWISE_BEZIER_KNOTS.);
#4547 = CARTESIAN_POINT('',(1.,9.));
#4548 = CARTESIAN_POINT('',(1.,0.));
#4549 = ( GEOMETRIC_REPRESENTATION_CONTEXT(2) 
PARAMETRIC_REPRESENTATION_CONTEXT() REPRESENTATION_CONTEXT('2D SPACE',''
  ) );
#4550 = ORIENTED_EDGE('',*,*,#4551,.T.);
#4551 = EDGE_CURVE('',#4531,#4552,#4554,.T.);
#4552 = VERTEX_POINT('',#4553);
#4553 = CARTESIAN_POINT('',(-23.5,-18.8,-23.7));
#4554 = SURFACE_CURVE('',#4555,(#4559,#4565),.PCURVE_S1.);
#4555 = LINE('',#4556,#4557);
#4556 = CARTESIAN_POINT('',(-23.5,-26.05,-23.7));
#4557 = VECTOR('',#4558,1.);
#4558 = DIRECTION('',(-0.,1.,0.));
#4559 = PCURVE('',#4153,#4560);
#4560 = DEFINITIONAL_REPRESENTATION('',(#4561),#4564);
#4561 = B_SPLINE_CURVE_WITH_KNOTS('',1,(#4562,#4563),.UNSPECIFIED.,.F.,
  .F.,(2,2),(1.25,7.25),.PIECEWISE_BEZIER_KNOTS.);
#4562 = CARTESIAN_POINT('',(3.5,2.5));
#4563 = CARTESIAN_POINT('',(3.5,8.5));
#4564 = ( GEOMETRIC_REPRESENTATION_CONTEXT(2) 
PARAMETRIC_REPRESENTATION_CONTEXT() REPRESENTATION_CONTEXT('2D SPACE',''
  ) );
#4565 = PCURVE('',#4389,#4566);
#4566 = DEFINITIONAL_REPRESENTATION('',(#4567),#4570);
#4567 = B_SPLINE_CURVE_WITH_KNOTS('',1,(#4568,#4569),.UNSPECIFIED.,.F.,
  .F.,(2,2),(1.25,7.25),.PIECEWISE_BEZIER_KNOTS.);
#4568 = CARTESIAN_POINT('',(1.,0.));
#4569 = CARTESIAN_POINT('',(1.,-6.));
#4570 = ( GEOMETRIC_REPRESENTATION_CONTEXT(2) 
PARAMETRIC_REPRESENTATION_CONTEXT() REPRESENTATION_CONTEXT('2D SPACE',''
  ) );
#4571 = ORIENTED_EDGE('',*,*,#4572,.F.);
#4572 = EDGE_CURVE('',#4573,#4552,#4575,.T.);
#4573 = VERTEX_POINT('',#4574);
#4574 = CARTESIAN_POINT('',(-14.5,-18.8,-23.7));
#4575 = SURFACE_CURVE('',#4576,(#4580,#4586),.PCURVE_S1.);
#4576 = LINE('',#4577,#4578);
#4577 = CARTESIAN_POINT('',(-25.25,-18.8,-23.7));
#4578 = VECTOR('',#4579,1.);
#4579 = DIRECTION('',(-1.,-0.,0.));
#4580 = PCURVE('',#4153,#4581);
#4581 = DEFINITIONAL_REPRESENTATION('',(#4582),#4585);
#4582 = B_SPLINE_CURVE_WITH_KNOTS('',1,(#4583,#4584),.UNSPECIFIED.,.F.,
  .F.,(2,2),(-10.75,-1.75),.PIECEWISE_BEZIER_KNOTS.);
#4583 = CARTESIAN_POINT('',(12.5,8.5));
#4584 = CARTESIAN_POINT('',(3.5,8.5));
#4585 = ( GEOMETRIC_REPRESENTATION_CONTEXT(2) 
PARAMETRIC_REPRESENTATION_CONTEXT() REPRESENTATION_CONTEXT('2D SPACE',''
  ) );
#4586 = PCURVE('',#4415,#4587);
#4587 = DEFINITIONAL_REPRESENTATION('',(#4588),#4591);
#4588 = B_SPLINE_CURVE_WITH_KNOTS('',1,(#4589,#4590),.UNSPECIFIED.,.F.,
  .F.,(2,2),(-10.75,-1.75),.PIECEWISE_BEZIER_KNOTS.);
#4589 = CARTESIAN_POINT('',(1.,9.));
#4590 = CARTESIAN_POINT('',(1.,0.));
#4591 = ( GEOMETRIC_REPRESENTATION_CONTEXT(2) 
PARAMETRIC_REPRESENTATION_CONTEXT() REPRESENTATION_CONTEXT('2D SPACE',''
  ) );
#4592 = ORIENTED_EDGE('',*,*,#4593,.F.);
#4593 = EDGE_CURVE('',#4529,#4573,#4594,.T.);
#4594 = SURFACE_CURVE('',#4595,(#4599,#4605),.PCURVE_S1.);
#4595 = LINE('',#4596,#4597);
#4596 = CARTESIAN_POINT('',(-14.5,-26.05,-23.7));
#4597 = VECTOR('',#4598,1.);
#4598 = DIRECTION('',(-0.,1.,0.));
#4599 = PCURVE('',#4153,#4600);
#4600 = DEFINITIONAL_REPRESENTATION('',(#4601),#4604);
#4601 = B_SPLINE_CURVE_WITH_KNOTS('',1,(#4602,#4603),.UNSPECIFIED.,.F.,
  .F.,(2,2),(1.25,7.25),.PIECEWISE_BEZIER_KNOTS.);
#4602 = CARTESIAN_POINT('',(12.5,2.5));
#4603 = CARTESIAN_POINT('',(12.5,8.5));
#4604 = ( GEOMETRIC_REPRESENTATION_CONTEXT(2) 
PARAMETRIC_REPRESENTATION_CONTEXT() REPRESENTATION_CONTEXT('2D SPACE',''
  ) );
#4605 = PCURVE('',#4439,#4606);
#4606 = DEFINITIONAL_REPRESENTATION('',(#4607),#4610);
#4607 = B_SPLINE_CURVE_WITH_KNOTS('',1,(#4608,#4609),.UNSPECIFIED.,.F.,
  .F.,(2,2),(1.25,7.25),.PIECEWISE_BEZIER_KNOTS.);
#4608 = CARTESIAN_POINT('',(1.,0.));
#4609 = CARTESIAN_POINT('',(1.,-6.));
#4610 = ( GEOMETRIC_REPRESENTATION_CONTEXT(2) 
PARAMETRIC_REPRESENTATION_CONTEXT() REPRESENTATION_CONTEXT('2D SPACE',''
  ) );
#4611 = ADVANCED_FACE('',(#4612),#4283,.T.);
#4612 = FACE_BOUND('',#4613,.T.);
#4613 = EDGE_LOOP('',(#4614,#4615,#4616,#4617));
#4614 = ORIENTED_EDGE('',*,*,#4269,.F.);
#4615 = ORIENTED_EDGE('',*,*,#4504,.T.);
#4616 = ORIENTED_EDGE('',*,*,#4478,.T.);
#4617 = ORIENTED_EDGE('',*,*,#4300,.F.);
#4618 = ADVANCED_FACE('',(#4619),#4363,.T.);
#4619 = FACE_BOUND('',#4620,.T.);
#4620 = EDGE_LOOP('',(#4621,#4642,#4643,#4664));
#4621 = ORIENTED_EDGE('',*,*,#4622,.F.);
#4622 = EDGE_CURVE('',#4529,#4347,#4623,.T.);
#4623 = SURFACE_CURVE('',#4624,(#4628,#4635),.PCURVE_S1.);
#4624 = LINE('',#4625,#4626);
#4625 = CARTESIAN_POINT('',(-14.5,-24.8,-24.7));
#4626 = VECTOR('',#4627,1.);
#4627 = DIRECTION('',(0.,0.,1.));
#4628 = PCURVE('',#4363,#4629);
#4629 = DEFINITIONAL_REPRESENTATION('',(#4630),#4634);
#4630 = LINE('',#4631,#4632);
#4631 = CARTESIAN_POINT('',(0.,9.));
#4632 = VECTOR('',#4633,1.);
#4633 = DIRECTION('',(1.,0.));
#4634 = ( GEOMETRIC_REPRESENTATION_CONTEXT(2) 
PARAMETRIC_REPRESENTATION_CONTEXT() REPRESENTATION_CONTEXT('2D SPACE',''
  ) );
#4635 = PCURVE('',#4439,#4636);
#4636 = DEFINITIONAL_REPRESENTATION('',(#4637),#4641);
#4637 = LINE('',#4638,#4639);
#4638 = CARTESIAN_POINT('',(0.,0.));
#4639 = VECTOR('',#4640,1.);
#4640 = DIRECTION('',(1.,0.));
#4641 = ( GEOMETRIC_REPRESENTATION_CONTEXT(2) 
PARAMETRIC_REPRESENTATION_CONTEXT() REPRESENTATION_CONTEXT('2D SPACE',''
  ) );
#4642 = ORIENTED_EDGE('',*,*,#4528,.T.);
#4643 = ORIENTED_EDGE('',*,*,#4644,.T.);
#4644 = EDGE_CURVE('',#4531,#4349,#4645,.T.);
#4645 = SURFACE_CURVE('',#4646,(#4650,#4657),.PCURVE_S1.);
#4646 = LINE('',#4647,#4648);
#4647 = CARTESIAN_POINT('',(-23.5,-24.8,-24.7));
#4648 = VECTOR('',#4649,1.);
#4649 = DIRECTION('',(0.,0.,1.));
#4650 = PCURVE('',#4363,#4651);
#4651 = DEFINITIONAL_REPRESENTATION('',(#4652),#4656);
#4652 = LINE('',#4653,#4654);
#4653 = CARTESIAN_POINT('',(0.,0.));
#4654 = VECTOR('',#4655,1.);
#4655 = DIRECTION('',(1.,0.));
#4656 = ( GEOMETRIC_REPRESENTATION_CONTEXT(2) 
PARAMETRIC_REPRESENTATION_CONTEXT() REPRESENTATION_CONTEXT('2D SPACE',''
  ) );
#4657 = PCURVE('',#4389,#4658);
#4658 = DEFINITIONAL_REPRESENTATION('',(#4659),#4663);
#4659 = LINE('',#4660,#4661);
#4660 = CARTESIAN_POINT('',(0.,0.));
#4661 = VECTOR('',#4662,1.);
#4662 = DIRECTION('',(1.,0.));
#4663 = ( GEOMETRIC_REPRESENTATION_CONTEXT(2) 
PARAMETRIC_REPRESENTATION_CONTEXT() REPRESENTATION_CONTEXT('2D SPACE',''
  ) );
#4664 = ORIENTED_EDGE('',*,*,#4346,.F.);
#4665 = ADVANCED_FACE('',(#4666),#4439,.F.);
#4666 = FACE_BOUND('',#4667,.F.);
#4667 = EDGE_LOOP('',(#4668,#4669,#4670,#4691));
#4668 = ORIENTED_EDGE('',*,*,#4622,.F.);
#4669 = ORIENTED_EDGE('',*,*,#4593,.T.);
#4670 = ORIENTED_EDGE('',*,*,#4671,.T.);
#4671 = EDGE_CURVE('',#4573,#4401,#4672,.T.);
#4672 = SURFACE_CURVE('',#4673,(#4677,#4684),.PCURVE_S1.);
#4673 = LINE('',#4674,#4675);
#4674 = CARTESIAN_POINT('',(-14.5,-18.8,-24.7));
#4675 = VECTOR('',#4676,1.);
#4676 = DIRECTION('',(0.,0.,1.));
#4677 = PCURVE('',#4439,#4678);
#4678 = DEFINITIONAL_REPRESENTATION('',(#4679),#4683);
#4679 = LINE('',#4680,#4681);
#4680 = CARTESIAN_POINT('',(0.,-6.));
#4681 = VECTOR('',#4682,1.);
#4682 = DIRECTION('',(1.,0.));
#4683 = ( GEOMETRIC_REPRESENTATION_CONTEXT(2) 
PARAMETRIC_REPRESENTATION_CONTEXT() REPRESENTATION_CONTEXT('2D SPACE',''
  ) );
#4684 = PCURVE('',#4415,#4685);
#4685 = DEFINITIONAL_REPRESENTATION('',(#4686),#4690);
#4686 = LINE('',#4687,#4688);
#4687 = CARTESIAN_POINT('',(0.,9.));
#4688 = VECTOR('',#4689,1.);
#4689 = DIRECTION('',(1.,0.));
#4690 = ( GEOMETRIC_REPRESENTATION_CONTEXT(2) 
PARAMETRIC_REPRESENTATION_CONTEXT() REPRESENTATION_CONTEXT('2D SPACE',''
  ) );
#4691 = ORIENTED_EDGE('',*,*,#4426,.F.);
#4692 = ADVANCED_FACE('',(#4693),#4415,.F.);
#4693 = FACE_BOUND('',#4694,.F.);
#4694 = EDGE_LOOP('',(#4695,#4696,#4697,#4718));
#4695 = ORIENTED_EDGE('',*,*,#4671,.F.);
#4696 = ORIENTED_EDGE('',*,*,#4572,.T.);
#4697 = ORIENTED_EDGE('',*,*,#4698,.T.);
#4698 = EDGE_CURVE('',#4552,#4375,#4699,.T.);
#4699 = SURFACE_CURVE('',#4700,(#4704,#4711),.PCURVE_S1.);
#4700 = LINE('',#4701,#4702);
#4701 = CARTESIAN_POINT('',(-23.5,-18.8,-24.7));
#4702 = VECTOR('',#4703,1.);
#4703 = DIRECTION('',(0.,0.,1.));
#4704 = PCURVE('',#4415,#4705);
#4705 = DEFINITIONAL_REPRESENTATION('',(#4706),#4710);
#4706 = LINE('',#4707,#4708);
#4707 = CARTESIAN_POINT('',(0.,0.));
#4708 = VECTOR('',#4709,1.);
#4709 = DIRECTION('',(1.,0.));
#4710 = ( GEOMETRIC_REPRESENTATION_CONTEXT(2) 
PARAMETRIC_REPRESENTATION_CONTEXT() REPRESENTATION_CONTEXT('2D SPACE',''
  ) );
#4711 = PCURVE('',#4389,#4712);
#4712 = DEFINITIONAL_REPRESENTATION('',(#4713),#4717);
#4713 = LINE('',#4714,#4715);
#4714 = CARTESIAN_POINT('',(0.,-6.));
#4715 = VECTOR('',#4716,1.);
#4716 = DIRECTION('',(1.,0.));
#4717 = ( GEOMETRIC_REPRESENTATION_CONTEXT(2) 
PARAMETRIC_REPRESENTATION_CONTEXT() REPRESENTATION_CONTEXT('2D SPACE',''
  ) );
#4718 = ORIENTED_EDGE('',*,*,#4400,.F.);
#4719 = ADVANCED_FACE('',(#4720),#4389,.T.);
#4720 = FACE_BOUND('',#4721,.T.);
#4721 = EDGE_LOOP('',(#4722,#4723,#4724,#4725));
#4722 = ORIENTED_EDGE('',*,*,#4644,.F.);
#4723 = ORIENTED_EDGE('',*,*,#4551,.T.);
#4724 = ORIENTED_EDGE('',*,*,#4698,.T.);
#4725 = ORIENTED_EDGE('',*,*,#4374,.F.);
#4726 = MANIFOLD_SOLID_BREP('',#4727);
#4727 = CLOSED_SHELL('',(#4728,#4848,#4924,#5079,#5128,#5241,#5248,#5295
    ,#5322,#5349));
#4728 = ADVANCED_FACE('',(#4729),#4743,.F.);
#4729 = FACE_BOUND('',#4730,.F.);
#4730 = EDGE_LOOP('',(#4731,#4766,#4794,#4822));
#4731 = ORIENTED_EDGE('',*,*,#4732,.F.);
#4732 = EDGE_CURVE('',#4733,#4735,#4737,.T.);
#4733 = VERTEX_POINT('',#4734);
#4734 = CARTESIAN_POINT('',(-7.,-27.3,-24.));
#4735 = VERTEX_POINT('',#4736);
#4736 = CARTESIAN_POINT('',(-7.,-27.3,-23.));
#4737 = SURFACE_CURVE('',#4738,(#4742,#4754),.PCURVE_S1.);
#4738 = LINE('',#4739,#4740);
#4739 = CARTESIAN_POINT('',(-7.,-27.3,-24.));
#4740 = VECTOR('',#4741,1.);
#4741 = DIRECTION('',(0.,0.,1.));
#4742 = PCURVE('',#4743,#4748);
#4743 = PLANE('',#4744);
#4744 = AXIS2_PLACEMENT_3D('',#4745,#4746,#4747);
#4745 = CARTESIAN_POINT('',(-7.,-27.3,-24.));
#4746 = DIRECTION('',(1.,0.,-0.));
#4747 = DIRECTION('',(0.,0.,1.));
#4748 = DEFINITIONAL_REPRESENTATION('',(#4749),#4753);
#4749 = LINE('',#4750,#4751);
#4750 = CARTESIAN_POINT('',(0.,0.));
#4751 = VECTOR('',#4752,1.);
#4752 = DIRECTION('',(1.,0.));
#4753 = ( GEOMETRIC_REPRESENTATION_CONTEXT(2) 
PARAMETRIC_REPRESENTATION_CONTEXT() REPRESENTATION_CONTEXT('2D SPACE',''
  ) );
#4754 = PCURVE('',#4755,#4760);
#4755 = PLANE('',#4756);
#4756 = AXIS2_PLACEMENT_3D('',#4757,#4758,#4759);
#4757 = CARTESIAN_POINT('',(-7.,-27.3,-24.));
#4758 = DIRECTION('',(-0.,1.,0.));
#4759 = DIRECTION('',(0.,0.,1.));
#4760 = DEFINITIONAL_REPRESENTATION('',(#4761),#4765);
#4761 = LINE('',#4762,#4763);
#4762 = CARTESIAN_POINT('',(0.,0.));
#4763 = VECTOR('',#4764,1.);
#4764 = DIRECTION('',(1.,0.));
#4765 = ( GEOMETRIC_REPRESENTATION_CONTEXT(2) 
PARAMETRIC_REPRESENTATION_CONTEXT() REPRESENTATION_CONTEXT('2D SPACE',''
  ) );
#4766 = ORIENTED_EDGE('',*,*,#4767,.T.);
#4767 = EDGE_CURVE('',#4733,#4768,#4770,.T.);
#4768 = VERTEX_POINT('',#4769);
#4769 = CARTESIAN_POINT('',(-7.,-16.3,-24.));
#4770 = SURFACE_CURVE('',#4771,(#4775,#4782),.PCURVE_S1.);
#4771 = LINE('',#4772,#4773);
#4772 = CARTESIAN_POINT('',(-7.,-27.3,-24.));
#4773 = VECTOR('',#4774,1.);
#4774 = DIRECTION('',(-0.,1.,0.));
#4775 = PCURVE('',#4743,#4776);
#4776 = DEFINITIONAL_REPRESENTATION('',(#4777),#4781);
#4777 = LINE('',#4778,#4779);
#4778 = CARTESIAN_POINT('',(0.,0.));
#4779 = VECTOR('',#4780,1.);
#4780 = DIRECTION('',(0.,-1.));
#4781 = ( GEOMETRIC_REPRESENTATION_CONTEXT(2) 
PARAMETRIC_REPRESENTATION_CONTEXT() REPRESENTATION_CONTEXT('2D SPACE',''
  ) );
#4782 = PCURVE('',#4783,#4788);
#4783 = PLANE('',#4784);
#4784 = AXIS2_PLACEMENT_3D('',#4785,#4786,#4787);
#4785 = CARTESIAN_POINT('',(-7.,-27.3,-24.));
#4786 = DIRECTION('',(0.,0.,1.));
#4787 = DIRECTION('',(1.,0.,-0.));
#4788 = DEFINITIONAL_REPRESENTATION('',(#4789),#4793);
#4789 = LINE('',#4790,#4791);
#4790 = CARTESIAN_POINT('',(0.,0.));
#4791 = VECTOR('',#4792,1.);
#4792 = DIRECTION('',(0.,1.));
#4793 = ( GEOMETRIC_REPRESENTATION_CONTEXT(2) 
PARAMETRIC_REPRESENTATION_CONTEXT() REPRESENTATION_CONTEXT('2D SPACE',''
  ) );
#4794 = ORIENTED_EDGE('',*,*,#4795,.T.);
#4795 = EDGE_CURVE('',#4768,#4796,#4798,.T.);
#4796 = VERTEX_POINT('',#4797);
#4797 = CARTESIAN_POINT('',(-7.,-16.3,-23.));
#4798 = SURFACE_CURVE('',#4799,(#4803,#4810),.PCURVE_S1.);
#4799 = LINE('',#4800,#4801);
#4800 = CARTESIAN_POINT('',(-7.,-16.3,-24.));
#4801 = VECTOR('',#4802,1.);
#4802 = DIRECTION('',(0.,0.,1.));
#4803 = PCURVE('',#4743,#4804);
#4804 = DEFINITIONAL_REPRESENTATION('',(#4805),#4809);
#4805 = LINE('',#4806,#4807);
#4806 = CARTESIAN_POINT('',(0.,-11.));
#4807 = VECTOR('',#4808,1.);
#4808 = DIRECTION('',(1.,0.));
#4809 = ( GEOMETRIC_REPRESENTATION_CONTEXT(2) 
PARAMETRIC_REPRESENTATION_CONTEXT() REPRESENTATION_CONTEXT('2D SPACE',''
  ) );
#4810 = PCURVE('',#4811,#4816);
#4811 = PLANE('',#4812);
#4812 = AXIS2_PLACEMENT_3D('',#4813,#4814,#4815);
#4813 = CARTESIAN_POINT('',(-7.,-16.3,-24.));
#4814 = DIRECTION('',(-0.,1.,0.));
#4815 = DIRECTION('',(0.,0.,1.));
#4816 = DEFINITIONAL_REPRESENTATION('',(#4817),#4821);
#4817 = LINE('',#4818,#4819);
#4818 = CARTESIAN_POINT('',(0.,0.));
#4819 = VECTOR('',#4820,1.);
#4820 = DIRECTION('',(1.,0.));
#4821 = ( GEOMETRIC_REPRESENTATION_CONTEXT(2) 
PARAMETRIC_REPRESENTATION_CONTEXT() REPRESENTATION_CONTEXT('2D SPACE',''
  ) );
#4822 = ORIENTED_EDGE('',*,*,#4823,.F.);
#4823 = EDGE_CURVE('',#4735,#4796,#4824,.T.);
#4824 = SURFACE_CURVE('',#4825,(#4829,#4836),.PCURVE_S1.);
#4825 = LINE('',#4826,#4827);
#4826 = CARTESIAN_POINT('',(-7.,-27.3,-23.));
#4827 = VECTOR('',#4828,1.);
#4828 = DIRECTION('',(-0.,1.,0.));
#4829 = PCURVE('',#4743,#4830);
#4830 = DEFINITIONAL_REPRESENTATION('',(#4831),#4835);
#4831 = LINE('',#4832,#4833);
#4832 = CARTESIAN_POINT('',(1.,0.));
#4833 = VECTOR('',#4834,1.);
#4834 = DIRECTION('',(0.,-1.));
#4835 = ( GEOMETRIC_REPRESENTATION_CONTEXT(2) 
PARAMETRIC_REPRESENTATION_CONTEXT() REPRESENTATION_CONTEXT('2D SPACE',''
  ) );
#4836 = PCURVE('',#4837,#4842);
#4837 = PLANE('',#4838);
#4838 = AXIS2_PLACEMENT_3D('',#4839,#4840,#4841);
#4839 = CARTESIAN_POINT('',(-7.,-27.3,-23.));
#4840 = DIRECTION('',(0.,0.,1.));
#4841 = DIRECTION('',(1.,0.,-0.));
#4842 = DEFINITIONAL_REPRESENTATION('',(#4843),#4847);
#4843 = LINE('',#4844,#4845);
#4844 = CARTESIAN_POINT('',(0.,0.));
#4845 = VECTOR('',#4846,1.);
#4846 = DIRECTION('',(0.,1.));
#4847 = ( GEOMETRIC_REPRESENTATION_CONTEXT(2) 
PARAMETRIC_REPRESENTATION_CONTEXT() REPRESENTATION_CONTEXT('2D SPACE',''
  ) );
#4848 = ADVANCED_FACE('',(#4849),#4755,.F.);
#4849 = FACE_BOUND('',#4850,.F.);
#4850 = EDGE_LOOP('',(#4851,#4874,#4875,#4898));
#4851 = ORIENTED_EDGE('',*,*,#4852,.F.);
#4852 = EDGE_CURVE('',#4733,#4853,#4855,.T.);
#4853 = VERTEX_POINT('',#4854);
#4854 = CARTESIAN_POINT('',(9.,-27.3,-24.));
#4855 = SURFACE_CURVE('',#4856,(#4860,#4867),.PCURVE_S1.);
#4856 = LINE('',#4857,#4858);
#4857 = CARTESIAN_POINT('',(-7.,-27.3,-24.));
#4858 = VECTOR('',#4859,1.);
#4859 = DIRECTION('',(1.,0.,-0.));
#4860 = PCURVE('',#4755,#4861);
#4861 = DEFINITIONAL_REPRESENTATION('',(#4862),#4866);
#4862 = LINE('',#4863,#4864);
#4863 = CARTESIAN_POINT('',(0.,0.));
#4864 = VECTOR('',#4865,1.);
#4865 = DIRECTION('',(0.,1.));
#4866 = ( GEOMETRIC_REPRESENTATION_CONTEXT(2) 
PARAMETRIC_REPRESENTATION_CONTEXT() REPRESENTATION_CONTEXT('2D SPACE',''
  ) );
#4867 = PCURVE('',#4783,#4868);
#4868 = DEFINITIONAL_REPRESENTATION('',(#4869),#4873);
#4869 = LINE('',#4870,#4871);
#4870 = CARTESIAN_POINT('',(0.,0.));
#4871 = VECTOR('',#4872,1.);
#4872 = DIRECTION('',(1.,0.));
#4873 = ( GEOMETRIC_REPRESENTATION_CONTEXT(2) 
PARAMETRIC_REPRESENTATION_CONTEXT() REPRESENTATION_CONTEXT('2D SPACE',''
  ) );
#4874 = ORIENTED_EDGE('',*,*,#4732,.T.);
#4875 = ORIENTED_EDGE('',*,*,#4876,.T.);
#4876 = EDGE_CURVE('',#4735,#4877,#4879,.T.);
#4877 = VERTEX_POINT('',#4878);
#4878 = CARTESIAN_POINT('',(9.,-27.3,-23.));
#4879 = SURFACE_CURVE('',#4880,(#4884,#4891),.PCURVE_S1.);
#4880 = LINE('',#4881,#4882);
#4881 = CARTESIAN_POINT('',(-7.,-27.3,-23.));
#4882 = VECTOR('',#4883,1.);
#4883 = DIRECTION('',(1.,0.,-0.));
#4884 = PCURVE('',#4755,#4885);
#4885 = DEFINITIONAL_REPRESENTATION('',(#4886),#4890);
#4886 = LINE('',#4887,#4888);
#4887 = CARTESIAN_POINT('',(1.,0.));
#4888 = VECTOR('',#4889,1.);
#4889 = DIRECTION('',(0.,1.));
#4890 = ( GEOMETRIC_REPRESENTATION_CONTEXT(2) 
PARAMETRIC_REPRESENTATION_CONTEXT() REPRESENTATION_CONTEXT('2D SPACE',''
  ) );
#4891 = PCURVE('',#4837,#4892);
#4892 = DEFINITIONAL_REPRESENTATION('',(#4893),#4897);
#4893 = LINE('',#4894,#4895);
#4894 = CARTESIAN_POINT('',(0.,0.));
#4895 = VECTOR('',#4896,1.);
#4896 = DIRECTION('',(1.,0.));
#4897 = ( GEOMETRIC_REPRESENTATION_CONTEXT(2) 
PARAMETRIC_REPRESENTATION_CONTEXT() REPRESENTATION_CONTEXT('2D SPACE',''
  ) );
#4898 = ORIENTED_EDGE('',*,*,#4899,.F.);
#4899 = EDGE_CURVE('',#4853,#4877,#4900,.T.);
#4900 = SURFACE_CURVE('',#4901,(#4905,#4912),.PCURVE_S1.);
#4901 = LINE('',#4902,#4903);
#4902 = CARTESIAN_POINT('',(9.,-27.3,-24.));
#4903 = VECTOR('',#4904,1.);
#4904 = DIRECTION('',(0.,0.,1.));
#4905 = PCURVE('',#4755,#4906);
#4906 = DEFINITIONAL_REPRESENTATION('',(#4907),#4911);
#4907 = LINE('',#4908,#4909);
#4908 = CARTESIAN_POINT('',(0.,16.));
#4909 = VECTOR('',#4910,1.);
#4910 = DIRECTION('',(1.,0.));
#4911 = ( GEOMETRIC_REPRESENTATION_CONTEXT(2) 
PARAMETRIC_REPRESENTATION_CONTEXT() REPRESENTATION_CONTEXT('2D SPACE',''
  ) );
#4912 = PCURVE('',#4913,#4918);
#4913 = PLANE('',#4914);
#4914 = AXIS2_PLACEMENT_3D('',#4915,#4916,#4917);
#4915 = CARTESIAN_POINT('',(9.,-27.3,-24.));
#4916 = DIRECTION('',(1.,0.,-0.));
#4917 = DIRECTION('',(0.,0.,1.));
#4918 = DEFINITIONAL_REPRESENTATION('',(#4919),#4923);
#4919 = LINE('',#4920,#4921);
#4920 = CARTESIAN_POINT('',(0.,0.));
#4921 = VECTOR('',#4922,1.);
#4922 = DIRECTION('',(1.,0.));
#4923 = ( GEOMETRIC_REPRESENTATION_CONTEXT(2) 
PARAMETRIC_REPRESENTATION_CONTEXT() REPRESENTATION_CONTEXT('2D SPACE',''
  ) );
#4924 = ADVANCED_FACE('',(#4925,#4973),#4837,.T.);
#4925 = FACE_BOUND('',#4926,.T.);
#4926 = EDGE_LOOP('',(#4927,#4928,#4929,#4952));
#4927 = ORIENTED_EDGE('',*,*,#4823,.F.);
#4928 = ORIENTED_EDGE('',*,*,#4876,.T.);
#4929 = ORIENTED_EDGE('',*,*,#4930,.T.);
#4930 = EDGE_CURVE('',#4877,#4931,#4933,.T.);
#4931 = VERTEX_POINT('',#4932);
#4932 = CARTESIAN_POINT('',(9.,-16.3,-23.));
#4933 = SURFACE_CURVE('',#4934,(#4938,#4945),.PCURVE_S1.);
#4934 = LINE('',#4935,#4936);
#4935 = CARTESIAN_POINT('',(9.,-27.3,-23.));
#4936 = VECTOR('',#4937,1.);
#4937 = DIRECTION('',(-0.,1.,0.));
#4938 = PCURVE('',#4837,#4939);
#4939 = DEFINITIONAL_REPRESENTATION('',(#4940),#4944);
#4940 = LINE('',#4941,#4942);
#4941 = CARTESIAN_POINT('',(16.,0.));
#4942 = VECTOR('',#4943,1.);
#4943 = DIRECTION('',(0.,1.));
#4944 = ( GEOMETRIC_REPRESENTATION_CONTEXT(2) 
PARAMETRIC_REPRESENTATION_CONTEXT() REPRESENTATION_CONTEXT('2D SPACE',''
  ) );
#4945 = PCURVE('',#4913,#4946);
#4946 = DEFINITIONAL_REPRESENTATION('',(#4947),#4951);
#4947 = LINE('',#4948,#4949);
#4948 = CARTESIAN_POINT('',(1.,0.));
#4949 = VECTOR('',#4950,1.);
#4950 = DIRECTION('',(0.,-1.));
#4951 = ( GEOMETRIC_REPRESENTATION_CONTEXT(2) 
PARAMETRIC_REPRESENTATION_CONTEXT() REPRESENTATION_CONTEXT('2D SPACE',''
  ) );
#4952 = ORIENTED_EDGE('',*,*,#4953,.F.);
#4953 = EDGE_CURVE('',#4796,#4931,#4954,.T.);
#4954 = SURFACE_CURVE('',#4955,(#4959,#4966),.PCURVE_S1.);
#4955 = LINE('',#4956,#4957);
#4956 = CARTESIAN_POINT('',(-7.,-16.3,-23.));
#4957 = VECTOR('',#4958,1.);
#4958 = DIRECTION('',(1.,0.,-0.));
#4959 = PCURVE('',#4837,#4960);
#4960 = DEFINITIONAL_REPRESENTATION('',(#4961),#4965);
#4961 = LINE('',#4962,#4963);
#4962 = CARTESIAN_POINT('',(0.,11.));
#4963 = VECTOR('',#4964,1.);
#4964 = DIRECTION('',(1.,0.));
#4965 = ( GEOMETRIC_REPRESENTATION_CONTEXT(2) 
PARAMETRIC_REPRESENTATION_CONTEXT() REPRESENTATION_CONTEXT('2D SPACE',''
  ) );
#4966 = PCURVE('',#4811,#4967);
#4967 = DEFINITIONAL_REPRESENTATION('',(#4968),#4972);
#4968 = LINE('',#4969,#4970);
#4969 = CARTESIAN_POINT('',(1.,0.));
#4970 = VECTOR('',#4971,1.);
#4971 = DIRECTION('',(0.,1.));
#4972 = ( GEOMETRIC_REPRESENTATION_CONTEXT(2) 
PARAMETRIC_REPRESENTATION_CONTEXT() REPRESENTATION_CONTEXT('2D SPACE',''
  ) );
#4973 = FACE_BOUND('',#4974,.T.);
#4974 = EDGE_LOOP('',(#4975,#5003,#5029,#5055));
#4975 = ORIENTED_EDGE('',*,*,#4976,.T.);
#4976 = EDGE_CURVE('',#4977,#4979,#4981,.T.);
#4977 = VERTEX_POINT('',#4978);
#4978 = CARTESIAN_POINT('',(5.5,-24.8,-23.));
#4979 = VERTEX_POINT('',#4980);
#4980 = CARTESIAN_POINT('',(-3.5,-24.8,-23.));
#4981 = SURFACE_CURVE('',#4982,(#4986,#4992),.PCURVE_S1.);
#4982 = LINE('',#4983,#4984);
#4983 = CARTESIAN_POINT('',(-5.25,-24.8,-23.));
#4984 = VECTOR('',#4985,1.);
#4985 = DIRECTION('',(-1.,-0.,0.));
#4986 = PCURVE('',#4837,#4987);
#4987 = DEFINITIONAL_REPRESENTATION('',(#4988),#4991);
#4988 = B_SPLINE_CURVE_WITH_KNOTS('',1,(#4989,#4990),.UNSPECIFIED.,.F.,
  .F.,(2,2),(-10.75,-1.75),.PIECEWISE_BEZIER_KNOTS.);
#4989 = CARTESIAN_POINT('',(12.5,2.5));
#4990 = CARTESIAN_POINT('',(3.5,2.5));
#4991 = ( GEOMETRIC_REPRESENTATION_CONTEXT(2) 
PARAMETRIC_REPRESENTATION_CONTEXT() REPRESENTATION_CONTEXT('2D SPACE',''
  ) );
#4992 = PCURVE('',#4993,#4998);
#4993 = PLANE('',#4994);
#4994 = AXIS2_PLACEMENT_3D('',#4995,#4996,#4997);
#4995 = CARTESIAN_POINT('',(-3.5,-24.8,-25.));
#4996 = DIRECTION('',(-0.,1.,0.));
#4997 = DIRECTION('',(0.,0.,1.));
#4998 = DEFINITIONAL_REPRESENTATION('',(#4999),#5002);
#4999 = B_SPLINE_CURVE_WITH_KNOTS('',1,(#5000,#5001),.UNSPECIFIED.,.F.,
  .F.,(2,2),(-10.75,-1.75),.PIECEWISE_BEZIER_KNOTS.);
#5000 = CARTESIAN_POINT('',(2.,9.));
#5001 = CARTESIAN_POINT('',(2.,0.));
#5002 = ( GEOMETRIC_REPRESENTATION_CONTEXT(2) 
PARAMETRIC_REPRESENTATION_CONTEXT() REPRESENTATION_CONTEXT('2D SPACE',''
  ) );
#5003 = ORIENTED_EDGE('',*,*,#5004,.T.);
#5004 = EDGE_CURVE('',#4979,#5005,#5007,.T.);
#5005 = VERTEX_POINT('',#5006);
#5006 = CARTESIAN_POINT('',(-3.5,-18.8,-23.));
#5007 = SURFACE_CURVE('',#5008,(#5012,#5018),.PCURVE_S1.);
#5008 = LINE('',#5009,#5010);
#5009 = CARTESIAN_POINT('',(-3.5,-26.05,-23.));
#5010 = VECTOR('',#5011,1.);
#5011 = DIRECTION('',(-0.,1.,0.));
#5012 = PCURVE('',#4837,#5013);
#5013 = DEFINITIONAL_REPRESENTATION('',(#5014),#5017);
#5014 = B_SPLINE_CURVE_WITH_KNOTS('',1,(#5015,#5016),.UNSPECIFIED.,.F.,
  .F.,(2,2),(1.25,7.25),.PIECEWISE_BEZIER_KNOTS.);
#5015 = CARTESIAN_POINT('',(3.5,2.5));
#5016 = CARTESIAN_POINT('',(3.5,8.5));
#5017 = ( GEOMETRIC_REPRESENTATION_CONTEXT(2) 
PARAMETRIC_REPRESENTATION_CONTEXT() REPRESENTATION_CONTEXT('2D SPACE',''
  ) );
#5018 = PCURVE('',#5019,#5024);
#5019 = PLANE('',#5020);
#5020 = AXIS2_PLACEMENT_3D('',#5021,#5022,#5023);
#5021 = CARTESIAN_POINT('',(-3.5,-24.8,-25.));
#5022 = DIRECTION('',(1.,0.,-0.));
#5023 = DIRECTION('',(0.,0.,1.));
#5024 = DEFINITIONAL_REPRESENTATION('',(#5025),#5028);
#5025 = B_SPLINE_CURVE_WITH_KNOTS('',1,(#5026,#5027),.UNSPECIFIED.,.F.,
  .F.,(2,2),(1.25,7.25),.PIECEWISE_BEZIER_KNOTS.);
#5026 = CARTESIAN_POINT('',(2.,0.));
#5027 = CARTESIAN_POINT('',(2.,-6.));
#5028 = ( GEOMETRIC_REPRESENTATION_CONTEXT(2) 
PARAMETRIC_REPRESENTATION_CONTEXT() REPRESENTATION_CONTEXT('2D SPACE',''
  ) );
#5029 = ORIENTED_EDGE('',*,*,#5030,.F.);
#5030 = EDGE_CURVE('',#5031,#5005,#5033,.T.);
#5031 = VERTEX_POINT('',#5032);
#5032 = CARTESIAN_POINT('',(5.5,-18.8,-23.));
#5033 = SURFACE_CURVE('',#5034,(#5038,#5044),.PCURVE_S1.);
#5034 = LINE('',#5035,#5036);
#5035 = CARTESIAN_POINT('',(-5.25,-18.8,-23.));
#5036 = VECTOR('',#5037,1.);
#5037 = DIRECTION('',(-1.,-0.,0.));
#5038 = PCURVE('',#4837,#5039);
#5039 = DEFINITIONAL_REPRESENTATION('',(#5040),#5043);
#5040 = B_SPLINE_CURVE_WITH_KNOTS('',1,(#5041,#5042),.UNSPECIFIED.,.F.,
  .F.,(2,2),(-10.75,-1.75),.PIECEWISE_BEZIER_KNOTS.);
#5041 = CARTESIAN_POINT('',(12.5,8.5));
#5042 = CARTESIAN_POINT('',(3.5,8.5));
#5043 = ( GEOMETRIC_REPRESENTATION_CONTEXT(2) 
PARAMETRIC_REPRESENTATION_CONTEXT() REPRESENTATION_CONTEXT('2D SPACE',''
  ) );
#5044 = PCURVE('',#5045,#5050);
#5045 = PLANE('',#5046);
#5046 = AXIS2_PLACEMENT_3D('',#5047,#5048,#5049);
#5047 = CARTESIAN_POINT('',(-3.5,-18.8,-25.));
#5048 = DIRECTION('',(-0.,1.,0.));
#5049 = DIRECTION('',(0.,0.,1.));
#5050 = DEFINITIONAL_REPRESENTATION('',(#5051),#5054);
#5051 = B_SPLINE_CURVE_WITH_KNOTS('',1,(#5052,#5053),.UNSPECIFIED.,.F.,
  .F.,(2,2),(-10.75,-1.75),.PIECEWISE_BEZIER_KNOTS.);
#5052 = CARTESIAN_POINT('',(2.,9.));
#5053 = CARTESIAN_POINT('',(2.,0.));
#5054 = ( GEOMETRIC_REPRESENTATION_CONTEXT(2) 
PARAMETRIC_REPRESENTATION_CONTEXT() REPRESENTATION_CONTEXT('2D SPACE',''
  ) );
#5055 = ORIENTED_EDGE('',*,*,#5056,.F.);
#5056 = EDGE_CURVE('',#4977,#5031,#5057,.T.);
#5057 = SURFACE_CURVE('',#5058,(#5062,#5068),.PCURVE_S1.);
#5058 = LINE('',#5059,#5060);
#5059 = CARTESIAN_POINT('',(5.5,-26.05,-23.));
#5060 = VECTOR('',#5061,1.);
#5061 = DIRECTION('',(-0.,1.,0.));
#5062 = PCURVE('',#4837,#5063);
#5063 = DEFINITIONAL_REPRESENTATION('',(#5064),#5067);
#5064 = B_SPLINE_CURVE_WITH_KNOTS('',1,(#5065,#5066),.UNSPECIFIED.,.F.,
  .F.,(2,2),(1.25,7.25),.PIECEWISE_BEZIER_KNOTS.);
#5065 = CARTESIAN_POINT('',(12.5,2.5));
#5066 = CARTESIAN_POINT('',(12.5,8.5));
#5067 = ( GEOMETRIC_REPRESENTATION_CONTEXT(2) 
PARAMETRIC_REPRESENTATION_CONTEXT() REPRESENTATION_CONTEXT('2D SPACE',''
  ) );
#5068 = PCURVE('',#5069,#5074);
#5069 = PLANE('',#5070);
#5070 = AXIS2_PLACEMENT_3D('',#5071,#5072,#5073);
#5071 = CARTESIAN_POINT('',(5.5,-24.8,-25.));
#5072 = DIRECTION('',(1.,0.,-0.));
#5073 = DIRECTION('',(0.,0.,1.));
#5074 = DEFINITIONAL_REPRESENTATION('',(#5075),#5078);
#5075 = B_SPLINE_CURVE_WITH_KNOTS('',1,(#5076,#5077),.UNSPECIFIED.,.F.,
  .F.,(2,2),(1.25,7.25),.PIECEWISE_BEZIER_KNOTS.);
#5076 = CARTESIAN_POINT('',(2.,0.));
#5077 = CARTESIAN_POINT('',(2.,-6.));
#5078 = ( GEOMETRIC_REPRESENTATION_CONTEXT(2) 
PARAMETRIC_REPRESENTATION_CONTEXT() REPRESENTATION_CONTEXT('2D SPACE',''
  ) );
#5079 = ADVANCED_FACE('',(#5080),#4811,.T.);
#5080 = FACE_BOUND('',#5081,.T.);
#5081 = EDGE_LOOP('',(#5082,#5105,#5106,#5107));
#5082 = ORIENTED_EDGE('',*,*,#5083,.F.);
#5083 = EDGE_CURVE('',#4768,#5084,#5086,.T.);
#5084 = VERTEX_POINT('',#5085);
#5085 = CARTESIAN_POINT('',(9.,-16.3,-24.));
#5086 = SURFACE_CURVE('',#5087,(#5091,#5098),.PCURVE_S1.);
#5087 = LINE('',#5088,#5089);
#5088 = CARTESIAN_POINT('',(-7.,-16.3,-24.));
#5089 = VECTOR('',#5090,1.);
#5090 = DIRECTION('',(1.,0.,-0.));
#5091 = PCURVE('',#4811,#5092);
#5092 = DEFINITIONAL_REPRESENTATION('',(#5093),#5097);
#5093 = LINE('',#5094,#5095);
#5094 = CARTESIAN_POINT('',(0.,0.));
#5095 = VECTOR('',#5096,1.);
#5096 = DIRECTION('',(0.,1.));
#5097 = ( GEOMETRIC_REPRESENTATION_CONTEXT(2) 
PARAMETRIC_REPRESENTATION_CONTEXT() REPRESENTATION_CONTEXT('2D SPACE',''
  ) );
#5098 = PCURVE('',#4783,#5099);
#5099 = DEFINITIONAL_REPRESENTATION('',(#5100),#5104);
#5100 = LINE('',#5101,#5102);
#5101 = CARTESIAN_POINT('',(0.,11.));
#5102 = VECTOR('',#5103,1.);
#5103 = DIRECTION('',(1.,0.));
#5104 = ( GEOMETRIC_REPRESENTATION_CONTEXT(2) 
PARAMETRIC_REPRESENTATION_CONTEXT() REPRESENTATION_CONTEXT('2D SPACE',''
  ) );
#5105 = ORIENTED_EDGE('',*,*,#4795,.T.);
#5106 = ORIENTED_EDGE('',*,*,#4953,.T.);
#5107 = ORIENTED_EDGE('',*,*,#5108,.F.);
#5108 = EDGE_CURVE('',#5084,#4931,#5109,.T.);
#5109 = SURFACE_CURVE('',#5110,(#5114,#5121),.PCURVE_S1.);
#5110 = LINE('',#5111,#5112);
#5111 = CARTESIAN_POINT('',(9.,-16.3,-24.));
#5112 = VECTOR('',#5113,1.);
#5113 = DIRECTION('',(0.,0.,1.));
#5114 = PCURVE('',#4811,#5115);
#5115 = DEFINITIONAL_REPRESENTATION('',(#5116),#5120);
#5116 = LINE('',#5117,#5118);
#5117 = CARTESIAN_POINT('',(0.,16.));
#5118 = VECTOR('',#5119,1.);
#5119 = DIRECTION('',(1.,0.));
#5120 = ( GEOMETRIC_REPRESENTATION_CONTEXT(2) 
PARAMETRIC_REPRESENTATION_CONTEXT() REPRESENTATION_CONTEXT('2D SPACE',''
  ) );
#5121 = PCURVE('',#4913,#5122);
#5122 = DEFINITIONAL_REPRESENTATION('',(#5123),#5127);
#5123 = LINE('',#5124,#5125);
#5124 = CARTESIAN_POINT('',(0.,-11.));
#5125 = VECTOR('',#5126,1.);
#5126 = DIRECTION('',(1.,0.));
#5127 = ( GEOMETRIC_REPRESENTATION_CONTEXT(2) 
PARAMETRIC_REPRESENTATION_CONTEXT() REPRESENTATION_CONTEXT('2D SPACE',''
  ) );
#5128 = ADVANCED_FACE('',(#5129,#5155),#4783,.F.);
#5129 = FACE_BOUND('',#5130,.F.);
#5130 = EDGE_LOOP('',(#5131,#5132,#5133,#5154));
#5131 = ORIENTED_EDGE('',*,*,#4767,.F.);
#5132 = ORIENTED_EDGE('',*,*,#4852,.T.);
#5133 = ORIENTED_EDGE('',*,*,#5134,.T.);
#5134 = EDGE_CURVE('',#4853,#5084,#5135,.T.);
#5135 = SURFACE_CURVE('',#5136,(#5140,#5147),.PCURVE_S1.);
#5136 = LINE('',#5137,#5138);
#5137 = CARTESIAN_POINT('',(9.,-27.3,-24.));
#5138 = VECTOR('',#5139,1.);
#5139 = DIRECTION('',(-0.,1.,0.));
#5140 = PCURVE('',#4783,#5141);
#5141 = DEFINITIONAL_REPRESENTATION('',(#5142),#5146);
#5142 = LINE('',#5143,#5144);
#5143 = CARTESIAN_POINT('',(16.,0.));
#5144 = VECTOR('',#5145,1.);
#5145 = DIRECTION('',(0.,1.));
#5146 = ( GEOMETRIC_REPRESENTATION_CONTEXT(2) 
PARAMETRIC_REPRESENTATION_CONTEXT() REPRESENTATION_CONTEXT('2D SPACE',''
  ) );
#5147 = PCURVE('',#4913,#5148);
#5148 = DEFINITIONAL_REPRESENTATION('',(#5149),#5153);
#5149 = LINE('',#5150,#5151);
#5150 = CARTESIAN_POINT('',(0.,0.));
#5151 = VECTOR('',#5152,1.);
#5152 = DIRECTION('',(0.,-1.));
#5153 = ( GEOMETRIC_REPRESENTATION_CONTEXT(2) 
PARAMETRIC_REPRESENTATION_CONTEXT() REPRESENTATION_CONTEXT('2D SPACE',''
  ) );
#5154 = ORIENTED_EDGE('',*,*,#5083,.F.);
#5155 = FACE_BOUND('',#5156,.F.);
#5156 = EDGE_LOOP('',(#5157,#5180,#5201,#5222));
#5157 = ORIENTED_EDGE('',*,*,#5158,.T.);
#5158 = EDGE_CURVE('',#5159,#5161,#5163,.T.);
#5159 = VERTEX_POINT('',#5160);
#5160 = CARTESIAN_POINT('',(5.5,-24.8,-24.));
#5161 = VERTEX_POINT('',#5162);
#5162 = CARTESIAN_POINT('',(-3.5,-24.8,-24.));
#5163 = SURFACE_CURVE('',#5164,(#5168,#5174),.PCURVE_S1.);
#5164 = LINE('',#5165,#5166);
#5165 = CARTESIAN_POINT('',(-5.25,-24.8,-24.));
#5166 = VECTOR('',#5167,1.);
#5167 = DIRECTION('',(-1.,-0.,0.));
#5168 = PCURVE('',#4783,#5169);
#5169 = DEFINITIONAL_REPRESENTATION('',(#5170),#5173);
#5170 = B_SPLINE_CURVE_WITH_KNOTS('',1,(#5171,#5172),.UNSPECIFIED.,.F.,
  .F.,(2,2),(-10.75,-1.75),.PIECEWISE_BEZIER_KNOTS.);
#5171 = CARTESIAN_POINT('',(12.5,2.5));
#5172 = CARTESIAN_POINT('',(3.5,2.5));
#5173 = ( GEOMETRIC_REPRESENTATION_CONTEXT(2) 
PARAMETRIC_REPRESENTATION_CONTEXT() REPRESENTATION_CONTEXT('2D SPACE',''
  ) );
#5174 = PCURVE('',#4993,#5175);
#5175 = DEFINITIONAL_REPRESENTATION('',(#5176),#5179);
#5176 = B_SPLINE_CURVE_WITH_KNOTS('',1,(#5177,#5178),.UNSPECIFIED.,.F.,
  .F.,(2,2),(-10.75,-1.75),.PIECEWISE_BEZIER_KNOTS.);
#5177 = CARTESIAN_POINT('',(1.,9.));
#5178 = CARTESIAN_POINT('',(1.,0.));
#5179 = ( GEOMETRIC_REPRESENTATION_CONTEXT(2) 
PARAMETRIC_REPRESENTATION_CONTEXT() REPRESENTATION_CONTEXT('2D SPACE',''
  ) );
#5180 = ORIENTED_EDGE('',*,*,#5181,.T.);
#5181 = EDGE_CURVE('',#5161,#5182,#5184,.T.);
#5182 = VERTEX_POINT('',#5183);
#5183 = CARTESIAN_POINT('',(-3.5,-18.8,-24.));
#5184 = SURFACE_CURVE('',#5185,(#5189,#5195),.PCURVE_S1.);
#5185 = LINE('',#5186,#5187);
#5186 = CARTESIAN_POINT('',(-3.5,-26.05,-24.));
#5187 = VECTOR('',#5188,1.);
#5188 = DIRECTION('',(-0.,1.,0.));
#5189 = PCURVE('',#4783,#5190);
#5190 = DEFINITIONAL_REPRESENTATION('',(#5191),#5194);
#5191 = B_SPLINE_CURVE_WITH_KNOTS('',1,(#5192,#5193),.UNSPECIFIED.,.F.,
  .F.,(2,2),(1.25,7.25),.PIECEWISE_BEZIER_KNOTS.);
#5192 = CARTESIAN_POINT('',(3.5,2.5));
#5193 = CARTESIAN_POINT('',(3.5,8.5));
#5194 = ( GEOMETRIC_REPRESENTATION_CONTEXT(2) 
PARAMETRIC_REPRESENTATION_CONTEXT() REPRESENTATION_CONTEXT('2D SPACE',''
  ) );
#5195 = PCURVE('',#5019,#5196);
#5196 = DEFINITIONAL_REPRESENTATION('',(#5197),#5200);
#5197 = B_SPLINE_CURVE_WITH_KNOTS('',1,(#5198,#5199),.UNSPECIFIED.,.F.,
  .F.,(2,2),(1.25,7.25),.PIECEWISE_BEZIER_KNOTS.);
#5198 = CARTESIAN_POINT('',(1.,0.));
#5199 = CARTESIAN_POINT('',(1.,-6.));
#5200 = ( GEOMETRIC_REPRESENTATION_CONTEXT(2) 
PARAMETRIC_REPRESENTATION_CONTEXT() REPRESENTATION_CONTEXT('2D SPACE',''
  ) );
#5201 = ORIENTED_EDGE('',*,*,#5202,.F.);
#5202 = EDGE_CURVE('',#5203,#5182,#5205,.T.);
#5203 = VERTEX_POINT('',#5204);
#5204 = CARTESIAN_POINT('',(5.5,-18.8,-24.));
#5205 = SURFACE_CURVE('',#5206,(#5210,#5216),.PCURVE_S1.);
#5206 = LINE('',#5207,#5208);
#5207 = CARTESIAN_POINT('',(-5.25,-18.8,-24.));
#5208 = VECTOR('',#5209,1.);
#5209 = DIRECTION('',(-1.,-0.,0.));
#5210 = PCURVE('',#4783,#5211);
#5211 = DEFINITIONAL_REPRESENTATION('',(#5212),#5215);
#5212 = B_SPLINE_CURVE_WITH_KNOTS('',1,(#5213,#5214),.UNSPECIFIED.,.F.,
  .F.,(2,2),(-10.75,-1.75),.PIECEWISE_BEZIER_KNOTS.);
#5213 = CARTESIAN_POINT('',(12.5,8.5));
#5214 = CARTESIAN_POINT('',(3.5,8.5));
#5215 = ( GEOMETRIC_REPRESENTATION_CONTEXT(2) 
PARAMETRIC_REPRESENTATION_CONTEXT() REPRESENTATION_CONTEXT('2D SPACE',''
  ) );
#5216 = PCURVE('',#5045,#5217);
#5217 = DEFINITIONAL_REPRESENTATION('',(#5218),#5221);
#5218 = B_SPLINE_CURVE_WITH_KNOTS('',1,(#5219,#5220),.UNSPECIFIED.,.F.,
  .F.,(2,2),(-10.75,-1.75),.PIECEWISE_BEZIER_KNOTS.);
#5219 = CARTESIAN_POINT('',(1.,9.));
#5220 = CARTESIAN_POINT('',(1.,0.));
#5221 = ( GEOMETRIC_REPRESENTATION_CONTEXT(2) 
PARAMETRIC_REPRESENTATION_CONTEXT() REPRESENTATION_CONTEXT('2D SPACE',''
  ) );
#5222 = ORIENTED_EDGE('',*,*,#5223,.F.);
#5223 = EDGE_CURVE('',#5159,#5203,#5224,.T.);
#5224 = SURFACE_CURVE('',#5225,(#5229,#5235),.PCURVE_S1.);
#5225 = LINE('',#5226,#5227);
#5226 = CARTESIAN_POINT('',(5.5,-26.05,-24.));
#5227 = VECTOR('',#5228,1.);
#5228 = DIRECTION('',(-0.,1.,0.));
#5229 = PCURVE('',#4783,#5230);
#5230 = DEFINITIONAL_REPRESENTATION('',(#5231),#5234);
#5231 = B_SPLINE_CURVE_WITH_KNOTS('',1,(#5232,#5233),.UNSPECIFIED.,.F.,
  .F.,(2,2),(1.25,7.25),.PIECEWISE_BEZIER_KNOTS.);
#5232 = CARTESIAN_POINT('',(12.5,2.5));
#5233 = CARTESIAN_POINT('',(12.5,8.5));
#5234 = ( GEOMETRIC_REPRESENTATION_CONTEXT(2) 
PARAMETRIC_REPRESENTATION_CONTEXT() REPRESENTATION_CONTEXT('2D SPACE',''
  ) );
#5235 = PCURVE('',#5069,#5236);
#5236 = DEFINITIONAL_REPRESENTATION('',(#5237),#5240);
#5237 = B_SPLINE_CURVE_WITH_KNOTS('',1,(#5238,#5239),.UNSPECIFIED.,.F.,
  .F.,(2,2),(1.25,7.25),.PIECEWISE_BEZIER_KNOTS.);
#5238 = CARTESIAN_POINT('',(1.,0.));
#5239 = CARTESIAN_POINT('',(1.,-6.));
#5240 = ( GEOMETRIC_REPRESENTATION_CONTEXT(2) 
PARAMETRIC_REPRESENTATION_CONTEXT() REPRESENTATION_CONTEXT('2D SPACE',''
  ) );
#5241 = ADVANCED_FACE('',(#5242),#4913,.T.);
#5242 = FACE_BOUND('',#5243,.T.);
#5243 = EDGE_LOOP('',(#5244,#5245,#5246,#5247));
#5244 = ORIENTED_EDGE('',*,*,#4899,.F.);
#5245 = ORIENTED_EDGE('',*,*,#5134,.T.);
#5246 = ORIENTED_EDGE('',*,*,#5108,.T.);
#5247 = ORIENTED_EDGE('',*,*,#4930,.F.);
#5248 = ADVANCED_FACE('',(#5249),#4993,.T.);
#5249 = FACE_BOUND('',#5250,.T.);
#5250 = EDGE_LOOP('',(#5251,#5272,#5273,#5294));
#5251 = ORIENTED_EDGE('',*,*,#5252,.F.);
#5252 = EDGE_CURVE('',#5159,#4977,#5253,.T.);
#5253 = SURFACE_CURVE('',#5254,(#5258,#5265),.PCURVE_S1.);
#5254 = LINE('',#5255,#5256);
#5255 = CARTESIAN_POINT('',(5.5,-24.8,-25.));
#5256 = VECTOR('',#5257,1.);
#5257 = DIRECTION('',(0.,0.,1.));
#5258 = PCURVE('',#4993,#5259);
#5259 = DEFINITIONAL_REPRESENTATION('',(#5260),#5264);
#5260 = LINE('',#5261,#5262);
#5261 = CARTESIAN_POINT('',(0.,9.));
#5262 = VECTOR('',#5263,1.);
#5263 = DIRECTION('',(1.,0.));
#5264 = ( GEOMETRIC_REPRESENTATION_CONTEXT(2) 
PARAMETRIC_REPRESENTATION_CONTEXT() REPRESENTATION_CONTEXT('2D SPACE',''
  ) );
#5265 = PCURVE('',#5069,#5266);
#5266 = DEFINITIONAL_REPRESENTATION('',(#5267),#5271);
#5267 = LINE('',#5268,#5269);
#5268 = CARTESIAN_POINT('',(0.,0.));
#5269 = VECTOR('',#5270,1.);
#5270 = DIRECTION('',(1.,0.));
#5271 = ( GEOMETRIC_REPRESENTATION_CONTEXT(2) 
PARAMETRIC_REPRESENTATION_CONTEXT() REPRESENTATION_CONTEXT('2D SPACE',''
  ) );
#5272 = ORIENTED_EDGE('',*,*,#5158,.T.);
#5273 = ORIENTED_EDGE('',*,*,#5274,.T.);
#5274 = EDGE_CURVE('',#5161,#4979,#5275,.T.);
#5275 = SURFACE_CURVE('',#5276,(#5280,#5287),.PCURVE_S1.);
#5276 = LINE('',#5277,#5278);
#5277 = CARTESIAN_POINT('',(-3.5,-24.8,-25.));
#5278 = VECTOR('',#5279,1.);
#5279 = DIRECTION('',(0.,0.,1.));
#5280 = PCURVE('',#4993,#5281);
#5281 = DEFINITIONAL_REPRESENTATION('',(#5282),#5286);
#5282 = LINE('',#5283,#5284);
#5283 = CARTESIAN_POINT('',(0.,0.));
#5284 = VECTOR('',#5285,1.);
#5285 = DIRECTION('',(1.,0.));
#5286 = ( GEOMETRIC_REPRESENTATION_CONTEXT(2) 
PARAMETRIC_REPRESENTATION_CONTEXT() REPRESENTATION_CONTEXT('2D SPACE',''
  ) );
#5287 = PCURVE('',#5019,#5288);
#5288 = DEFINITIONAL_REPRESENTATION('',(#5289),#5293);
#5289 = LINE('',#5290,#5291);
#5290 = CARTESIAN_POINT('',(0.,0.));
#5291 = VECTOR('',#5292,1.);
#5292 = DIRECTION('',(1.,0.));
#5293 = ( GEOMETRIC_REPRESENTATION_CONTEXT(2) 
PARAMETRIC_REPRESENTATION_CONTEXT() REPRESENTATION_CONTEXT('2D SPACE',''
  ) );
#5294 = ORIENTED_EDGE('',*,*,#4976,.F.);
#5295 = ADVANCED_FACE('',(#5296),#5069,.F.);
#5296 = FACE_BOUND('',#5297,.F.);
#5297 = EDGE_LOOP('',(#5298,#5299,#5300,#5321));
#5298 = ORIENTED_EDGE('',*,*,#5252,.F.);
#5299 = ORIENTED_EDGE('',*,*,#5223,.T.);
#5300 = ORIENTED_EDGE('',*,*,#5301,.T.);
#5301 = EDGE_CURVE('',#5203,#5031,#5302,.T.);
#5302 = SURFACE_CURVE('',#5303,(#5307,#5314),.PCURVE_S1.);
#5303 = LINE('',#5304,#5305);
#5304 = CARTESIAN_POINT('',(5.5,-18.8,-25.));
#5305 = VECTOR('',#5306,1.);
#5306 = DIRECTION('',(0.,0.,1.));
#5307 = PCURVE('',#5069,#5308);
#5308 = DEFINITIONAL_REPRESENTATION('',(#5309),#5313);
#5309 = LINE('',#5310,#5311);
#5310 = CARTESIAN_POINT('',(0.,-6.));
#5311 = VECTOR('',#5312,1.);
#5312 = DIRECTION('',(1.,0.));
#5313 = ( GEOMETRIC_REPRESENTATION_CONTEXT(2) 
PARAMETRIC_REPRESENTATION_CONTEXT() REPRESENTATION_CONTEXT('2D SPACE',''
  ) );
#5314 = PCURVE('',#5045,#5315);
#5315 = DEFINITIONAL_REPRESENTATION('',(#5316),#5320);
#5316 = LINE('',#5317,#5318);
#5317 = CARTESIAN_POINT('',(0.,9.));
#5318 = VECTOR('',#5319,1.);
#5319 = DIRECTION('',(1.,0.));
#5320 = ( GEOMETRIC_REPRESENTATION_CONTEXT(2) 
PARAMETRIC_REPRESENTATION_CONTEXT() REPRESENTATION_CONTEXT('2D SPACE',''
  ) );
#5321 = ORIENTED_EDGE('',*,*,#5056,.F.);
#5322 = ADVANCED_FACE('',(#5323),#5045,.F.);
#5323 = FACE_BOUND('',#5324,.F.);
#5324 = EDGE_LOOP('',(#5325,#5326,#5327,#5348));
#5325 = ORIENTED_EDGE('',*,*,#5301,.F.);
#5326 = ORIENTED_EDGE('',*,*,#5202,.T.);
#5327 = ORIENTED_EDGE('',*,*,#5328,.T.);
#5328 = EDGE_CURVE('',#5182,#5005,#5329,.T.);
#5329 = SURFACE_CURVE('',#5330,(#5334,#5341),.PCURVE_S1.);
#5330 = LINE('',#5331,#5332);
#5331 = CARTESIAN_POINT('',(-3.5,-18.8,-25.));
#5332 = VECTOR('',#5333,1.);
#5333 = DIRECTION('',(0.,0.,1.));
#5334 = PCURVE('',#5045,#5335);
#5335 = DEFINITIONAL_REPRESENTATION('',(#5336),#5340);
#5336 = LINE('',#5337,#5338);
#5337 = CARTESIAN_POINT('',(0.,0.));
#5338 = VECTOR('',#5339,1.);
#5339 = DIRECTION('',(1.,0.));
#5340 = ( GEOMETRIC_REPRESENTATION_CONTEXT(2) 
PARAMETRIC_REPRESENTATION_CONTEXT() REPRESENTATION_CONTEXT('2D SPACE',''
  ) );
#5341 = PCURVE('',#5019,#5342);
#5342 = DEFINITIONAL_REPRESENTATION('',(#5343),#5347);
#5343 = LINE('',#5344,#5345);
#5344 = CARTESIAN_POINT('',(0.,-6.));
#5345 = VECTOR('',#5346,1.);
#5346 = DIRECTION('',(1.,0.));
#5347 = ( GEOMETRIC_REPRESENTATION_CONTEXT(2) 
PARAMETRIC_REPRESENTATION_CONTEXT() REPRESENTATION_CONTEXT('2D SPACE',''
  ) );
#5348 = ORIENTED_EDGE('',*,*,#5030,.F.);
#5349 = ADVANCED_FACE('',(#5350),#5019,.T.);
#5350 = FACE_BOUND('',#5351,.T.);
#5351 = EDGE_LOOP('',(#5352,#5353,#5354,#5355));
#5352 = ORIENTED_EDGE('',*,*,#5274,.F.);
#5353 = ORIENTED_EDGE('',*,*,#5181,.T.);
#5354 = ORIENTED_EDGE('',*,*,#5328,.T.);
#5355 = ORIENTED_EDGE('',*,*,#5004,.F.);
#5356 = MANIFOLD_SOLID_BREP('',#5357);
#5357 = CLOSED_SHELL('',(#5358,#5478,#5578,#5625,#5672,#5679));
#5358 = ADVANCED_FACE('',(#5359),#5373,.F.);
#5359 = FACE_BOUND('',#5360,.F.);
#5360 = EDGE_LOOP('',(#5361,#5396,#5424,#5452));
#5361 = ORIENTED_EDGE('',*,*,#5362,.F.);
#5362 = EDGE_CURVE('',#5363,#5365,#5367,.T.);
#5363 = VERTEX_POINT('',#5364);
#5364 = CARTESIAN_POINT('',(-29.5,-27.8,-23.));
#5365 = VERTEX_POINT('',#5366);
#5366 = CARTESIAN_POINT('',(-29.5,-27.8,18.));
#5367 = SURFACE_CURVE('',#5368,(#5372,#5384),.PCURVE_S1.);
#5368 = LINE('',#5369,#5370);
#5369 = CARTESIAN_POINT('',(-29.5,-27.8,-23.));
#5370 = VECTOR('',#5371,1.);
#5371 = DIRECTION('',(0.,0.,1.));
#5372 = PCURVE('',#5373,#5378);
#5373 = PLANE('',#5374);
#5374 = AXIS2_PLACEMENT_3D('',#5375,#5376,#5377);
#5375 = CARTESIAN_POINT('',(-29.5,-27.8,-23.));
#5376 = DIRECTION('',(1.,0.,-0.));
#5377 = DIRECTION('',(0.,0.,1.));
#5378 = DEFINITIONAL_REPRESENTATION('',(#5379),#5383);
#5379 = LINE('',#5380,#5381);
#5380 = CARTESIAN_POINT('',(0.,0.));
#5381 = VECTOR('',#5382,1.);
#5382 = DIRECTION('',(1.,0.));
#5383 = ( GEOMETRIC_REPRESENTATION_CONTEXT(2) 
PARAMETRIC_REPRESENTATION_CONTEXT() REPRESENTATION_CONTEXT('2D SPACE',''
  ) );
#5384 = PCURVE('',#5385,#5390);
#5385 = PLANE('',#5386);
#5386 = AXIS2_PLACEMENT_3D('',#5387,#5388,#5389);
#5387 = CARTESIAN_POINT('',(-29.5,-27.8,-23.));
#5388 = DIRECTION('',(-0.,1.,0.));
#5389 = DIRECTION('',(0.,0.,1.));
#5390 = DEFINITIONAL_REPRESENTATION('',(#5391),#5395);
#5391 = LINE('',#5392,#5393);
#5392 = CARTESIAN_POINT('',(0.,0.));
#5393 = VECTOR('',#5394,1.);
#5394 = DIRECTION('',(1.,0.));
#5395 = ( GEOMETRIC_REPRESENTATION_CONTEXT(2) 
PARAMETRIC_REPRESENTATION_CONTEXT() REPRESENTATION_CONTEXT('2D SPACE',''
  ) );
#5396 = ORIENTED_EDGE('',*,*,#5397,.T.);
#5397 = EDGE_CURVE('',#5363,#5398,#5400,.T.);
#5398 = VERTEX_POINT('',#5399);
#5399 = CARTESIAN_POINT('',(-29.5,-15.8,-23.));
#5400 = SURFACE_CURVE('',#5401,(#5405,#5412),.PCURVE_S1.);
#5401 = LINE('',#5402,#5403);
#5402 = CARTESIAN_POINT('',(-29.5,-27.8,-23.));
#5403 = VECTOR('',#5404,1.);
#5404 = DIRECTION('',(-0.,1.,0.));
#5405 = PCURVE('',#5373,#5406);
#5406 = DEFINITIONAL_REPRESENTATION('',(#5407),#5411);
#5407 = LINE('',#5408,#5409);
#5408 = CARTESIAN_POINT('',(0.,0.));
#5409 = VECTOR('',#5410,1.);
#5410 = DIRECTION('',(0.,-1.));
#5411 = ( GEOMETRIC_REPRESENTATION_CONTEXT(2) 
PARAMETRIC_REPRESENTATION_CONTEXT() REPRESENTATION_CONTEXT('2D SPACE',''
  ) );
#5412 = PCURVE('',#5413,#5418);
#5413 = PLANE('',#5414);
#5414 = AXIS2_PLACEMENT_3D('',#5415,#5416,#5417);
#5415 = CARTESIAN_POINT('',(-29.5,-27.8,-23.));
#5416 = DIRECTION('',(0.,0.,1.));
#5417 = DIRECTION('',(1.,0.,-0.));
#5418 = DEFINITIONAL_REPRESENTATION('',(#5419),#5423);
#5419 = LINE('',#5420,#5421);
#5420 = CARTESIAN_POINT('',(0.,0.));
#5421 = VECTOR('',#5422,1.);
#5422 = DIRECTION('',(0.,1.));
#5423 = ( GEOMETRIC_REPRESENTATION_CONTEXT(2) 
PARAMETRIC_REPRESENTATION_CONTEXT() REPRESENTATION_CONTEXT('2D SPACE',''
  ) );
#5424 = ORIENTED_EDGE('',*,*,#5425,.T.);
#5425 = EDGE_CURVE('',#5398,#5426,#5428,.T.);
#5426 = VERTEX_POINT('',#5427);
#5427 = CARTESIAN_POINT('',(-29.5,-15.8,18.));
#5428 = SURFACE_CURVE('',#5429,(#5433,#5440),.PCURVE_S1.);
#5429 = LINE('',#5430,#5431);
#5430 = CARTESIAN_POINT('',(-29.5,-15.8,-23.));
#5431 = VECTOR('',#5432,1.);
#5432 = DIRECTION('',(0.,0.,1.));
#5433 = PCURVE('',#5373,#5434);
#5434 = DEFINITIONAL_REPRESENTATION('',(#5435),#5439);
#5435 = LINE('',#5436,#5437);
#5436 = CARTESIAN_POINT('',(0.,-12.));
#5437 = VECTOR('',#5438,1.);
#5438 = DIRECTION('',(1.,0.));
#5439 = ( GEOMETRIC_REPRESENTATION_CONTEXT(2) 
PARAMETRIC_REPRESENTATION_CONTEXT() REPRESENTATION_CONTEXT('2D SPACE',''
  ) );
#5440 = PCURVE('',#5441,#5446);
#5441 = PLANE('',#5442);
#5442 = AXIS2_PLACEMENT_3D('',#5443,#5444,#5445);
#5443 = CARTESIAN_POINT('',(-29.5,-15.8,-23.));
#5444 = DIRECTION('',(-0.,1.,0.));
#5445 = DIRECTION('',(0.,0.,1.));
#5446 = DEFINITIONAL_REPRESENTATION('',(#5447),#5451);
#5447 = LINE('',#5448,#5449);
#5448 = CARTESIAN_POINT('',(0.,0.));
#5449 = VECTOR('',#5450,1.);
#5450 = DIRECTION('',(1.,0.));
#5451 = ( GEOMETRIC_REPRESENTATION_CONTEXT(2) 
PARAMETRIC_REPRESENTATION_CONTEXT() REPRESENTATION_CONTEXT('2D SPACE',''
  ) );
#5452 = ORIENTED_EDGE('',*,*,#5453,.F.);
#5453 = EDGE_CURVE('',#5365,#5426,#5454,.T.);
#5454 = SURFACE_CURVE('',#5455,(#5459,#5466),.PCURVE_S1.);
#5455 = LINE('',#5456,#5457);
#5456 = CARTESIAN_POINT('',(-29.5,-27.8,18.));
#5457 = VECTOR('',#5458,1.);
#5458 = DIRECTION('',(-0.,1.,0.));
#5459 = PCURVE('',#5373,#5460);
#5460 = DEFINITIONAL_REPRESENTATION('',(#5461),#5465);
#5461 = LINE('',#5462,#5463);
#5462 = CARTESIAN_POINT('',(41.,0.));
#5463 = VECTOR('',#5464,1.);
#5464 = DIRECTION('',(0.,-1.));
#5465 = ( GEOMETRIC_REPRESENTATION_CONTEXT(2) 
PARAMETRIC_REPRESENTATION_CONTEXT() REPRESENTATION_CONTEXT('2D SPACE',''
  ) );
#5466 = PCURVE('',#5467,#5472);
#5467 = PLANE('',#5468);
#5468 = AXIS2_PLACEMENT_3D('',#5469,#5470,#5471);
#5469 = CARTESIAN_POINT('',(-29.5,-27.8,18.));
#5470 = DIRECTION('',(0.,0.,1.));
#5471 = DIRECTION('',(1.,0.,-0.));
#5472 = DEFINITIONAL_REPRESENTATION('',(#5473),#5477);
#5473 = LINE('',#5474,#5475);
#5474 = CARTESIAN_POINT('',(0.,0.));
#5475 = VECTOR('',#5476,1.);
#5476 = DIRECTION('',(0.,1.));
#5477 = ( GEOMETRIC_REPRESENTATION_CONTEXT(2) 
PARAMETRIC_REPRESENTATION_CONTEXT() REPRESENTATION_CONTEXT('2D SPACE',''
  ) );
#5478 = ADVANCED_FACE('',(#5479),#5493,.T.);
#5479 = FACE_BOUND('',#5480,.T.);
#5480 = EDGE_LOOP('',(#5481,#5511,#5534,#5557));
#5481 = ORIENTED_EDGE('',*,*,#5482,.F.);
#5482 = EDGE_CURVE('',#5483,#5485,#5487,.T.);
#5483 = VERTEX_POINT('',#5484);
#5484 = CARTESIAN_POINT('',(11.5,-27.8,-23.));
#5485 = VERTEX_POINT('',#5486);
#5486 = CARTESIAN_POINT('',(11.5,-27.8,18.));
#5487 = SURFACE_CURVE('',#5488,(#5492,#5504),.PCURVE_S1.);
#5488 = LINE('',#5489,#5490);
#5489 = CARTESIAN_POINT('',(11.5,-27.8,-23.));
#5490 = VECTOR('',#5491,1.);
#5491 = DIRECTION('',(0.,0.,1.));
#5492 = PCURVE('',#5493,#5498);
#5493 = PLANE('',#5494);
#5494 = AXIS2_PLACEMENT_3D('',#5495,#5496,#5497);
#5495 = CARTESIAN_POINT('',(11.5,-27.8,-23.));
#5496 = DIRECTION('',(1.,0.,-0.));
#5497 = DIRECTION('',(0.,0.,1.));
#5498 = DEFINITIONAL_REPRESENTATION('',(#5499),#5503);
#5499 = LINE('',#5500,#5501);
#5500 = CARTESIAN_POINT('',(0.,0.));
#5501 = VECTOR('',#5502,1.);
#5502 = DIRECTION('',(1.,0.));
#5503 = ( GEOMETRIC_REPRESENTATION_CONTEXT(2) 
PARAMETRIC_REPRESENTATION_CONTEXT() REPRESENTATION_CONTEXT('2D SPACE',''
  ) );
#5504 = PCURVE('',#5385,#5505);
#5505 = DEFINITIONAL_REPRESENTATION('',(#5506),#5510);
#5506 = LINE('',#5507,#5508);
#5507 = CARTESIAN_POINT('',(0.,41.));
#5508 = VECTOR('',#5509,1.);
#5509 = DIRECTION('',(1.,0.));
#5510 = ( GEOMETRIC_REPRESENTATION_CONTEXT(2) 
PARAMETRIC_REPRESENTATION_CONTEXT() REPRESENTATION_CONTEXT('2D SPACE',''
  ) );
#5511 = ORIENTED_EDGE('',*,*,#5512,.T.);
#5512 = EDGE_CURVE('',#5483,#5513,#5515,.T.);
#5513 = VERTEX_POINT('',#5514);
#5514 = CARTESIAN_POINT('',(11.5,-15.8,-23.));
#5515 = SURFACE_CURVE('',#5516,(#5520,#5527),.PCURVE_S1.);
#5516 = LINE('',#5517,#5518);
#5517 = CARTESIAN_POINT('',(11.5,-27.8,-23.));
#5518 = VECTOR('',#5519,1.);
#5519 = DIRECTION('',(-0.,1.,0.));
#5520 = PCURVE('',#5493,#5521);
#5521 = DEFINITIONAL_REPRESENTATION('',(#5522),#5526);
#5522 = LINE('',#5523,#5524);
#5523 = CARTESIAN_POINT('',(0.,0.));
#5524 = VECTOR('',#5525,1.);
#5525 = DIRECTION('',(0.,-1.));
#5526 = ( GEOMETRIC_REPRESENTATION_CONTEXT(2) 
PARAMETRIC_REPRESENTATION_CONTEXT() REPRESENTATION_CONTEXT('2D SPACE',''
  ) );
#5527 = PCURVE('',#5413,#5528);
#5528 = DEFINITIONAL_REPRESENTATION('',(#5529),#5533);
#5529 = LINE('',#5530,#5531);
#5530 = CARTESIAN_POINT('',(41.,0.));
#5531 = VECTOR('',#5532,1.);
#5532 = DIRECTION('',(0.,1.));
#5533 = ( GEOMETRIC_REPRESENTATION_CONTEXT(2) 
PARAMETRIC_REPRESENTATION_CONTEXT() REPRESENTATION_CONTEXT('2D SPACE',''
  ) );
#5534 = ORIENTED_EDGE('',*,*,#5535,.T.);
#5535 = EDGE_CURVE('',#5513,#5536,#5538,.T.);
#5536 = VERTEX_POINT('',#5537);
#5537 = CARTESIAN_POINT('',(11.5,-15.8,18.));
#5538 = SURFACE_CURVE('',#5539,(#5543,#5550),.PCURVE_S1.);
#5539 = LINE('',#5540,#5541);
#5540 = CARTESIAN_POINT('',(11.5,-15.8,-23.));
#5541 = VECTOR('',#5542,1.);
#5542 = DIRECTION('',(0.,0.,1.));
#5543 = PCURVE('',#5493,#5544);
#5544 = DEFINITIONAL_REPRESENTATION('',(#5545),#5549);
#5545 = LINE('',#5546,#5547);
#5546 = CARTESIAN_POINT('',(0.,-12.));
#5547 = VECTOR('',#5548,1.);
#5548 = DIRECTION('',(1.,0.));
#5549 = ( GEOMETRIC_REPRESENTATION_CONTEXT(2) 
PARAMETRIC_REPRESENTATION_CONTEXT() REPRESENTATION_CONTEXT('2D SPACE',''
  ) );
#5550 = PCURVE('',#5441,#5551);
#5551 = DEFINITIONAL_REPRESENTATION('',(#5552),#5556);
#5552 = LINE('',#5553,#5554);
#5553 = CARTESIAN_POINT('',(0.,41.));
#5554 = VECTOR('',#5555,1.);
#5555 = DIRECTION('',(1.,0.));
#5556 = ( GEOMETRIC_REPRESENTATION_CONTEXT(2) 
PARAMETRIC_REPRESENTATION_CONTEXT() REPRESENTATION_CONTEXT('2D SPACE',''
  ) );
#5557 = ORIENTED_EDGE('',*,*,#5558,.F.);
#5558 = EDGE_CURVE('',#5485,#5536,#5559,.T.);
#5559 = SURFACE_CURVE('',#5560,(#5564,#5571),.PCURVE_S1.);
#5560 = LINE('',#5561,#5562);
#5561 = CARTESIAN_POINT('',(11.5,-27.8,18.));
#5562 = VECTOR('',#5563,1.);
#5563 = DIRECTION('',(-0.,1.,0.));
#5564 = PCURVE('',#5493,#5565);
#5565 = DEFINITIONAL_REPRESENTATION('',(#5566),#5570);
#5566 = LINE('',#5567,#5568);
#5567 = CARTESIAN_POINT('',(41.,0.));
#5568 = VECTOR('',#5569,1.);
#5569 = DIRECTION('',(0.,-1.));
#5570 = ( GEOMETRIC_REPRESENTATION_CONTEXT(2) 
PARAMETRIC_REPRESENTATION_CONTEXT() REPRESENTATION_CONTEXT('2D SPACE',''
  ) );
#5571 = PCURVE('',#5467,#5572);
#5572 = DEFINITIONAL_REPRESENTATION('',(#5573),#5577);
#5573 = LINE('',#5574,#5575);
#5574 = CARTESIAN_POINT('',(41.,0.));
#5575 = VECTOR('',#5576,1.);
#5576 = DIRECTION('',(0.,1.));
#5577 = ( GEOMETRIC_REPRESENTATION_CONTEXT(2) 
PARAMETRIC_REPRESENTATION_CONTEXT() REPRESENTATION_CONTEXT('2D SPACE',''
  ) );
#5578 = ADVANCED_FACE('',(#5579),#5385,.F.);
#5579 = FACE_BOUND('',#5580,.F.);
#5580 = EDGE_LOOP('',(#5581,#5602,#5603,#5624));
#5581 = ORIENTED_EDGE('',*,*,#5582,.F.);
#5582 = EDGE_CURVE('',#5363,#5483,#5583,.T.);
#5583 = SURFACE_CURVE('',#5584,(#5588,#5595),.PCURVE_S1.);
#5584 = LINE('',#5585,#5586);
#5585 = CARTESIAN_POINT('',(-29.5,-27.8,-23.));
#5586 = VECTOR('',#5587,1.);
#5587 = DIRECTION('',(1.,0.,-0.));
#5588 = PCURVE('',#5385,#5589);
#5589 = DEFINITIONAL_REPRESENTATION('',(#5590),#5594);
#5590 = LINE('',#5591,#5592);
#5591 = CARTESIAN_POINT('',(0.,0.));
#5592 = VECTOR('',#5593,1.);
#5593 = DIRECTION('',(0.,1.));
#5594 = ( GEOMETRIC_REPRESENTATION_CONTEXT(2) 
PARAMETRIC_REPRESENTATION_CONTEXT() REPRESENTATION_CONTEXT('2D SPACE',''
  ) );
#5595 = PCURVE('',#5413,#5596);
#5596 = DEFINITIONAL_REPRESENTATION('',(#5597),#5601);
#5597 = LINE('',#5598,#5599);
#5598 = CARTESIAN_POINT('',(0.,0.));
#5599 = VECTOR('',#5600,1.);
#5600 = DIRECTION('',(1.,0.));
#5601 = ( GEOMETRIC_REPRESENTATION_CONTEXT(2) 
PARAMETRIC_REPRESENTATION_CONTEXT() REPRESENTATION_CONTEXT('2D SPACE',''
  ) );
#5602 = ORIENTED_EDGE('',*,*,#5362,.T.);
#5603 = ORIENTED_EDGE('',*,*,#5604,.T.);
#5604 = EDGE_CURVE('',#5365,#5485,#5605,.T.);
#5605 = SURFACE_CURVE('',#5606,(#5610,#5617),.PCURVE_S1.);
#5606 = LINE('',#5607,#5608);
#5607 = CARTESIAN_POINT('',(-29.5,-27.8,18.));
#5608 = VECTOR('',#5609,1.);
#5609 = DIRECTION('',(1.,0.,-0.));
#5610 = PCURVE('',#5385,#5611);
#5611 = DEFINITIONAL_REPRESENTATION('',(#5612),#5616);
#5612 = LINE('',#5613,#5614);
#5613 = CARTESIAN_POINT('',(41.,0.));
#5614 = VECTOR('',#5615,1.);
#5615 = DIRECTION('',(0.,1.));
#5616 = ( GEOMETRIC_REPRESENTATION_CONTEXT(2) 
PARAMETRIC_REPRESENTATION_CONTEXT() REPRESENTATION_CONTEXT('2D SPACE',''
  ) );
#5617 = PCURVE('',#5467,#5618);
#5618 = DEFINITIONAL_REPRESENTATION('',(#5619),#5623);
#5619 = LINE('',#5620,#5621);
#5620 = CARTESIAN_POINT('',(0.,0.));
#5621 = VECTOR('',#5622,1.);
#5622 = DIRECTION('',(1.,0.));
#5623 = ( GEOMETRIC_REPRESENTATION_CONTEXT(2) 
PARAMETRIC_REPRESENTATION_CONTEXT() REPRESENTATION_CONTEXT('2D SPACE',''
  ) );
#5624 = ORIENTED_EDGE('',*,*,#5482,.F.);
#5625 = ADVANCED_FACE('',(#5626),#5441,.T.);
#5626 = FACE_BOUND('',#5627,.T.);
#5627 = EDGE_LOOP('',(#5628,#5649,#5650,#5671));
#5628 = ORIENTED_EDGE('',*,*,#5629,.F.);
#5629 = EDGE_CURVE('',#5398,#5513,#5630,.T.);
#5630 = SURFACE_CURVE('',#5631,(#5635,#5642),.PCURVE_S1.);
#5631 = LINE('',#5632,#5633);
#5632 = CARTESIAN_POINT('',(-29.5,-15.8,-23.));
#5633 = VECTOR('',#5634,1.);
#5634 = DIRECTION('',(1.,0.,-0.));
#5635 = PCURVE('',#5441,#5636);
#5636 = DEFINITIONAL_REPRESENTATION('',(#5637),#5641);
#5637 = LINE('',#5638,#5639);
#5638 = CARTESIAN_POINT('',(0.,0.));
#5639 = VECTOR('',#5640,1.);
#5640 = DIRECTION('',(0.,1.));
#5641 = ( GEOMETRIC_REPRESENTATION_CONTEXT(2) 
PARAMETRIC_REPRESENTATION_CONTEXT() REPRESENTATION_CONTEXT('2D SPACE',''
  ) );
#5642 = PCURVE('',#5413,#5643);
#5643 = DEFINITIONAL_REPRESENTATION('',(#5644),#5648);
#5644 = LINE('',#5645,#5646);
#5645 = CARTESIAN_POINT('',(0.,12.));
#5646 = VECTOR('',#5647,1.);
#5647 = DIRECTION('',(1.,0.));
#5648 = ( GEOMETRIC_REPRESENTATION_CONTEXT(2) 
PARAMETRIC_REPRESENTATION_CONTEXT() REPRESENTATION_CONTEXT('2D SPACE',''
  ) );
#5649 = ORIENTED_EDGE('',*,*,#5425,.T.);
#5650 = ORIENTED_EDGE('',*,*,#5651,.T.);
#5651 = EDGE_CURVE('',#5426,#5536,#5652,.T.);
#5652 = SURFACE_CURVE('',#5653,(#5657,#5664),.PCURVE_S1.);
#5653 = LINE('',#5654,#5655);
#5654 = CARTESIAN_POINT('',(-29.5,-15.8,18.));
#5655 = VECTOR('',#5656,1.);
#5656 = DIRECTION('',(1.,0.,-0.));
#5657 = PCURVE('',#5441,#5658);
#5658 = DEFINITIONAL_REPRESENTATION('',(#5659),#5663);
#5659 = LINE('',#5660,#5661);
#5660 = CARTESIAN_POINT('',(41.,0.));
#5661 = VECTOR('',#5662,1.);
#5662 = DIRECTION('',(0.,1.));
#5663 = ( GEOMETRIC_REPRESENTATION_CONTEXT(2) 
PARAMETRIC_REPRESENTATION_CONTEXT() REPRESENTATION_CONTEXT('2D SPACE',''
  ) );
#5664 = PCURVE('',#5467,#5665);
#5665 = DEFINITIONAL_REPRESENTATION('',(#5666),#5670);
#5666 = LINE('',#5667,#5668);
#5667 = CARTESIAN_POINT('',(0.,12.));
#5668 = VECTOR('',#5669,1.);
#5669 = DIRECTION('',(1.,0.));
#5670 = ( GEOMETRIC_REPRESENTATION_CONTEXT(2) 
PARAMETRIC_REPRESENTATION_CONTEXT() REPRESENTATION_CONTEXT('2D SPACE',''
  ) );
#5671 = ORIENTED_EDGE('',*,*,#5535,.F.);
#5672 = ADVANCED_FACE('',(#5673),#5413,.F.);
#5673 = FACE_BOUND('',#5674,.F.);
#5674 = EDGE_LOOP('',(#5675,#5676,#5677,#5678));
#5675 = ORIENTED_EDGE('',*,*,#5397,.F.);
#5676 = ORIENTED_EDGE('',*,*,#5582,.T.);
#5677 = ORIENTED_EDGE('',*,*,#5512,.T.);
#5678 = ORIENTED_EDGE('',*,*,#5629,.F.);
#5679 = ADVANCED_FACE('',(#5680),#5467,.T.);
#5680 = FACE_BOUND('',#5681,.T.);
#5681 = EDGE_LOOP('',(#5682,#5683,#5684,#5685));
#5682 = ORIENTED_EDGE('',*,*,#5453,.F.);
#5683 = ORIENTED_EDGE('',*,*,#5604,.T.);
#5684 = ORIENTED_EDGE('',*,*,#5558,.T.);
#5685 = ORIENTED_EDGE('',*,*,#5651,.F.);
#5686 = MANIFOLD_SOLID_BREP('',#5687);
#5687 = CLOSED_SHELL('',(#5688,#5808,#5908,#5955,#6002,#6009));
#5688 = ADVANCED_FACE('',(#5689),#5703,.F.);
#5689 = FACE_BOUND('',#5690,.F.);
#5690 = EDGE_LOOP('',(#5691,#5726,#5754,#5782));
#5691 = ORIENTED_EDGE('',*,*,#5692,.F.);
#5692 = EDGE_CURVE('',#5693,#5695,#5697,.T.);
#5693 = VERTEX_POINT('',#5694);
#5694 = CARTESIAN_POINT('',(12.05,-19.8,-3.5));
#5695 = VERTEX_POINT('',#5696);
#5696 = CARTESIAN_POINT('',(12.05,-19.8,17.5));
#5697 = SURFACE_CURVE('',#5698,(#5702,#5714),.PCURVE_S1.);
#5698 = LINE('',#5699,#5700);
#5699 = CARTESIAN_POINT('',(12.05,-19.8,-3.5));
#5700 = VECTOR('',#5701,1.);
#5701 = DIRECTION('',(0.,0.,1.));
#5702 = PCURVE('',#5703,#5708);
#5703 = PLANE('',#5704);
#5704 = AXIS2_PLACEMENT_3D('',#5705,#5706,#5707);
#5705 = CARTESIAN_POINT('',(12.05,-19.8,-3.5));
#5706 = DIRECTION('',(1.,0.,-0.));
#5707 = DIRECTION('',(0.,0.,1.));
#5708 = DEFINITIONAL_REPRESENTATION('',(#5709),#5713);
#5709 = LINE('',#5710,#5711);
#5710 = CARTESIAN_POINT('',(0.,0.));
#5711 = VECTOR('',#5712,1.);
#5712 = DIRECTION('',(1.,0.));
#5713 = ( GEOMETRIC_REPRESENTATION_CONTEXT(2) 
PARAMETRIC_REPRESENTATION_CONTEXT() REPRESENTATION_CONTEXT('2D SPACE',''
  ) );
#5714 = PCURVE('',#5715,#5720);
#5715 = PLANE('',#5716);
#5716 = AXIS2_PLACEMENT_3D('',#5717,#5718,#5719);
#5717 = CARTESIAN_POINT('',(12.05,-19.8,-3.5));
#5718 = DIRECTION('',(-0.,1.,0.));
#5719 = DIRECTION('',(0.,0.,1.));
#5720 = DEFINITIONAL_REPRESENTATION('',(#5721),#5725);
#5721 = LINE('',#5722,#5723);
#5722 = CARTESIAN_POINT('',(0.,0.));
#5723 = VECTOR('',#5724,1.);
#5724 = DIRECTION('',(1.,0.));
#5725 = ( GEOMETRIC_REPRESENTATION_CONTEXT(2) 
PARAMETRIC_REPRESENTATION_CONTEXT() REPRESENTATION_CONTEXT('2D SPACE',''
  ) );
#5726 = ORIENTED_EDGE('',*,*,#5727,.T.);
#5727 = EDGE_CURVE('',#5693,#5728,#5730,.T.);
#5728 = VERTEX_POINT('',#5729);
#5729 = CARTESIAN_POINT('',(12.05,-15.8,-3.5));
#5730 = SURFACE_CURVE('',#5731,(#5735,#5742),.PCURVE_S1.);
#5731 = LINE('',#5732,#5733);
#5732 = CARTESIAN_POINT('',(12.05,-19.8,-3.5));
#5733 = VECTOR('',#5734,1.);
#5734 = DIRECTION('',(-0.,1.,0.));
#5735 = PCURVE('',#5703,#5736);
#5736 = DEFINITIONAL_REPRESENTATION('',(#5737),#5741);
#5737 = LINE('',#5738,#5739);
#5738 = CARTESIAN_POINT('',(0.,0.));
#5739 = VECTOR('',#5740,1.);
#5740 = DIRECTION('',(0.,-1.));
#5741 = ( GEOMETRIC_REPRESENTATION_CONTEXT(2) 
PARAMETRIC_REPRESENTATION_CONTEXT() REPRESENTATION_CONTEXT('2D SPACE',''
  ) );
#5742 = PCURVE('',#5743,#5748);
#5743 = PLANE('',#5744);
#5744 = AXIS2_PLACEMENT_3D('',#5745,#5746,#5747);
#5745 = CARTESIAN_POINT('',(12.05,-19.8,-3.5));
#5746 = DIRECTION('',(0.,0.,1.));
#5747 = DIRECTION('',(1.,0.,-0.));
#5748 = DEFINITIONAL_REPRESENTATION('',(#5749),#5753);
#5749 = LINE('',#5750,#5751);
#5750 = CARTESIAN_POINT('',(0.,0.));
#5751 = VECTOR('',#5752,1.);
#5752 = DIRECTION('',(0.,1.));
#5753 = ( GEOMETRIC_REPRESENTATION_CONTEXT(2) 
PARAMETRIC_REPRESENTATION_CONTEXT() REPRESENTATION_CONTEXT('2D SPACE',''
  ) );
#5754 = ORIENTED_EDGE('',*,*,#5755,.T.);
#5755 = EDGE_CURVE('',#5728,#5756,#5758,.T.);
#5756 = VERTEX_POINT('',#5757);
#5757 = CARTESIAN_POINT('',(12.05,-15.8,17.5));
#5758 = SURFACE_CURVE('',#5759,(#5763,#5770),.PCURVE_S1.);
#5759 = LINE('',#5760,#5761);
#5760 = CARTESIAN_POINT('',(12.05,-15.8,-3.5));
#5761 = VECTOR('',#5762,1.);
#5762 = DIRECTION('',(0.,0.,1.));
#5763 = PCURVE('',#5703,#5764);
#5764 = DEFINITIONAL_REPRESENTATION('',(#5765),#5769);
#5765 = LINE('',#5766,#5767);
#5766 = CARTESIAN_POINT('',(0.,-4.));
#5767 = VECTOR('',#5768,1.);
#5768 = DIRECTION('',(1.,0.));
#5769 = ( GEOMETRIC_REPRESENTATION_CONTEXT(2) 
PARAMETRIC_REPRESENTATION_CONTEXT() REPRESENTATION_CONTEXT('2D SPACE',''
  ) );
#5770 = PCURVE('',#5771,#5776);
#5771 = PLANE('',#5772);
#5772 = AXIS2_PLACEMENT_3D('',#5773,#5774,#5775);
#5773 = CARTESIAN_POINT('',(12.05,-15.8,-3.5));
#5774 = DIRECTION('',(-0.,1.,0.));
#5775 = DIRECTION('',(0.,0.,1.));
#5776 = DEFINITIONAL_REPRESENTATION('',(#5777),#5781);
#5777 = LINE('',#5778,#5779);
#5778 = CARTESIAN_POINT('',(0.,0.));
#5779 = VECTOR('',#5780,1.);
#5780 = DIRECTION('',(1.,0.));
#5781 = ( GEOMETRIC_REPRESENTATION_CONTEXT(2) 
PARAMETRIC_REPRESENTATION_CONTEXT() REPRESENTATION_CONTEXT('2D SPACE',''
  ) );
#5782 = ORIENTED_EDGE('',*,*,#5783,.F.);
#5783 = EDGE_CURVE('',#5695,#5756,#5784,.T.);
#5784 = SURFACE_CURVE('',#5785,(#5789,#5796),.PCURVE_S1.);
#5785 = LINE('',#5786,#5787);
#5786 = CARTESIAN_POINT('',(12.05,-19.8,17.5));
#5787 = VECTOR('',#5788,1.);
#5788 = DIRECTION('',(-0.,1.,0.));
#5789 = PCURVE('',#5703,#5790);
#5790 = DEFINITIONAL_REPRESENTATION('',(#5791),#5795);
#5791 = LINE('',#5792,#5793);
#5792 = CARTESIAN_POINT('',(21.,0.));
#5793 = VECTOR('',#5794,1.);
#5794 = DIRECTION('',(0.,-1.));
#5795 = ( GEOMETRIC_REPRESENTATION_CONTEXT(2) 
PARAMETRIC_REPRESENTATION_CONTEXT() REPRESENTATION_CONTEXT('2D SPACE',''
  ) );
#5796 = PCURVE('',#5797,#5802);
#5797 = PLANE('',#5798);
#5798 = AXIS2_PLACEMENT_3D('',#5799,#5800,#5801);
#5799 = CARTESIAN_POINT('',(12.05,-19.8,17.5));
#5800 = DIRECTION('',(0.,0.,1.));
#5801 = DIRECTION('',(1.,0.,-0.));
#5802 = DEFINITIONAL_REPRESENTATION('',(#5803),#5807);
#5803 = LINE('',#5804,#5805);
#5804 = CARTESIAN_POINT('',(0.,0.));
#5805 = VECTOR('',#5806,1.);
#5806 = DIRECTION('',(0.,1.));
#5807 = ( GEOMETRIC_REPRESENTATION_CONTEXT(2) 
PARAMETRIC_REPRESENTATION_CONTEXT() REPRESENTATION_CONTEXT('2D SPACE',''
  ) );
#5808 = ADVANCED_FACE('',(#5809),#5823,.T.);
#5809 = FACE_BOUND('',#5810,.T.);
#5810 = EDGE_LOOP('',(#5811,#5841,#5864,#5887));
#5811 = ORIENTED_EDGE('',*,*,#5812,.F.);
#5812 = EDGE_CURVE('',#5813,#5815,#5817,.T.);
#5813 = VERTEX_POINT('',#5814);
#5814 = CARTESIAN_POINT('',(29.55,-19.8,-3.5));
#5815 = VERTEX_POINT('',#5816);
#5816 = CARTESIAN_POINT('',(29.55,-19.8,17.5));
#5817 = SURFACE_CURVE('',#5818,(#5822,#5834),.PCURVE_S1.);
#5818 = LINE('',#5819,#5820);
#5819 = CARTESIAN_POINT('',(29.55,-19.8,-3.5));
#5820 = VECTOR('',#5821,1.);
#5821 = DIRECTION('',(0.,0.,1.));
#5822 = PCURVE('',#5823,#5828);
#5823 = PLANE('',#5824);
#5824 = AXIS2_PLACEMENT_3D('',#5825,#5826,#5827);
#5825 = CARTESIAN_POINT('',(29.55,-19.8,-3.5));
#5826 = DIRECTION('',(1.,0.,-0.));
#5827 = DIRECTION('',(0.,0.,1.));
#5828 = DEFINITIONAL_REPRESENTATION('',(#5829),#5833);
#5829 = LINE('',#5830,#5831);
#5830 = CARTESIAN_POINT('',(0.,0.));
#5831 = VECTOR('',#5832,1.);
#5832 = DIRECTION('',(1.,0.));
#5833 = ( GEOMETRIC_REPRESENTATION_CONTEXT(2) 
PARAMETRIC_REPRESENTATION_CONTEXT() REPRESENTATION_CONTEXT('2D SPACE',''
  ) );
#5834 = PCURVE('',#5715,#5835);
#5835 = DEFINITIONAL_REPRESENTATION('',(#5836),#5840);
#5836 = LINE('',#5837,#5838);
#5837 = CARTESIAN_POINT('',(0.,17.5));
#5838 = VECTOR('',#5839,1.);
#5839 = DIRECTION('',(1.,0.));
#5840 = ( GEOMETRIC_REPRESENTATION_CONTEXT(2) 
PARAMETRIC_REPRESENTATION_CONTEXT() REPRESENTATION_CONTEXT('2D SPACE',''
  ) );
#5841 = ORIENTED_EDGE('',*,*,#5842,.T.);
#5842 = EDGE_CURVE('',#5813,#5843,#5845,.T.);
#5843 = VERTEX_POINT('',#5844);
#5844 = CARTESIAN_POINT('',(29.55,-15.8,-3.5));
#5845 = SURFACE_CURVE('',#5846,(#5850,#5857),.PCURVE_S1.);
#5846 = LINE('',#5847,#5848);
#5847 = CARTESIAN_POINT('',(29.55,-19.8,-3.5));
#5848 = VECTOR('',#5849,1.);
#5849 = DIRECTION('',(-0.,1.,0.));
#5850 = PCURVE('',#5823,#5851);
#5851 = DEFINITIONAL_REPRESENTATION('',(#5852),#5856);
#5852 = LINE('',#5853,#5854);
#5853 = CARTESIAN_POINT('',(0.,0.));
#5854 = VECTOR('',#5855,1.);
#5855 = DIRECTION('',(0.,-1.));
#5856 = ( GEOMETRIC_REPRESENTATION_CONTEXT(2) 
PARAMETRIC_REPRESENTATION_CONTEXT() REPRESENTATION_CONTEXT('2D SPACE',''
  ) );
#5857 = PCURVE('',#5743,#5858);
#5858 = DEFINITIONAL_REPRESENTATION('',(#5859),#5863);
#5859 = LINE('',#5860,#5861);
#5860 = CARTESIAN_POINT('',(17.5,0.));
#5861 = VECTOR('',#5862,1.);
#5862 = DIRECTION('',(0.,1.));
#5863 = ( GEOMETRIC_REPRESENTATION_CONTEXT(2) 
PARAMETRIC_REPRESENTATION_CONTEXT() REPRESENTATION_CONTEXT('2D SPACE',''
  ) );
#5864 = ORIENTED_EDGE('',*,*,#5865,.T.);
#5865 = EDGE_CURVE('',#5843,#5866,#5868,.T.);
#5866 = VERTEX_POINT('',#5867);
#5867 = CARTESIAN_POINT('',(29.55,-15.8,17.5));
#5868 = SURFACE_CURVE('',#5869,(#5873,#5880),.PCURVE_S1.);
#5869 = LINE('',#5870,#5871);
#5870 = CARTESIAN_POINT('',(29.55,-15.8,-3.5));
#5871 = VECTOR('',#5872,1.);
#5872 = DIRECTION('',(0.,0.,1.));
#5873 = PCURVE('',#5823,#5874);
#5874 = DEFINITIONAL_REPRESENTATION('',(#5875),#5879);
#5875 = LINE('',#5876,#5877);
#5876 = CARTESIAN_POINT('',(0.,-4.));
#5877 = VECTOR('',#5878,1.);
#5878 = DIRECTION('',(1.,0.));
#5879 = ( GEOMETRIC_REPRESENTATION_CONTEXT(2) 
PARAMETRIC_REPRESENTATION_CONTEXT() REPRESENTATION_CONTEXT('2D SPACE',''
  ) );
#5880 = PCURVE('',#5771,#5881);
#5881 = DEFINITIONAL_REPRESENTATION('',(#5882),#5886);
#5882 = LINE('',#5883,#5884);
#5883 = CARTESIAN_POINT('',(0.,17.5));
#5884 = VECTOR('',#5885,1.);
#5885 = DIRECTION('',(1.,0.));
#5886 = ( GEOMETRIC_REPRESENTATION_CONTEXT(2) 
PARAMETRIC_REPRESENTATION_CONTEXT() REPRESENTATION_CONTEXT('2D SPACE',''
  ) );
#5887 = ORIENTED_EDGE('',*,*,#5888,.F.);
#5888 = EDGE_CURVE('',#5815,#5866,#5889,.T.);
#5889 = SURFACE_CURVE('',#5890,(#5894,#5901),.PCURVE_S1.);
#5890 = LINE('',#5891,#5892);
#5891 = CARTESIAN_POINT('',(29.55,-19.8,17.5));
#5892 = VECTOR('',#5893,1.);
#5893 = DIRECTION('',(-0.,1.,0.));
#5894 = PCURVE('',#5823,#5895);
#5895 = DEFINITIONAL_REPRESENTATION('',(#5896),#5900);
#5896 = LINE('',#5897,#5898);
#5897 = CARTESIAN_POINT('',(21.,0.));
#5898 = VECTOR('',#5899,1.);
#5899 = DIRECTION('',(0.,-1.));
#5900 = ( GEOMETRIC_REPRESENTATION_CONTEXT(2) 
PARAMETRIC_REPRESENTATION_CONTEXT() REPRESENTATION_CONTEXT('2D SPACE',''
  ) );
#5901 = PCURVE('',#5797,#5902);
#5902 = DEFINITIONAL_REPRESENTATION('',(#5903),#5907);
#5903 = LINE('',#5904,#5905);
#5904 = CARTESIAN_POINT('',(17.5,0.));
#5905 = VECTOR('',#5906,1.);
#5906 = DIRECTION('',(0.,1.));
#5907 = ( GEOMETRIC_REPRESENTATION_CONTEXT(2) 
PARAMETRIC_REPRESENTATION_CONTEXT() REPRESENTATION_CONTEXT('2D SPACE',''
  ) );
#5908 = ADVANCED_FACE('',(#5909),#5715,.F.);
#5909 = FACE_BOUND('',#5910,.F.);
#5910 = EDGE_LOOP('',(#5911,#5932,#5933,#5954));
#5911 = ORIENTED_EDGE('',*,*,#5912,.F.);
#5912 = EDGE_CURVE('',#5693,#5813,#5913,.T.);
#5913 = SURFACE_CURVE('',#5914,(#5918,#5925),.PCURVE_S1.);
#5914 = LINE('',#5915,#5916);
#5915 = CARTESIAN_POINT('',(12.05,-19.8,-3.5));
#5916 = VECTOR('',#5917,1.);
#5917 = DIRECTION('',(1.,0.,-0.));
#5918 = PCURVE('',#5715,#5919);
#5919 = DEFINITIONAL_REPRESENTATION('',(#5920),#5924);
#5920 = LINE('',#5921,#5922);
#5921 = CARTESIAN_POINT('',(0.,0.));
#5922 = VECTOR('',#5923,1.);
#5923 = DIRECTION('',(0.,1.));
#5924 = ( GEOMETRIC_REPRESENTATION_CONTEXT(2) 
PARAMETRIC_REPRESENTATION_CONTEXT() REPRESENTATION_CONTEXT('2D SPACE',''
  ) );
#5925 = PCURVE('',#5743,#5926);
#5926 = DEFINITIONAL_REPRESENTATION('',(#5927),#5931);
#5927 = LINE('',#5928,#5929);
#5928 = CARTESIAN_POINT('',(0.,0.));
#5929 = VECTOR('',#5930,1.);
#5930 = DIRECTION('',(1.,0.));
#5931 = ( GEOMETRIC_REPRESENTATION_CONTEXT(2) 
PARAMETRIC_REPRESENTATION_CONTEXT() REPRESENTATION_CONTEXT('2D SPACE',''
  ) );
#5932 = ORIENTED_EDGE('',*,*,#5692,.T.);
#5933 = ORIENTED_EDGE('',*,*,#5934,.T.);
#5934 = EDGE_CURVE('',#5695,#5815,#5935,.T.);
#5935 = SURFACE_CURVE('',#5936,(#5940,#5947),.PCURVE_S1.);
#5936 = LINE('',#5937,#5938);
#5937 = CARTESIAN_POINT('',(12.05,-19.8,17.5));
#5938 = VECTOR('',#5939,1.);
#5939 = DIRECTION('',(1.,0.,-0.));
#5940 = PCURVE('',#5715,#5941);
#5941 = DEFINITIONAL_REPRESENTATION('',(#5942),#5946);
#5942 = LINE('',#5943,#5944);
#5943 = CARTESIAN_POINT('',(21.,0.));
#5944 = VECTOR('',#5945,1.);
#5945 = DIRECTION('',(0.,1.));
#5946 = ( GEOMETRIC_REPRESENTATION_CONTEXT(2) 
PARAMETRIC_REPRESENTATION_CONTEXT() REPRESENTATION_CONTEXT('2D SPACE',''
  ) );
#5947 = PCURVE('',#5797,#5948);
#5948 = DEFINITIONAL_REPRESENTATION('',(#5949),#5953);
#5949 = LINE('',#5950,#5951);
#5950 = CARTESIAN_POINT('',(0.,0.));
#5951 = VECTOR('',#5952,1.);
#5952 = DIRECTION('',(1.,0.));
#5953 = ( GEOMETRIC_REPRESENTATION_CONTEXT(2) 
PARAMETRIC_REPRESENTATION_CONTEXT() REPRESENTATION_CONTEXT('2D SPACE',''
  ) );
#5954 = ORIENTED_EDGE('',*,*,#5812,.F.);
#5955 = ADVANCED_FACE('',(#5956),#5771,.T.);
#5956 = FACE_BOUND('',#5957,.T.);
#5957 = EDGE_LOOP('',(#5958,#5979,#5980,#6001));
#5958 = ORIENTED_EDGE('',*,*,#5959,.F.);
#5959 = EDGE_CURVE('',#5728,#5843,#5960,.T.);
#5960 = SURFACE_CURVE('',#5961,(#5965,#5972),.PCURVE_S1.);
#5961 = LINE('',#5962,#5963);
#5962 = CARTESIAN_POINT('',(12.05,-15.8,-3.5));
#5963 = VECTOR('',#5964,1.);
#5964 = DIRECTION('',(1.,0.,-0.));
#5965 = PCURVE('',#5771,#5966);
#5966 = DEFINITIONAL_REPRESENTATION('',(#5967),#5971);
#5967 = LINE('',#5968,#5969);
#5968 = CARTESIAN_POINT('',(0.,0.));
#5969 = VECTOR('',#5970,1.);
#5970 = DIRECTION('',(0.,1.));
#5971 = ( GEOMETRIC_REPRESENTATION_CONTEXT(2) 
PARAMETRIC_REPRESENTATION_CONTEXT() REPRESENTATION_CONTEXT('2D SPACE',''
  ) );
#5972 = PCURVE('',#5743,#5973);
#5973 = DEFINITIONAL_REPRESENTATION('',(#5974),#5978);
#5974 = LINE('',#5975,#5976);
#5975 = CARTESIAN_POINT('',(0.,4.));
#5976 = VECTOR('',#5977,1.);
#5977 = DIRECTION('',(1.,0.));
#5978 = ( GEOMETRIC_REPRESENTATION_CONTEXT(2) 
PARAMETRIC_REPRESENTATION_CONTEXT() REPRESENTATION_CONTEXT('2D SPACE',''
  ) );
#5979 = ORIENTED_EDGE('',*,*,#5755,.T.);
#5980 = ORIENTED_EDGE('',*,*,#5981,.T.);
#5981 = EDGE_CURVE('',#5756,#5866,#5982,.T.);
#5982 = SURFACE_CURVE('',#5983,(#5987,#5994),.PCURVE_S1.);
#5983 = LINE('',#5984,#5985);
#5984 = CARTESIAN_POINT('',(12.05,-15.8,17.5));
#5985 = VECTOR('',#5986,1.);
#5986 = DIRECTION('',(1.,0.,-0.));
#5987 = PCURVE('',#5771,#5988);
#5988 = DEFINITIONAL_REPRESENTATION('',(#5989),#5993);
#5989 = LINE('',#5990,#5991);
#5990 = CARTESIAN_POINT('',(21.,0.));
#5991 = VECTOR('',#5992,1.);
#5992 = DIRECTION('',(0.,1.));
#5993 = ( GEOMETRIC_REPRESENTATION_CONTEXT(2) 
PARAMETRIC_REPRESENTATION_CONTEXT() REPRESENTATION_CONTEXT('2D SPACE',''
  ) );
#5994 = PCURVE('',#5797,#5995);
#5995 = DEFINITIONAL_REPRESENTATION('',(#5996),#6000);
#5996 = LINE('',#5997,#5998);
#5997 = CARTESIAN_POINT('',(0.,4.));
#5998 = VECTOR('',#5999,1.);
#5999 = DIRECTION('',(1.,0.));
#6000 = ( GEOMETRIC_REPRESENTATION_CONTEXT(2) 
PARAMETRIC_REPRESENTATION_CONTEXT() REPRESENTATION_CONTEXT('2D SPACE',''
  ) );
#6001 = ORIENTED_EDGE('',*,*,#5865,.F.);
#6002 = ADVANCED_FACE('',(#6003),#5743,.F.);
#6003 = FACE_BOUND('',#6004,.F.);
#6004 = EDGE_LOOP('',(#6005,#6006,#6007,#6008));
#6005 = ORIENTED_EDGE('',*,*,#5727,.F.);
#6006 = ORIENTED_EDGE('',*,*,#5912,.T.);
#6007 = ORIENTED_EDGE('',*,*,#5842,.T.);
#6008 = ORIENTED_EDGE('',*,*,#5959,.F.);
#6009 = ADVANCED_FACE('',(#6010),#5797,.T.);
#6010 = FACE_BOUND('',#6011,.T.);
#6011 = EDGE_LOOP('',(#6012,#6013,#6014,#6015));
#6012 = ORIENTED_EDGE('',*,*,#5783,.F.);
#6013 = ORIENTED_EDGE('',*,*,#5934,.T.);
#6014 = ORIENTED_EDGE('',*,*,#5888,.T.);
#6015 = ORIENTED_EDGE('',*,*,#5981,.F.);
#6016 = MANIFOLD_SOLID_BREP('',#6017);
#6017 = CLOSED_SHELL('',(#6018,#6106,#6110));
#6018 = ADVANCED_FACE('',(#6019),#6032,.T.);
#6019 = FACE_BOUND('',#6020,.T.);
#6020 = EDGE_LOOP('',(#6021,#6055,#6078,#6105));
#6021 = ORIENTED_EDGE('',*,*,#6022,.F.);
#6022 = EDGE_CURVE('',#6023,#6023,#6025,.T.);
#6023 = VERTEX_POINT('',#6024);
#6024 = CARTESIAN_POINT('',(26.,-28.,-6.));
#6025 = SURFACE_CURVE('',#6026,(#6031,#6043),.PCURVE_S1.);
#6026 = CIRCLE('',#6027,5.);
#6027 = AXIS2_PLACEMENT_3D('',#6028,#6029,#6030);
#6028 = CARTESIAN_POINT('',(21.,-28.,-6.));
#6029 = DIRECTION('',(0.,-1.,2.22044604925E-16));
#6030 = DIRECTION('',(1.,0.,0.));
#6031 = PCURVE('',#6032,#6037);
#6032 = CYLINDRICAL_SURFACE('',#6033,5.);
#6033 = AXIS2_PLACEMENT_3D('',#6034,#6035,#6036);
#6034 = CARTESIAN_POINT('',(21.,-25.,-6.));
#6035 = DIRECTION('',(0.,-1.,2.22044604925E-16));
#6036 = DIRECTION('',(1.,0.,0.));
#6037 = DEFINITIONAL_REPRESENTATION('',(#6038),#6042);
#6038 = LINE('',#6039,#6040);
#6039 = CARTESIAN_POINT('',(0.,3.));
#6040 = VECTOR('',#6041,1.);
#6041 = DIRECTION('',(1.,0.));
#6042 = ( GEOMETRIC_REPRESENTATION_CONTEXT(2) 
PARAMETRIC_REPRESENTATION_CONTEXT() REPRESENTATION_CONTEXT('2D SPACE',''
  ) );
#6043 = PCURVE('',#6044,#6049);
#6044 = PLANE('',#6045);
#6045 = AXIS2_PLACEMENT_3D('',#6046,#6047,#6048);
#6046 = CARTESIAN_POINT('',(21.,-28.,-6.));
#6047 = DIRECTION('',(0.,-1.,2.22044604925E-16));
#6048 = DIRECTION('',(1.,0.,0.));
#6049 = DEFINITIONAL_REPRESENTATION('',(#6050),#6054);
#6050 = CIRCLE('',#6051,5.);
#6051 = AXIS2_PLACEMENT_2D('',#6052,#6053);
#6052 = CARTESIAN_POINT('',(0.,0.));
#6053 = DIRECTION('',(1.,0.));
#6054 = ( GEOMETRIC_REPRESENTATION_CONTEXT(2) 
PARAMETRIC_REPRESENTATION_CONTEXT() REPRESENTATION_CONTEXT('2D SPACE',''
  ) );
#6055 = ORIENTED_EDGE('',*,*,#6056,.F.);
#6056 = EDGE_CURVE('',#6057,#6023,#6059,.T.);
#6057 = VERTEX_POINT('',#6058);
#6058 = CARTESIAN_POINT('',(26.,-25.,-6.));
#6059 = SEAM_CURVE('',#6060,(#6064,#6071),.PCURVE_S1.);
#6060 = LINE('',#6061,#6062);
#6061 = CARTESIAN_POINT('',(26.,-25.,-6.));
#6062 = VECTOR('',#6063,1.);
#6063 = DIRECTION('',(0.,-1.,2.22044604925E-16));
#6064 = PCURVE('',#6032,#6065);
#6065 = DEFINITIONAL_REPRESENTATION('',(#6066),#6070);
#6066 = LINE('',#6067,#6068);
#6067 = CARTESIAN_POINT('',(6.28318530718,-0.));
#6068 = VECTOR('',#6069,1.);
#6069 = DIRECTION('',(0.,1.));
#6070 = ( GEOMETRIC_REPRESENTATION_CONTEXT(2) 
PARAMETRIC_REPRESENTATION_CONTEXT() REPRESENTATION_CONTEXT('2D SPACE',''
  ) );
#6071 = PCURVE('',#6032,#6072);
#6072 = DEFINITIONAL_REPRESENTATION('',(#6073),#6077);
#6073 = LINE('',#6074,#6075);
#6074 = CARTESIAN_POINT('',(0.,-0.));
#6075 = VECTOR('',#6076,1.);
#6076 = DIRECTION('',(0.,1.));
#6077 = ( GEOMETRIC_REPRESENTATION_CONTEXT(2) 
PARAMETRIC_REPRESENTATION_CONTEXT() REPRESENTATION_CONTEXT('2D SPACE',''
  ) );
#6078 = ORIENTED_EDGE('',*,*,#6079,.T.);
#6079 = EDGE_CURVE('',#6057,#6057,#6080,.T.);
#6080 = SURFACE_CURVE('',#6081,(#6086,#6093),.PCURVE_S1.);
#6081 = CIRCLE('',#6082,5.);
#6082 = AXIS2_PLACEMENT_3D('',#6083,#6084,#6085);
#6083 = CARTESIAN_POINT('',(21.,-25.,-6.));
#6084 = DIRECTION('',(0.,-1.,2.22044604925E-16));
#6085 = DIRECTION('',(1.,0.,0.));
#6086 = PCURVE('',#6032,#6087);
#6087 = DEFINITIONAL_REPRESENTATION('',(#6088),#6092);
#6088 = LINE('',#6089,#6090);
#6089 = CARTESIAN_POINT('',(0.,0.));
#6090 = VECTOR('',#6091,1.);
#6091 = DIRECTION('',(1.,0.));
#6092 = ( GEOMETRIC_REPRESENTATION_CONTEXT(2) 
PARAMETRIC_REPRESENTATION_CONTEXT() REPRESENTATION_CONTEXT('2D SPACE',''
  ) );
#6093 = PCURVE('',#6094,#6099);
#6094 = PLANE('',#6095);
#6095 = AXIS2_PLACEMENT_3D('',#6096,#6097,#6098);
#6096 = CARTESIAN_POINT('',(21.,-25.,-6.));
#6097 = DIRECTION('',(0.,-1.,2.22044604925E-16));
#6098 = DIRECTION('',(1.,0.,0.));
#6099 = DEFINITIONAL_REPRESENTATION('',(#6100),#6104);
#6100 = CIRCLE('',#6101,5.);
#6101 = AXIS2_PLACEMENT_2D('',#6102,#6103);
#6102 = CARTESIAN_POINT('',(0.,0.));
#6103 = DIRECTION('',(1.,0.));
#6104 = ( GEOMETRIC_REPRESENTATION_CONTEXT(2) 
PARAMETRIC_REPRESENTATION_CONTEXT() REPRESENTATION_CONTEXT('2D SPACE',''
  ) );
#6105 = ORIENTED_EDGE('',*,*,#6056,.T.);
#6106 = ADVANCED_FACE('',(#6107),#6044,.T.);
#6107 = FACE_BOUND('',#6108,.T.);
#6108 = EDGE_LOOP('',(#6109));
#6109 = ORIENTED_EDGE('',*,*,#6022,.T.);
#6110 = ADVANCED_FACE('',(#6111),#6094,.F.);
#6111 = FACE_BOUND('',#6112,.T.);
#6112 = EDGE_LOOP('',(#6113));
#6113 = ORIENTED_EDGE('',*,*,#6079,.F.);
#6114 = MANIFOLD_SOLID_BREP('',#6115);
#6115 = CLOSED_SHELL('',(#6116,#6204,#6239,#6274,#6329,#6384,#6388,#6423
    ,#6478));
#6116 = ADVANCED_FACE('',(#6117),#6130,.T.);
#6117 = FACE_BOUND('',#6118,.T.);
#6118 = EDGE_LOOP('',(#6119,#6153,#6176,#6203));
#6119 = ORIENTED_EDGE('',*,*,#6120,.F.);
#6120 = EDGE_CURVE('',#6121,#6121,#6123,.T.);
#6121 = VERTEX_POINT('',#6122);
#6122 = CARTESIAN_POINT('',(24.,-28.,20.));
#6123 = SURFACE_CURVE('',#6124,(#6129,#6141),.PCURVE_S1.);
#6124 = CIRCLE('',#6125,3.);
#6125 = AXIS2_PLACEMENT_3D('',#6126,#6127,#6128);
#6126 = CARTESIAN_POINT('',(21.,-28.,20.));
#6127 = DIRECTION('',(0.,-1.,2.22044604925E-16));
#6128 = DIRECTION('',(1.,0.,0.));
#6129 = PCURVE('',#6130,#6135);
#6130 = CYLINDRICAL_SURFACE('',#6131,3.);
#6131 = AXIS2_PLACEMENT_3D('',#6132,#6133,#6134);
#6132 = CARTESIAN_POINT('',(21.,-27.,20.));
#6133 = DIRECTION('',(0.,-1.,2.22044604925E-16));
#6134 = DIRECTION('',(1.,0.,0.));
#6135 = DEFINITIONAL_REPRESENTATION('',(#6136),#6140);
#6136 = LINE('',#6137,#6138);
#6137 = CARTESIAN_POINT('',(0.,1.));
#6138 = VECTOR('',#6139,1.);
#6139 = DIRECTION('',(1.,0.));
#6140 = ( GEOMETRIC_REPRESENTATION_CONTEXT(2) 
PARAMETRIC_REPRESENTATION_CONTEXT() REPRESENTATION_CONTEXT('2D SPACE',''
  ) );
#6141 = PCURVE('',#6142,#6147);
#6142 = PLANE('',#6143);
#6143 = AXIS2_PLACEMENT_3D('',#6144,#6145,#6146);
#6144 = CARTESIAN_POINT('',(21.,-28.,20.));
#6145 = DIRECTION('',(0.,-1.,2.22044604925E-16));
#6146 = DIRECTION('',(1.,0.,0.));
#6147 = DEFINITIONAL_REPRESENTATION('',(#6148),#6152);
#6148 = CIRCLE('',#6149,3.);
#6149 = AXIS2_PLACEMENT_2D('',#6150,#6151);
#6150 = CARTESIAN_POINT('',(0.,0.));
#6151 = DIRECTION('',(1.,0.));
#6152 = ( GEOMETRIC_REPRESENTATION_CONTEXT(2) 
PARAMETRIC_REPRESENTATION_CONTEXT() REPRESENTATION_CONTEXT('2D SPACE',''
  ) );
#6153 = ORIENTED_EDGE('',*,*,#6154,.F.);
#6154 = EDGE_CURVE('',#6155,#6121,#6157,.T.);
#6155 = VERTEX_POINT('',#6156);
#6156 = CARTESIAN_POINT('',(24.,-27.,20.));
#6157 = SEAM_CURVE('',#6158,(#6162,#6169),.PCURVE_S1.);
#6158 = LINE('',#6159,#6160);
#6159 = CARTESIAN_POINT('',(24.,-27.,20.));
#6160 = VECTOR('',#6161,1.);
#6161 = DIRECTION('',(0.,-1.,2.22044604925E-16));
#6162 = PCURVE('',#6130,#6163);
#6163 = DEFINITIONAL_REPRESENTATION('',(#6164),#6168);
#6164 = LINE('',#6165,#6166);
#6165 = CARTESIAN_POINT('',(6.28318530718,-0.));
#6166 = VECTOR('',#6167,1.);
#6167 = DIRECTION('',(0.,1.));
#6168 = ( GEOMETRIC_REPRESENTATION_CONTEXT(2) 
PARAMETRIC_REPRESENTATION_CONTEXT() REPRESENTATION_CONTEXT('2D SPACE',''
  ) );
#6169 = PCURVE('',#6130,#6170);
#6170 = DEFINITIONAL_REPRESENTATION('',(#6171),#6175);
#6171 = LINE('',#6172,#6173);
#6172 = CARTESIAN_POINT('',(0.,-0.));
#6173 = VECTOR('',#6174,1.);
#6174 = DIRECTION('',(0.,1.));
#6175 = ( GEOMETRIC_REPRESENTATION_CONTEXT(2) 
PARAMETRIC_REPRESENTATION_CONTEXT() REPRESENTATION_CONTEXT('2D SPACE',''
  ) );
#6176 = ORIENTED_EDGE('',*,*,#6177,.T.);
#6177 = EDGE_CURVE('',#6155,#6155,#6178,.T.);
#6178 = SURFACE_CURVE('',#6179,(#6184,#6191),.PCURVE_S1.);
#6179 = CIRCLE('',#6180,3.);
#6180 = AXIS2_PLACEMENT_3D('',#6181,#6182,#6183);
#6181 = CARTESIAN_POINT('',(21.,-27.,20.));
#6182 = DIRECTION('',(0.,-1.,2.22044604925E-16));
#6183 = DIRECTION('',(1.,0.,0.));
#6184 = PCURVE('',#6130,#6185);
#6185 = DEFINITIONAL_REPRESENTATION('',(#6186),#6190);
#6186 = LINE('',#6187,#6188);
#6187 = CARTESIAN_POINT('',(0.,0.));
#6188 = VECTOR('',#6189,1.);
#6189 = DIRECTION('',(1.,0.));
#6190 = ( GEOMETRIC_REPRESENTATION_CONTEXT(2) 
PARAMETRIC_REPRESENTATION_CONTEXT() REPRESENTATION_CONTEXT('2D SPACE',''
  ) );
#6191 = PCURVE('',#6192,#6197);
#6192 = PLANE('',#6193);
#6193 = AXIS2_PLACEMENT_3D('',#6194,#6195,#6196);
#6194 = CARTESIAN_POINT('',(21.,-27.,20.));
#6195 = DIRECTION('',(0.,-1.,2.22044604925E-16));
#6196 = DIRECTION('',(1.,0.,0.));
#6197 = DEFINITIONAL_REPRESENTATION('',(#6198),#6202);
#6198 = CIRCLE('',#6199,3.);
#6199 = AXIS2_PLACEMENT_2D('',#6200,#6201);
#6200 = CARTESIAN_POINT('',(0.,0.));
#6201 = DIRECTION('',(1.,0.));
#6202 = ( GEOMETRIC_REPRESENTATION_CONTEXT(2) 
PARAMETRIC_REPRESENTATION_CONTEXT() REPRESENTATION_CONTEXT('2D SPACE',''
  ) );
#6203 = ORIENTED_EDGE('',*,*,#6154,.T.);
#6204 = ADVANCED_FACE('',(#6205,#6208),#6142,.T.);
#6205 = FACE_BOUND('',#6206,.T.);
#6206 = EDGE_LOOP('',(#6207));
#6207 = ORIENTED_EDGE('',*,*,#6120,.T.);
#6208 = FACE_BOUND('',#6209,.T.);
#6209 = EDGE_LOOP('',(#6210));
#6210 = ORIENTED_EDGE('',*,*,#6211,.F.);
#6211 = EDGE_CURVE('',#6212,#6212,#6214,.T.);
#6212 = VERTEX_POINT('',#6213);
#6213 = CARTESIAN_POINT('',(23.,-28.,20.));
#6214 = SURFACE_CURVE('',#6215,(#6220,#6227),.PCURVE_S1.);
#6215 = CIRCLE('',#6216,2.);
#6216 = AXIS2_PLACEMENT_3D('',#6217,#6218,#6219);
#6217 = CARTESIAN_POINT('',(21.,-28.,20.));
#6218 = DIRECTION('',(0.,-1.,2.22044604925E-16));
#6219 = DIRECTION('',(1.,0.,0.));
#6220 = PCURVE('',#6142,#6221);
#6221 = DEFINITIONAL_REPRESENTATION('',(#6222),#6226);
#6222 = CIRCLE('',#6223,2.);
#6223 = AXIS2_PLACEMENT_2D('',#6224,#6225);
#6224 = CARTESIAN_POINT('',(0.,0.));
#6225 = DIRECTION('',(1.,0.));
#6226 = ( GEOMETRIC_REPRESENTATION_CONTEXT(2) 
PARAMETRIC_REPRESENTATION_CONTEXT() REPRESENTATION_CONTEXT('2D SPACE',''
  ) );
#6227 = PCURVE('',#6228,#6233);
#6228 = CYLINDRICAL_SURFACE('',#6229,2.);
#6229 = AXIS2_PLACEMENT_3D('',#6230,#6231,#6232);
#6230 = CARTESIAN_POINT('',(21.,-28.,20.));
#6231 = DIRECTION('',(0.,-1.,2.22044604925E-16));
#6232 = DIRECTION('',(1.,0.,0.));
#6233 = DEFINITIONAL_REPRESENTATION('',(#6234),#6238);
#6234 = LINE('',#6235,#6236);
#6235 = CARTESIAN_POINT('',(0.,0.));
#6236 = VECTOR('',#6237,1.);
#6237 = DIRECTION('',(1.,0.));
#6238 = ( GEOMETRIC_REPRESENTATION_CONTEXT(2) 
PARAMETRIC_REPRESENTATION_CONTEXT() REPRESENTATION_CONTEXT('2D SPACE',''
  ) );
#6239 = ADVANCED_FACE('',(#6240,#6243),#6192,.F.);
#6240 = FACE_BOUND('',#6241,.F.);
#6241 = EDGE_LOOP('',(#6242));
#6242 = ORIENTED_EDGE('',*,*,#6177,.T.);
#6243 = FACE_BOUND('',#6244,.F.);
#6244 = EDGE_LOOP('',(#6245));
#6245 = ORIENTED_EDGE('',*,*,#6246,.F.);
#6246 = EDGE_CURVE('',#6247,#6247,#6249,.T.);
#6247 = VERTEX_POINT('',#6248);
#6248 = CARTESIAN_POINT('',(23.,-27.,20.));
#6249 = SURFACE_CURVE('',#6250,(#6255,#6262),.PCURVE_S1.);
#6250 = CIRCLE('',#6251,2.);
#6251 = AXIS2_PLACEMENT_3D('',#6252,#6253,#6254);
#6252 = CARTESIAN_POINT('',(21.,-27.,20.));
#6253 = DIRECTION('',(0.,-1.,2.22044604925E-16));
#6254 = DIRECTION('',(1.,0.,0.));
#6255 = PCURVE('',#6192,#6256);
#6256 = DEFINITIONAL_REPRESENTATION('',(#6257),#6261);
#6257 = CIRCLE('',#6258,2.);
#6258 = AXIS2_PLACEMENT_2D('',#6259,#6260);
#6259 = CARTESIAN_POINT('',(0.,0.));
#6260 = DIRECTION('',(1.,0.));
#6261 = ( GEOMETRIC_REPRESENTATION_CONTEXT(2) 
PARAMETRIC_REPRESENTATION_CONTEXT() REPRESENTATION_CONTEXT('2D SPACE',''
  ) );
#6262 = PCURVE('',#6263,#6268);
#6263 = CYLINDRICAL_SURFACE('',#6264,2.);
#6264 = AXIS2_PLACEMENT_3D('',#6265,#6266,#6267);
#6265 = CARTESIAN_POINT('',(21.,-24.,20.));
#6266 = DIRECTION('',(0.,-1.,2.22044604925E-16));
#6267 = DIRECTION('',(1.,0.,0.));
#6268 = DEFINITIONAL_REPRESENTATION('',(#6269),#6273);
#6269 = LINE('',#6270,#6271);
#6270 = CARTESIAN_POINT('',(0.,3.));
#6271 = VECTOR('',#6272,1.);
#6272 = DIRECTION('',(1.,0.));
#6273 = ( GEOMETRIC_REPRESENTATION_CONTEXT(2) 
PARAMETRIC_REPRESENTATION_CONTEXT() REPRESENTATION_CONTEXT('2D SPACE',''
  ) );
#6274 = ADVANCED_FACE('',(#6275),#6228,.T.);
#6275 = FACE_BOUND('',#6276,.T.);
#6276 = EDGE_LOOP('',(#6277,#6306,#6327,#6328));
#6277 = ORIENTED_EDGE('',*,*,#6278,.F.);
#6278 = EDGE_CURVE('',#6279,#6279,#6281,.T.);
#6279 = VERTEX_POINT('',#6280);
#6280 = CARTESIAN_POINT('',(23.,-31.,20.));
#6281 = SURFACE_CURVE('',#6282,(#6287,#6294),.PCURVE_S1.);
#6282 = CIRCLE('',#6283,2.);
#6283 = AXIS2_PLACEMENT_3D('',#6284,#6285,#6286);
#6284 = CARTESIAN_POINT('',(21.,-31.,20.));
#6285 = DIRECTION('',(0.,-1.,2.22044604925E-16));
#6286 = DIRECTION('',(1.,0.,0.));
#6287 = PCURVE('',#6228,#6288);
#6288 = DEFINITIONAL_REPRESENTATION('',(#6289),#6293);
#6289 = LINE('',#6290,#6291);
#6290 = CARTESIAN_POINT('',(0.,3.));
#6291 = VECTOR('',#6292,1.);
#6292 = DIRECTION('',(1.,0.));
#6293 = ( GEOMETRIC_REPRESENTATION_CONTEXT(2) 
PARAMETRIC_REPRESENTATION_CONTEXT() REPRESENTATION_CONTEXT('2D SPACE',''
  ) );
#6294 = PCURVE('',#6295,#6300);
#6295 = PLANE('',#6296);
#6296 = AXIS2_PLACEMENT_3D('',#6297,#6298,#6299);
#6297 = CARTESIAN_POINT('',(21.,-31.,20.));
#6298 = DIRECTION('',(0.,-1.,2.22044604925E-16));
#6299 = DIRECTION('',(1.,0.,0.));
#6300 = DEFINITIONAL_REPRESENTATION('',(#6301),#6305);
#6301 = CIRCLE('',#6302,2.);
#6302 = AXIS2_PLACEMENT_2D('',#6303,#6304);
#6303 = CARTESIAN_POINT('',(0.,0.));
#6304 = DIRECTION('',(1.,0.));
#6305 = ( GEOMETRIC_REPRESENTATION_CONTEXT(2) 
PARAMETRIC_REPRESENTATION_CONTEXT() REPRESENTATION_CONTEXT('2D SPACE',''
  ) );
#6306 = ORIENTED_EDGE('',*,*,#6307,.F.);
#6307 = EDGE_CURVE('',#6212,#6279,#6308,.T.);
#6308 = SEAM_CURVE('',#6309,(#6313,#6320),.PCURVE_S1.);
#6309 = LINE('',#6310,#6311);
#6310 = CARTESIAN_POINT('',(23.,-28.,20.));
#6311 = VECTOR('',#6312,1.);
#6312 = DIRECTION('',(0.,-1.,2.22044604925E-16));
#6313 = PCURVE('',#6228,#6314);
#6314 = DEFINITIONAL_REPRESENTATION('',(#6315),#6319);
#6315 = LINE('',#6316,#6317);
#6316 = CARTESIAN_POINT('',(6.28318530718,-0.));
#6317 = VECTOR('',#6318,1.);
#6318 = DIRECTION('',(0.,1.));
#6319 = ( GEOMETRIC_REPRESENTATION_CONTEXT(2) 
PARAMETRIC_REPRESENTATION_CONTEXT() REPRESENTATION_CONTEXT('2D SPACE',''
  ) );
#6320 = PCURVE('',#6228,#6321);
#6321 = DEFINITIONAL_REPRESENTATION('',(#6322),#6326);
#6322 = LINE('',#6323,#6324);
#6323 = CARTESIAN_POINT('',(0.,-0.));
#6324 = VECTOR('',#6325,1.);
#6325 = DIRECTION('',(0.,1.));
#6326 = ( GEOMETRIC_REPRESENTATION_CONTEXT(2) 
PARAMETRIC_REPRESENTATION_CONTEXT() REPRESENTATION_CONTEXT('2D SPACE',''
  ) );
#6327 = ORIENTED_EDGE('',*,*,#6211,.T.);
#6328 = ORIENTED_EDGE('',*,*,#6307,.T.);
#6329 = ADVANCED_FACE('',(#6330),#6263,.T.);
#6330 = FACE_BOUND('',#6331,.T.);
#6331 = EDGE_LOOP('',(#6332,#6333,#6356,#6383));
#6332 = ORIENTED_EDGE('',*,*,#6246,.F.);
#6333 = ORIENTED_EDGE('',*,*,#6334,.F.);
#6334 = EDGE_CURVE('',#6335,#6247,#6337,.T.);
#6335 = VERTEX_POINT('',#6336);
#6336 = CARTESIAN_POINT('',(23.,-24.,20.));
#6337 = SEAM_CURVE('',#6338,(#6342,#6349),.PCURVE_S1.);
#6338 = LINE('',#6339,#6340);
#6339 = CARTESIAN_POINT('',(23.,-24.,20.));
#6340 = VECTOR('',#6341,1.);
#6341 = DIRECTION('',(0.,-1.,2.22044604925E-16));
#6342 = PCURVE('',#6263,#6343);
#6343 = DEFINITIONAL_REPRESENTATION('',(#6344),#6348);
#6344 = LINE('',#6345,#6346);
#6345 = CARTESIAN_POINT('',(6.28318530718,-0.));
#6346 = VECTOR('',#6347,1.);
#6347 = DIRECTION('',(0.,1.));
#6348 = ( GEOMETRIC_REPRESENTATION_CONTEXT(2) 
PARAMETRIC_REPRESENTATION_CONTEXT() REPRESENTATION_CONTEXT('2D SPACE',''
  ) );
#6349 = PCURVE('',#6263,#6350);
#6350 = DEFINITIONAL_REPRESENTATION('',(#6351),#6355);
#6351 = LINE('',#6352,#6353);
#6352 = CARTESIAN_POINT('',(0.,-0.));
#6353 = VECTOR('',#6354,1.);
#6354 = DIRECTION('',(0.,1.));
#6355 = ( GEOMETRIC_REPRESENTATION_CONTEXT(2) 
PARAMETRIC_REPRESENTATION_CONTEXT() REPRESENTATION_CONTEXT('2D SPACE',''
  ) );
#6356 = ORIENTED_EDGE('',*,*,#6357,.T.);
#6357 = EDGE_CURVE('',#6335,#6335,#6358,.T.);
#6358 = SURFACE_CURVE('',#6359,(#6364,#6371),.PCURVE_S1.);
#6359 = CIRCLE('',#6360,2.);
#6360 = AXIS2_PLACEMENT_3D('',#6361,#6362,#6363);
#6361 = CARTESIAN_POINT('',(21.,-24.,20.));
#6362 = DIRECTION('',(0.,-1.,2.22044604925E-16));
#6363 = DIRECTION('',(1.,0.,0.));
#6364 = PCURVE('',#6263,#6365);
#6365 = DEFINITIONAL_REPRESENTATION('',(#6366),#6370);
#6366 = LINE('',#6367,#6368);
#6367 = CARTESIAN_POINT('',(0.,0.));
#6368 = VECTOR('',#6369,1.);
#6369 = DIRECTION('',(1.,0.));
#6370 = ( GEOMETRIC_REPRESENTATION_CONTEXT(2) 
PARAMETRIC_REPRESENTATION_CONTEXT() REPRESENTATION_CONTEXT('2D SPACE',''
  ) );
#6371 = PCURVE('',#6372,#6377);
#6372 = PLANE('',#6373);
#6373 = AXIS2_PLACEMENT_3D('',#6374,#6375,#6376);
#6374 = CARTESIAN_POINT('',(21.,-24.,20.));
#6375 = DIRECTION('',(0.,-1.,2.22044604925E-16));
#6376 = DIRECTION('',(1.,0.,0.));
#6377 = DEFINITIONAL_REPRESENTATION('',(#6378),#6382);
#6378 = CIRCLE('',#6379,2.);
#6379 = AXIS2_PLACEMENT_2D('',#6380,#6381);
#6380 = CARTESIAN_POINT('',(0.,0.));
#6381 = DIRECTION('',(1.,0.));
#6382 = ( GEOMETRIC_REPRESENTATION_CONTEXT(2) 
PARAMETRIC_REPRESENTATION_CONTEXT() REPRESENTATION_CONTEXT('2D SPACE',''
  ) );
#6383 = ORIENTED_EDGE('',*,*,#6334,.T.);
#6384 = ADVANCED_FACE('',(#6385),#6295,.T.);
#6385 = FACE_BOUND('',#6386,.T.);
#6386 = EDGE_LOOP('',(#6387));
#6387 = ORIENTED_EDGE('',*,*,#6278,.T.);
#6388 = ADVANCED_FACE('',(#6389,#6392),#6372,.F.);
#6389 = FACE_BOUND('',#6390,.F.);
#6390 = EDGE_LOOP('',(#6391));
#6391 = ORIENTED_EDGE('',*,*,#6357,.T.);
#6392 = FACE_BOUND('',#6393,.F.);
#6393 = EDGE_LOOP('',(#6394));
#6394 = ORIENTED_EDGE('',*,*,#6395,.F.);
#6395 = EDGE_CURVE('',#6396,#6396,#6398,.T.);
#6396 = VERTEX_POINT('',#6397);
#6397 = CARTESIAN_POINT('',(22.5,-24.,20.));
#6398 = SURFACE_CURVE('',#6399,(#6404,#6411),.PCURVE_S1.);
#6399 = CIRCLE('',#6400,1.5);
#6400 = AXIS2_PLACEMENT_3D('',#6401,#6402,#6403);
#6401 = CARTESIAN_POINT('',(21.,-24.,20.));
#6402 = DIRECTION('',(0.,-1.,2.22044604925E-16));
#6403 = DIRECTION('',(1.,0.,0.));
#6404 = PCURVE('',#6372,#6405);
#6405 = DEFINITIONAL_REPRESENTATION('',(#6406),#6410);
#6406 = CIRCLE('',#6407,1.5);
#6407 = AXIS2_PLACEMENT_2D('',#6408,#6409);
#6408 = CARTESIAN_POINT('',(0.,0.));
#6409 = DIRECTION('',(1.,0.));
#6410 = ( GEOMETRIC_REPRESENTATION_CONTEXT(2) 
PARAMETRIC_REPRESENTATION_CONTEXT() REPRESENTATION_CONTEXT('2D SPACE',''
  ) );
#6411 = PCURVE('',#6412,#6417);
#6412 = CYLINDRICAL_SURFACE('',#6413,1.5);
#6413 = AXIS2_PLACEMENT_3D('',#6414,#6415,#6416);
#6414 = CARTESIAN_POINT('',(21.,-21.5,20.));
#6415 = DIRECTION('',(0.,-1.,2.22044604925E-16));
#6416 = DIRECTION('',(1.,0.,0.));
#6417 = DEFINITIONAL_REPRESENTATION('',(#6418),#6422);
#6418 = LINE('',#6419,#6420);
#6419 = CARTESIAN_POINT('',(0.,2.5));
#6420 = VECTOR('',#6421,1.);
#6421 = DIRECTION('',(1.,0.));
#6422 = ( GEOMETRIC_REPRESENTATION_CONTEXT(2) 
PARAMETRIC_REPRESENTATION_CONTEXT() REPRESENTATION_CONTEXT('2D SPACE',''
  ) );
#6423 = ADVANCED_FACE('',(#6424),#6412,.F.);
#6424 = FACE_BOUND('',#6425,.F.);
#6425 = EDGE_LOOP('',(#6426,#6449,#6476,#6477));
#6426 = ORIENTED_EDGE('',*,*,#6427,.T.);
#6427 = EDGE_CURVE('',#6396,#6428,#6430,.T.);
#6428 = VERTEX_POINT('',#6429);
#6429 = CARTESIAN_POINT('',(22.5,-26.5,20.));
#6430 = SEAM_CURVE('',#6431,(#6435,#6442),.PCURVE_S1.);
#6431 = LINE('',#6432,#6433);
#6432 = CARTESIAN_POINT('',(22.5,-21.5,20.));
#6433 = VECTOR('',#6434,1.);
#6434 = DIRECTION('',(0.,-1.,2.22044604925E-16));
#6435 = PCURVE('',#6412,#6436);
#6436 = DEFINITIONAL_REPRESENTATION('',(#6437),#6441);
#6437 = LINE('',#6438,#6439);
#6438 = CARTESIAN_POINT('',(6.28318530718,-0.));
#6439 = VECTOR('',#6440,1.);
#6440 = DIRECTION('',(0.,1.));
#6441 = ( GEOMETRIC_REPRESENTATION_CONTEXT(2) 
PARAMETRIC_REPRESENTATION_CONTEXT() REPRESENTATION_CONTEXT('2D SPACE',''
  ) );
#6442 = PCURVE('',#6412,#6443);
#6443 = DEFINITIONAL_REPRESENTATION('',(#6444),#6448);
#6444 = LINE('',#6445,#6446);
#6445 = CARTESIAN_POINT('',(0.,-0.));
#6446 = VECTOR('',#6447,1.);
#6447 = DIRECTION('',(0.,1.));
#6448 = ( GEOMETRIC_REPRESENTATION_CONTEXT(2) 
PARAMETRIC_REPRESENTATION_CONTEXT() REPRESENTATION_CONTEXT('2D SPACE',''
  ) );
#6449 = ORIENTED_EDGE('',*,*,#6450,.F.);
#6450 = EDGE_CURVE('',#6428,#6428,#6451,.T.);
#6451 = SURFACE_CURVE('',#6452,(#6457,#6464),.PCURVE_S1.);
#6452 = CIRCLE('',#6453,1.5);
#6453 = AXIS2_PLACEMENT_3D('',#6454,#6455,#6456);
#6454 = CARTESIAN_POINT('',(21.,-26.5,20.));
#6455 = DIRECTION('',(0.,-1.,2.22044604925E-16));
#6456 = DIRECTION('',(1.,0.,0.));
#6457 = PCURVE('',#6412,#6458);
#6458 = DEFINITIONAL_REPRESENTATION('',(#6459),#6463);
#6459 = LINE('',#6460,#6461);
#6460 = CARTESIAN_POINT('',(0.,5.));
#6461 = VECTOR('',#6462,1.);
#6462 = DIRECTION('',(1.,0.));
#6463 = ( GEOMETRIC_REPRESENTATION_CONTEXT(2) 
PARAMETRIC_REPRESENTATION_CONTEXT() REPRESENTATION_CONTEXT('2D SPACE',''
  ) );
#6464 = PCURVE('',#6465,#6470);
#6465 = PLANE('',#6466);
#6466 = AXIS2_PLACEMENT_3D('',#6467,#6468,#6469);
#6467 = CARTESIAN_POINT('',(21.,-26.5,20.));
#6468 = DIRECTION('',(0.,-1.,2.22044604925E-16));
#6469 = DIRECTION('',(1.,0.,0.));
#6470 = DEFINITIONAL_REPRESENTATION('',(#6471),#6475);
#6471 = CIRCLE('',#6472,1.5);
#6472 = AXIS2_PLACEMENT_2D('',#6473,#6474);
#6473 = CARTESIAN_POINT('',(0.,0.));
#6474 = DIRECTION('',(1.,0.));
#6475 = ( GEOMETRIC_REPRESENTATION_CONTEXT(2) 
PARAMETRIC_REPRESENTATION_CONTEXT() REPRESENTATION_CONTEXT('2D SPACE',''
  ) );
#6476 = ORIENTED_EDGE('',*,*,#6427,.F.);
#6477 = ORIENTED_EDGE('',*,*,#6395,.T.);
#6478 = ADVANCED_FACE('',(#6479),#6465,.F.);
#6479 = FACE_BOUND('',#6480,.F.);
#6480 = EDGE_LOOP('',(#6481));
#6481 = ORIENTED_EDGE('',*,*,#6450,.T.);
#6482 = MANIFOLD_SOLID_BREP('',#6483);
#6483 = CLOSED_SHELL('',(#6484,#6572,#6576));
#6484 = ADVANCED_FACE('',(#6485),#6498,.T.);
#6485 = FACE_BOUND('',#6486,.T.);
#6486 = EDGE_LOOP('',(#6487,#6521,#6544,#6571));
#6487 = ORIENTED_EDGE('',*,*,#6488,.F.);
#6488 = EDGE_CURVE('',#6489,#6489,#6491,.T.);
#6489 = VERTEX_POINT('',#6490);
#6490 = CARTESIAN_POINT('',(22.5,-26.5,20.));
#6491 = SURFACE_CURVE('',#6492,(#6497,#6509),.PCURVE_S1.);
#6492 = CIRCLE('',#6493,1.5);
#6493 = AXIS2_PLACEMENT_3D('',#6494,#6495,#6496);
#6494 = CARTESIAN_POINT('',(21.,-26.5,20.));
#6495 = DIRECTION('',(0.,-1.,2.22044604925E-16));
#6496 = DIRECTION('',(1.,0.,0.));
#6497 = PCURVE('',#6498,#6503);
#6498 = CYLINDRICAL_SURFACE('',#6499,1.5);
#6499 = AXIS2_PLACEMENT_3D('',#6500,#6501,#6502);
#6500 = CARTESIAN_POINT('',(21.,-21.2,20.));
#6501 = DIRECTION('',(0.,-1.,2.22044604925E-16));
#6502 = DIRECTION('',(1.,0.,0.));
#6503 = DEFINITIONAL_REPRESENTATION('',(#6504),#6508);
#6504 = LINE('',#6505,#6506);
#6505 = CARTESIAN_POINT('',(0.,5.3));
#6506 = VECTOR('',#6507,1.);
#6507 = DIRECTION('',(1.,0.));
#6508 = ( GEOMETRIC_REPRESENTATION_CONTEXT(2) 
PARAMETRIC_REPRESENTATION_CONTEXT() REPRESENTATION_CONTEXT('2D SPACE',''
  ) );
#6509 = PCURVE('',#6510,#6515);
#6510 = PLANE('',#6511);
#6511 = AXIS2_PLACEMENT_3D('',#6512,#6513,#6514);
#6512 = CARTESIAN_POINT('',(21.,-26.5,20.));
#6513 = DIRECTION('',(0.,-1.,2.22044604925E-16));
#6514 = DIRECTION('',(1.,0.,0.));
#6515 = DEFINITIONAL_REPRESENTATION('',(#6516),#6520);
#6516 = CIRCLE('',#6517,1.5);
#6517 = AXIS2_PLACEMENT_2D('',#6518,#6519);
#6518 = CARTESIAN_POINT('',(0.,0.));
#6519 = DIRECTION('',(1.,0.));
#6520 = ( GEOMETRIC_REPRESENTATION_CONTEXT(2) 
PARAMETRIC_REPRESENTATION_CONTEXT() REPRESENTATION_CONTEXT('2D SPACE',''
  ) );
#6521 = ORIENTED_EDGE('',*,*,#6522,.F.);
#6522 = EDGE_CURVE('',#6523,#6489,#6525,.T.);
#6523 = VERTEX_POINT('',#6524);
#6524 = CARTESIAN_POINT('',(22.5,-21.2,20.));
#6525 = SEAM_CURVE('',#6526,(#6530,#6537),.PCURVE_S1.);
#6526 = LINE('',#6527,#6528);
#6527 = CARTESIAN_POINT('',(22.5,-21.2,20.));
#6528 = VECTOR('',#6529,1.);
#6529 = DIRECTION('',(0.,-1.,2.22044604925E-16));
#6530 = PCURVE('',#6498,#6531);
#6531 = DEFINITIONAL_REPRESENTATION('',(#6532),#6536);
#6532 = LINE('',#6533,#6534);
#6533 = CARTESIAN_POINT('',(6.28318530718,-0.));
#6534 = VECTOR('',#6535,1.);
#6535 = DIRECTION('',(0.,1.));
#6536 = ( GEOMETRIC_REPRESENTATION_CONTEXT(2) 
PARAMETRIC_REPRESENTATION_CONTEXT() REPRESENTATION_CONTEXT('2D SPACE',''
  ) );
#6537 = PCURVE('',#6498,#6538);
#6538 = DEFINITIONAL_REPRESENTATION('',(#6539),#6543);
#6539 = LINE('',#6540,#6541);
#6540 = CARTESIAN_POINT('',(0.,-0.));
#6541 = VECTOR('',#6542,1.);
#6542 = DIRECTION('',(0.,1.));
#6543 = ( GEOMETRIC_REPRESENTATION_CONTEXT(2) 
PARAMETRIC_REPRESENTATION_CONTEXT() REPRESENTATION_CONTEXT('2D SPACE',''
  ) );
#6544 = ORIENTED_EDGE('',*,*,#6545,.T.);
#6545 = EDGE_CURVE('',#6523,#6523,#6546,.T.);
#6546 = SURFACE_CURVE('',#6547,(#6552,#6559),.PCURVE_S1.);
#6547 = CIRCLE('',#6548,1.5);
#6548 = AXIS2_PLACEMENT_3D('',#6549,#6550,#6551);
#6549 = CARTESIAN_POINT('',(21.,-21.2,20.));
#6550 = DIRECTION('',(0.,-1.,2.22044604925E-16));
#6551 = DIRECTION('',(1.,0.,0.));
#6552 = PCURVE('',#6498,#6553);
#6553 = DEFINITIONAL_REPRESENTATION('',(#6554),#6558);
#6554 = LINE('',#6555,#6556);
#6555 = CARTESIAN_POINT('',(0.,0.));
#6556 = VECTOR('',#6557,1.);
#6557 = DIRECTION('',(1.,0.));
#6558 = ( GEOMETRIC_REPRESENTATION_CONTEXT(2) 
PARAMETRIC_REPRESENTATION_CONTEXT() REPRESENTATION_CONTEXT('2D SPACE',''
  ) );
#6559 = PCURVE('',#6560,#6565);
#6560 = PLANE('',#6561);
#6561 = AXIS2_PLACEMENT_3D('',#6562,#6563,#6564);
#6562 = CARTESIAN_POINT('',(21.,-21.2,20.));
#6563 = DIRECTION('',(0.,-1.,2.22044604925E-16));
#6564 = DIRECTION('',(1.,0.,0.));
#6565 = DEFINITIONAL_REPRESENTATION('',(#6566),#6570);
#6566 = CIRCLE('',#6567,1.5);
#6567 = AXIS2_PLACEMENT_2D('',#6568,#6569);
#6568 = CARTESIAN_POINT('',(0.,0.));
#6569 = DIRECTION('',(1.,0.));
#6570 = ( GEOMETRIC_REPRESENTATION_CONTEXT(2) 
PARAMETRIC_REPRESENTATION_CONTEXT() REPRESENTATION_CONTEXT('2D SPACE',''
  ) );
#6571 = ORIENTED_EDGE('',*,*,#6522,.T.);
#6572 = ADVANCED_FACE('',(#6573),#6510,.T.);
#6573 = FACE_BOUND('',#6574,.T.);
#6574 = EDGE_LOOP('',(#6575));
#6575 = ORIENTED_EDGE('',*,*,#6488,.T.);
#6576 = ADVANCED_FACE('',(#6577),#6560,.F.);
#6577 = FACE_BOUND('',#6578,.T.);
#6578 = EDGE_LOOP('',(#6579));
#6579 = ORIENTED_EDGE('',*,*,#6545,.F.);
#6580 = MANIFOLD_SOLID_BREP('',#6581);
#6581 = CLOSED_SHELL('',(#6582,#6702,#7093,#7140,#7451,#7478,#7505,#7532
    ,#7557,#7584,#7611,#7636,#7663,#7690,#7697,#7724,#7751));
#6582 = ADVANCED_FACE('',(#6583),#6597,.F.);
#6583 = FACE_BOUND('',#6584,.F.);
#6584 = EDGE_LOOP('',(#6585,#6620,#6648,#6676));
#6585 = ORIENTED_EDGE('',*,*,#6586,.F.);
#6586 = EDGE_CURVE('',#6587,#6589,#6591,.T.);
#6587 = VERTEX_POINT('',#6588);
#6588 = CARTESIAN_POINT('',(-29.5,-15.8,-22.));
#6589 = VERTEX_POINT('',#6590);
#6590 = CARTESIAN_POINT('',(-29.5,-15.8,22.));
#6591 = SURFACE_CURVE('',#6592,(#6596,#6608),.PCURVE_S1.);
#6592 = LINE('',#6593,#6594);
#6593 = CARTESIAN_POINT('',(-29.5,-15.8,-23.5));
#6594 = VECTOR('',#6595,1.);
#6595 = DIRECTION('',(0.,0.,1.));
#6596 = PCURVE('',#6597,#6602);
#6597 = PLANE('',#6598);
#6598 = AXIS2_PLACEMENT_3D('',#6599,#6600,#6601);
#6599 = CARTESIAN_POINT('',(-29.5,-15.8,-23.5));
#6600 = DIRECTION('',(1.,0.,-0.));
#6601 = DIRECTION('',(0.,0.,1.));
#6602 = DEFINITIONAL_REPRESENTATION('',(#6603),#6607);
#6603 = LINE('',#6604,#6605);
#6604 = CARTESIAN_POINT('',(0.,0.));
#6605 = VECTOR('',#6606,1.);
#6606 = DIRECTION('',(1.,0.));
#6607 = ( GEOMETRIC_REPRESENTATION_CONTEXT(2) 
PARAMETRIC_REPRESENTATION_CONTEXT() REPRESENTATION_CONTEXT('2D SPACE',''
  ) );
#6608 = PCURVE('',#6609,#6614);
#6609 = PLANE('',#6610);
#6610 = AXIS2_PLACEMENT_3D('',#6611,#6612,#6613);
#6611 = CARTESIAN_POINT('',(-29.5,-15.8,-23.5));
#6612 = DIRECTION('',(-0.,1.,0.));
#6613 = DIRECTION('',(0.,0.,1.));
#6614 = DEFINITIONAL_REPRESENTATION('',(#6615),#6619);
#6615 = LINE('',#6616,#6617);
#6616 = CARTESIAN_POINT('',(0.,0.));
#6617 = VECTOR('',#6618,1.);
#6618 = DIRECTION('',(1.,0.));
#6619 = ( GEOMETRIC_REPRESENTATION_CONTEXT(2) 
PARAMETRIC_REPRESENTATION_CONTEXT() REPRESENTATION_CONTEXT('2D SPACE',''
  ) );
#6620 = ORIENTED_EDGE('',*,*,#6621,.T.);
#6621 = EDGE_CURVE('',#6587,#6622,#6624,.T.);
#6622 = VERTEX_POINT('',#6623);
#6623 = CARTESIAN_POINT('',(-29.5,-14.2,-22.));
#6624 = SURFACE_CURVE('',#6625,(#6629,#6636),.PCURVE_S1.);
#6625 = LINE('',#6626,#6627);
#6626 = CARTESIAN_POINT('',(-29.5,-16.8,-22.));
#6627 = VECTOR('',#6628,1.);
#6628 = DIRECTION('',(0.,1.,0.));
#6629 = PCURVE('',#6597,#6630);
#6630 = DEFINITIONAL_REPRESENTATION('',(#6631),#6635);
#6631 = LINE('',#6632,#6633);
#6632 = CARTESIAN_POINT('',(1.5,1.));
#6633 = VECTOR('',#6634,1.);
#6634 = DIRECTION('',(0.,-1.));
#6635 = ( GEOMETRIC_REPRESENTATION_CONTEXT(2) 
PARAMETRIC_REPRESENTATION_CONTEXT() REPRESENTATION_CONTEXT('2D SPACE',''
  ) );
#6636 = PCURVE('',#6637,#6642);
#6637 = PLANE('',#6638);
#6638 = AXIS2_PLACEMENT_3D('',#6639,#6640,#6641);
#6639 = CARTESIAN_POINT('',(-29.5,-16.8,-22.));
#6640 = DIRECTION('',(0.707106781187,0.,0.707106781187));
#6641 = DIRECTION('',(0.707106781187,0.,-0.707106781187));
#6642 = DEFINITIONAL_REPRESENTATION('',(#6643),#6647);
#6643 = LINE('',#6644,#6645);
#6644 = CARTESIAN_POINT('',(0.,0.));
#6645 = VECTOR('',#6646,1.);
#6646 = DIRECTION('',(0.,1.));
#6647 = ( GEOMETRIC_REPRESENTATION_CONTEXT(2) 
PARAMETRIC_REPRESENTATION_CONTEXT() REPRESENTATION_CONTEXT('2D SPACE',''
  ) );
#6648 = ORIENTED_EDGE('',*,*,#6649,.T.);
#6649 = EDGE_CURVE('',#6622,#6650,#6652,.T.);
#6650 = VERTEX_POINT('',#6651);
#6651 = CARTESIAN_POINT('',(-29.5,-14.2,22.));
#6652 = SURFACE_CURVE('',#6653,(#6657,#6664),.PCURVE_S1.);
#6653 = LINE('',#6654,#6655);
#6654 = CARTESIAN_POINT('',(-29.5,-14.2,-23.5));
#6655 = VECTOR('',#6656,1.);
#6656 = DIRECTION('',(0.,0.,1.));
#6657 = PCURVE('',#6597,#6658);
#6658 = DEFINITIONAL_REPRESENTATION('',(#6659),#6663);
#6659 = LINE('',#6660,#6661);
#6660 = CARTESIAN_POINT('',(0.,-1.6));
#6661 = VECTOR('',#6662,1.);
#6662 = DIRECTION('',(1.,0.));
#6663 = ( GEOMETRIC_REPRESENTATION_CONTEXT(2) 
PARAMETRIC_REPRESENTATION_CONTEXT() REPRESENTATION_CONTEXT('2D SPACE',''
  ) );
#6664 = PCURVE('',#6665,#6670);
#6665 = PLANE('',#6666);
#6666 = AXIS2_PLACEMENT_3D('',#6667,#6668,#6669);
#6667 = CARTESIAN_POINT('',(-29.5,-14.2,-23.5));
#6668 = DIRECTION('',(-0.,1.,0.));
#6669 = DIRECTION('',(0.,0.,1.));
#6670 = DEFINITIONAL_REPRESENTATION('',(#6671),#6675);
#6671 = LINE('',#6672,#6673);
#6672 = CARTESIAN_POINT('',(0.,0.));
#6673 = VECTOR('',#6674,1.);
#6674 = DIRECTION('',(1.,0.));
#6675 = ( GEOMETRIC_REPRESENTATION_CONTEXT(2) 
PARAMETRIC_REPRESENTATION_CONTEXT() REPRESENTATION_CONTEXT('2D SPACE',''
  ) );
#6676 = ORIENTED_EDGE('',*,*,#6677,.F.);
#6677 = EDGE_CURVE('',#6589,#6650,#6678,.T.);
#6678 = SURFACE_CURVE('',#6679,(#6683,#6690),.PCURVE_S1.);
#6679 = LINE('',#6680,#6681);
#6680 = CARTESIAN_POINT('',(-29.5,-16.8,22.));
#6681 = VECTOR('',#6682,1.);
#6682 = DIRECTION('',(0.,1.,0.));
#6683 = PCURVE('',#6597,#6684);
#6684 = DEFINITIONAL_REPRESENTATION('',(#6685),#6689);
#6685 = LINE('',#6686,#6687);
#6686 = CARTESIAN_POINT('',(45.5,1.));
#6687 = VECTOR('',#6688,1.);
#6688 = DIRECTION('',(0.,-1.));
#6689 = ( GEOMETRIC_REPRESENTATION_CONTEXT(2) 
PARAMETRIC_REPRESENTATION_CONTEXT() REPRESENTATION_CONTEXT('2D SPACE',''
  ) );
#6690 = PCURVE('',#6691,#6696);
#6691 = PLANE('',#6692);
#6692 = AXIS2_PLACEMENT_3D('',#6693,#6694,#6695);
#6693 = CARTESIAN_POINT('',(-29.5,-16.8,22.));
#6694 = DIRECTION('',(0.707106781187,0.,-0.707106781187));
#6695 = DIRECTION('',(0.707106781187,0.,0.707106781187));
#6696 = DEFINITIONAL_REPRESENTATION('',(#6697),#6701);
#6697 = LINE('',#6698,#6699);
#6698 = CARTESIAN_POINT('',(0.,0.));
#6699 = VECTOR('',#6700,1.);
#6700 = DIRECTION('',(0.,-1.));
#6701 = ( GEOMETRIC_REPRESENTATION_CONTEXT(2) 
PARAMETRIC_REPRESENTATION_CONTEXT() REPRESENTATION_CONTEXT('2D SPACE',''
  ) );
#6702 = ADVANCED_FACE('',(#6703,#6988,#7023,#7058),#6609,.F.);
#6703 = FACE_BOUND('',#6704,.F.);
#6704 = EDGE_LOOP('',(#6705,#6735,#6754,#6755,#6776,#6804,#6830,#6858,
    #6884,#6910,#6936,#6964));
#6705 = ORIENTED_EDGE('',*,*,#6706,.F.);
#6706 = EDGE_CURVE('',#6707,#6709,#6711,.T.);
#6707 = VERTEX_POINT('',#6708);
#6708 = CARTESIAN_POINT('',(-28.,-15.8,-23.5));
#6709 = VERTEX_POINT('',#6710);
#6710 = CARTESIAN_POINT('',(28.,-15.8,-23.5));
#6711 = SURFACE_CURVE('',#6712,(#6716,#6723),.PCURVE_S1.);
#6712 = LINE('',#6713,#6714);
#6713 = CARTESIAN_POINT('',(-29.5,-15.8,-23.5));
#6714 = VECTOR('',#6715,1.);
#6715 = DIRECTION('',(1.,0.,-0.));
#6716 = PCURVE('',#6609,#6717);
#6717 = DEFINITIONAL_REPRESENTATION('',(#6718),#6722);
#6718 = LINE('',#6719,#6720);
#6719 = CARTESIAN_POINT('',(0.,0.));
#6720 = VECTOR('',#6721,1.);
#6721 = DIRECTION('',(0.,1.));
#6722 = ( GEOMETRIC_REPRESENTATION_CONTEXT(2) 
PARAMETRIC_REPRESENTATION_CONTEXT() REPRESENTATION_CONTEXT('2D SPACE',''
  ) );
#6723 = PCURVE('',#6724,#6729);
#6724 = PLANE('',#6725);
#6725 = AXIS2_PLACEMENT_3D('',#6726,#6727,#6728);
#6726 = CARTESIAN_POINT('',(-29.5,-15.8,-23.5));
#6727 = DIRECTION('',(0.,0.,1.));
#6728 = DIRECTION('',(1.,0.,-0.));
#6729 = DEFINITIONAL_REPRESENTATION('',(#6730),#6734);
#6730 = LINE('',#6731,#6732);
#6731 = CARTESIAN_POINT('',(0.,0.));
#6732 = VECTOR('',#6733,1.);
#6733 = DIRECTION('',(1.,0.));
#6734 = ( GEOMETRIC_REPRESENTATION_CONTEXT(2) 
PARAMETRIC_REPRESENTATION_CONTEXT() REPRESENTATION_CONTEXT('2D SPACE',''
  ) );
#6735 = ORIENTED_EDGE('',*,*,#6736,.F.);
#6736 = EDGE_CURVE('',#6587,#6707,#6737,.T.);
#6737 = SURFACE_CURVE('',#6738,(#6742,#6748),.PCURVE_S1.);
#6738 = LINE('',#6739,#6740);
#6739 = CARTESIAN_POINT('',(-29.125,-15.8,-22.375));
#6740 = VECTOR('',#6741,1.);
#6741 = DIRECTION('',(0.707106781187,0.,-0.707106781187));
#6742 = PCURVE('',#6609,#6743);
#6743 = DEFINITIONAL_REPRESENTATION('',(#6744),#6747);
#6744 = B_SPLINE_CURVE_WITH_KNOTS('',1,(#6745,#6746),.UNSPECIFIED.,.F.,
  .F.,(2,2),(-0.53033008589,1.59099025767),.PIECEWISE_BEZIER_KNOTS.);
#6745 = CARTESIAN_POINT('',(1.5,3.608224830032E-15));
#6746 = CARTESIAN_POINT('',(3.10862446895E-15,1.5));
#6747 = ( GEOMETRIC_REPRESENTATION_CONTEXT(2) 
PARAMETRIC_REPRESENTATION_CONTEXT() REPRESENTATION_CONTEXT('2D SPACE',''
  ) );
#6748 = PCURVE('',#6637,#6749);
#6749 = DEFINITIONAL_REPRESENTATION('',(#6750),#6753);
#6750 = B_SPLINE_CURVE_WITH_KNOTS('',1,(#6751,#6752),.UNSPECIFIED.,.F.,
  .F.,(2,2),(-0.53033008589,1.59099025767),.PIECEWISE_BEZIER_KNOTS.);
#6751 = CARTESIAN_POINT('',(0.,1.));
#6752 = CARTESIAN_POINT('',(2.12132034356,1.));
#6753 = ( GEOMETRIC_REPRESENTATION_CONTEXT(2) 
PARAMETRIC_REPRESENTATION_CONTEXT() REPRESENTATION_CONTEXT('2D SPACE',''
  ) );
#6754 = ORIENTED_EDGE('',*,*,#6586,.T.);
#6755 = ORIENTED_EDGE('',*,*,#6756,.F.);
#6756 = EDGE_CURVE('',#6757,#6589,#6759,.T.);
#6757 = VERTEX_POINT('',#6758);
#6758 = CARTESIAN_POINT('',(-28.,-15.8,23.5));
#6759 = SURFACE_CURVE('',#6760,(#6764,#6770),.PCURVE_S1.);
#6760 = LINE('',#6761,#6762);
#6761 = CARTESIAN_POINT('',(-40.875,-15.8,10.625));
#6762 = VECTOR('',#6763,1.);
#6763 = DIRECTION('',(-0.707106781187,0.,-0.707106781187));
#6764 = PCURVE('',#6609,#6765);
#6765 = DEFINITIONAL_REPRESENTATION('',(#6766),#6769);
#6766 = B_SPLINE_CURVE_WITH_KNOTS('',1,(#6767,#6768),.UNSPECIFIED.,.F.,
  .F.,(2,2),(-18.20799961555,-16.08667927199),.PIECEWISE_BEZIER_KNOTS.);
#6767 = CARTESIAN_POINT('',(47.,1.5));
#6768 = CARTESIAN_POINT('',(45.5,1.7763568394E-15));
#6769 = ( GEOMETRIC_REPRESENTATION_CONTEXT(2) 
PARAMETRIC_REPRESENTATION_CONTEXT() REPRESENTATION_CONTEXT('2D SPACE',''
  ) );
#6770 = PCURVE('',#6691,#6771);
#6771 = DEFINITIONAL_REPRESENTATION('',(#6772),#6775);
#6772 = B_SPLINE_CURVE_WITH_KNOTS('',1,(#6773,#6774),.UNSPECIFIED.,.F.,
  .F.,(2,2),(-18.20799961555,-16.08667927199),.PIECEWISE_BEZIER_KNOTS.);
#6773 = CARTESIAN_POINT('',(2.12132034356,-1.));
#6774 = CARTESIAN_POINT('',(3.552713678801E-15,-1.));
#6775 = ( GEOMETRIC_REPRESENTATION_CONTEXT(2) 
PARAMETRIC_REPRESENTATION_CONTEXT() REPRESENTATION_CONTEXT('2D SPACE',''
  ) );
#6776 = ORIENTED_EDGE('',*,*,#6777,.T.);
#6777 = EDGE_CURVE('',#6757,#6778,#6780,.T.);
#6778 = VERTEX_POINT('',#6779);
#6779 = CARTESIAN_POINT('',(28.,-15.8,23.5));
#6780 = SURFACE_CURVE('',#6781,(#6785,#6792),.PCURVE_S1.);
#6781 = LINE('',#6782,#6783);
#6782 = CARTESIAN_POINT('',(-29.5,-15.8,23.5));
#6783 = VECTOR('',#6784,1.);
#6784 = DIRECTION('',(1.,0.,-0.));
#6785 = PCURVE('',#6609,#6786);
#6786 = DEFINITIONAL_REPRESENTATION('',(#6787),#6791);
#6787 = LINE('',#6788,#6789);
#6788 = CARTESIAN_POINT('',(47.,0.));
#6789 = VECTOR('',#6790,1.);
#6790 = DIRECTION('',(0.,1.));
#6791 = ( GEOMETRIC_REPRESENTATION_CONTEXT(2) 
PARAMETRIC_REPRESENTATION_CONTEXT() REPRESENTATION_CONTEXT('2D SPACE',''
  ) );
#6792 = PCURVE('',#6793,#6798);
#6793 = PLANE('',#6794);
#6794 = AXIS2_PLACEMENT_3D('',#6795,#6796,#6797);
#6795 = CARTESIAN_POINT('',(-29.5,-15.8,23.5));
#6796 = DIRECTION('',(0.,0.,1.));
#6797 = DIRECTION('',(1.,0.,-0.));
#6798 = DEFINITIONAL_REPRESENTATION('',(#6799),#6803);
#6799 = LINE('',#6800,#6801);
#6800 = CARTESIAN_POINT('',(0.,0.));
#6801 = VECTOR('',#6802,1.);
#6802 = DIRECTION('',(1.,0.));
#6803 = ( GEOMETRIC_REPRESENTATION_CONTEXT(2) 
PARAMETRIC_REPRESENTATION_CONTEXT() REPRESENTATION_CONTEXT('2D SPACE',''
  ) );
#6804 = ORIENTED_EDGE('',*,*,#6805,.T.);
#6805 = EDGE_CURVE('',#6778,#6806,#6808,.T.);
#6806 = VERTEX_POINT('',#6807);
#6807 = CARTESIAN_POINT('',(29.5,-15.8,22.));
#6808 = SURFACE_CURVE('',#6809,(#6813,#6819),.PCURVE_S1.);
#6809 = LINE('',#6810,#6811);
#6810 = CARTESIAN_POINT('',(25.375,-15.8,26.125));
#6811 = VECTOR('',#6812,1.);
#6812 = DIRECTION('',(0.707106781187,0.,-0.707106781187));
#6813 = PCURVE('',#6609,#6814);
#6814 = DEFINITIONAL_REPRESENTATION('',(#6815),#6818);
#6815 = B_SPLINE_CURVE_WITH_KNOTS('',1,(#6816,#6817),.UNSPECIFIED.,.F.,
  .F.,(2,2),(3.712310601229,5.833630944789),.PIECEWISE_BEZIER_KNOTS.);
#6816 = CARTESIAN_POINT('',(47.,57.5));
#6817 = CARTESIAN_POINT('',(45.5,59.));
#6818 = ( GEOMETRIC_REPRESENTATION_CONTEXT(2) 
PARAMETRIC_REPRESENTATION_CONTEXT() REPRESENTATION_CONTEXT('2D SPACE',''
  ) );
#6819 = PCURVE('',#6820,#6825);
#6820 = PLANE('',#6821);
#6821 = AXIS2_PLACEMENT_3D('',#6822,#6823,#6824);
#6822 = CARTESIAN_POINT('',(28.,-16.8,23.5));
#6823 = DIRECTION('',(0.707106781187,0.,0.707106781187));
#6824 = DIRECTION('',(0.707106781187,0.,-0.707106781187));
#6825 = DEFINITIONAL_REPRESENTATION('',(#6826),#6829);
#6826 = B_SPLINE_CURVE_WITH_KNOTS('',1,(#6827,#6828),.UNSPECIFIED.,.F.,
  .F.,(2,2),(3.712310601229,5.833630944789),.PIECEWISE_BEZIER_KNOTS.);
#6827 = CARTESIAN_POINT('',(2.22044604925E-15,1.));
#6828 = CARTESIAN_POINT('',(2.12132034356,1.));
#6829 = ( GEOMETRIC_REPRESENTATION_CONTEXT(2) 
PARAMETRIC_REPRESENTATION_CONTEXT() REPRESENTATION_CONTEXT('2D SPACE',''
  ) );
#6830 = ORIENTED_EDGE('',*,*,#6831,.F.);
#6831 = EDGE_CURVE('',#6832,#6806,#6834,.T.);
#6832 = VERTEX_POINT('',#6833);
#6833 = CARTESIAN_POINT('',(29.5,-15.8,-8.));
#6834 = SURFACE_CURVE('',#6835,(#6839,#6846),.PCURVE_S1.);
#6835 = LINE('',#6836,#6837);
#6836 = CARTESIAN_POINT('',(29.5,-15.8,-23.5));
#6837 = VECTOR('',#6838,1.);
#6838 = DIRECTION('',(0.,0.,1.));
#6839 = PCURVE('',#6609,#6840);
#6840 = DEFINITIONAL_REPRESENTATION('',(#6841),#6845);
#6841 = LINE('',#6842,#6843);
#6842 = CARTESIAN_POINT('',(0.,59.));
#6843 = VECTOR('',#6844,1.);
#6844 = DIRECTION('',(1.,0.));
#6845 = ( GEOMETRIC_REPRESENTATION_CONTEXT(2) 
PARAMETRIC_REPRESENTATION_CONTEXT() REPRESENTATION_CONTEXT('2D SPACE',''
  ) );
#6846 = PCURVE('',#6847,#6852);
#6847 = PLANE('',#6848);
#6848 = AXIS2_PLACEMENT_3D('',#6849,#6850,#6851);
#6849 = CARTESIAN_POINT('',(29.5,-15.8,-23.5));
#6850 = DIRECTION('',(1.,0.,-0.));
#6851 = DIRECTION('',(0.,0.,1.));
#6852 = DEFINITIONAL_REPRESENTATION('',(#6853),#6857);
#6853 = LINE('',#6854,#6855);
#6854 = CARTESIAN_POINT('',(0.,0.));
#6855 = VECTOR('',#6856,1.);
#6856 = DIRECTION('',(1.,0.));
#6857 = ( GEOMETRIC_REPRESENTATION_CONTEXT(2) 
PARAMETRIC_REPRESENTATION_CONTEXT() REPRESENTATION_CONTEXT('2D SPACE',''
  ) );
#6858 = ORIENTED_EDGE('',*,*,#6859,.F.);
#6859 = EDGE_CURVE('',#6860,#6832,#6862,.T.);
#6860 = VERTEX_POINT('',#6861);
#6861 = CARTESIAN_POINT('',(26.5,-15.8,-8.));
#6862 = SURFACE_CURVE('',#6863,(#6867,#6873),.PCURVE_S1.);
#6863 = LINE('',#6864,#6865);
#6864 = CARTESIAN_POINT('',(-1.5,-15.8,-8.));
#6865 = VECTOR('',#6866,1.);
#6866 = DIRECTION('',(1.,0.,-0.));
#6867 = PCURVE('',#6609,#6868);
#6868 = DEFINITIONAL_REPRESENTATION('',(#6869),#6872);
#6869 = B_SPLINE_CURVE_WITH_KNOTS('',1,(#6870,#6871),.UNSPECIFIED.,.F.,
  .F.,(2,2),(28.,31.),.PIECEWISE_BEZIER_KNOTS.);
#6870 = CARTESIAN_POINT('',(15.5,56.));
#6871 = CARTESIAN_POINT('',(15.5,59.));
#6872 = ( GEOMETRIC_REPRESENTATION_CONTEXT(2) 
PARAMETRIC_REPRESENTATION_CONTEXT() REPRESENTATION_CONTEXT('2D SPACE',''
  ) );
#6873 = PCURVE('',#6874,#6879);
#6874 = PLANE('',#6875);
#6875 = AXIS2_PLACEMENT_3D('',#6876,#6877,#6878);
#6876 = CARTESIAN_POINT('',(26.5,-17.,-8.));
#6877 = DIRECTION('',(0.,0.,1.));
#6878 = DIRECTION('',(1.,0.,-0.));
#6879 = DEFINITIONAL_REPRESENTATION('',(#6880),#6883);
#6880 = B_SPLINE_CURVE_WITH_KNOTS('',1,(#6881,#6882),.UNSPECIFIED.,.F.,
  .F.,(2,2),(28.,31.),.PIECEWISE_BEZIER_KNOTS.);
#6881 = CARTESIAN_POINT('',(0.,1.2));
#6882 = CARTESIAN_POINT('',(3.,1.2));
#6883 = ( GEOMETRIC_REPRESENTATION_CONTEXT(2) 
PARAMETRIC_REPRESENTATION_CONTEXT() REPRESENTATION_CONTEXT('2D SPACE',''
  ) );
#6884 = ORIENTED_EDGE('',*,*,#6885,.T.);
#6885 = EDGE_CURVE('',#6860,#6886,#6888,.T.);
#6886 = VERTEX_POINT('',#6887);
#6887 = CARTESIAN_POINT('',(26.5,-15.8,-12.));
#6888 = SURFACE_CURVE('',#6889,(#6893,#6899),.PCURVE_S1.);
#6889 = LINE('',#6890,#6891);
#6890 = CARTESIAN_POINT('',(26.5,-15.8,-17.75));
#6891 = VECTOR('',#6892,1.);
#6892 = DIRECTION('',(-0.,0.,-1.));
#6893 = PCURVE('',#6609,#6894);
#6894 = DEFINITIONAL_REPRESENTATION('',(#6895),#6898);
#6895 = B_SPLINE_CURVE_WITH_KNOTS('',1,(#6896,#6897),.UNSPECIFIED.,.F.,
  .F.,(2,2),(-9.75,-5.75),.PIECEWISE_BEZIER_KNOTS.);
#6896 = CARTESIAN_POINT('',(15.5,56.));
#6897 = CARTESIAN_POINT('',(11.5,56.));
#6898 = ( GEOMETRIC_REPRESENTATION_CONTEXT(2) 
PARAMETRIC_REPRESENTATION_CONTEXT() REPRESENTATION_CONTEXT('2D SPACE',''
  ) );
#6899 = PCURVE('',#6900,#6905);
#6900 = PLANE('',#6901);
#6901 = AXIS2_PLACEMENT_3D('',#6902,#6903,#6904);
#6902 = CARTESIAN_POINT('',(26.5,-17.,-12.));
#6903 = DIRECTION('',(1.,0.,-0.));
#6904 = DIRECTION('',(0.,0.,1.));
#6905 = DEFINITIONAL_REPRESENTATION('',(#6906),#6909);
#6906 = B_SPLINE_CURVE_WITH_KNOTS('',1,(#6907,#6908),.UNSPECIFIED.,.F.,
  .F.,(2,2),(-9.75,-5.75),.PIECEWISE_BEZIER_KNOTS.);
#6907 = CARTESIAN_POINT('',(4.,-1.2));
#6908 = CARTESIAN_POINT('',(0.,-1.2));
#6909 = ( GEOMETRIC_REPRESENTATION_CONTEXT(2) 
PARAMETRIC_REPRESENTATION_CONTEXT() REPRESENTATION_CONTEXT('2D SPACE',''
  ) );
#6910 = ORIENTED_EDGE('',*,*,#6911,.T.);
#6911 = EDGE_CURVE('',#6886,#6912,#6914,.T.);
#6912 = VERTEX_POINT('',#6913);
#6913 = CARTESIAN_POINT('',(29.5,-15.8,-12.));
#6914 = SURFACE_CURVE('',#6915,(#6919,#6925),.PCURVE_S1.);
#6915 = LINE('',#6916,#6917);
#6916 = CARTESIAN_POINT('',(-1.5,-15.8,-12.));
#6917 = VECTOR('',#6918,1.);
#6918 = DIRECTION('',(1.,0.,-0.));
#6919 = PCURVE('',#6609,#6920);
#6920 = DEFINITIONAL_REPRESENTATION('',(#6921),#6924);
#6921 = B_SPLINE_CURVE_WITH_KNOTS('',1,(#6922,#6923),.UNSPECIFIED.,.F.,
  .F.,(2,2),(28.,31.),.PIECEWISE_BEZIER_KNOTS.);
#6922 = CARTESIAN_POINT('',(11.5,56.));
#6923 = CARTESIAN_POINT('',(11.5,59.));
#6924 = ( GEOMETRIC_REPRESENTATION_CONTEXT(2) 
PARAMETRIC_REPRESENTATION_CONTEXT() REPRESENTATION_CONTEXT('2D SPACE',''
  ) );
#6925 = PCURVE('',#6926,#6931);
#6926 = PLANE('',#6927);
#6927 = AXIS2_PLACEMENT_3D('',#6928,#6929,#6930);
#6928 = CARTESIAN_POINT('',(26.5,-17.,-12.));
#6929 = DIRECTION('',(0.,0.,1.));
#6930 = DIRECTION('',(1.,0.,-0.));
#6931 = DEFINITIONAL_REPRESENTATION('',(#6932),#6935);
#6932 = B_SPLINE_CURVE_WITH_KNOTS('',1,(#6933,#6934),.UNSPECIFIED.,.F.,
  .F.,(2,2),(28.,31.),.PIECEWISE_BEZIER_KNOTS.);
#6933 = CARTESIAN_POINT('',(0.,1.2));
#6934 = CARTESIAN_POINT('',(3.,1.2));
#6935 = ( GEOMETRIC_REPRESENTATION_CONTEXT(2) 
PARAMETRIC_REPRESENTATION_CONTEXT() REPRESENTATION_CONTEXT('2D SPACE',''
  ) );
#6936 = ORIENTED_EDGE('',*,*,#6937,.F.);
#6937 = EDGE_CURVE('',#6938,#6912,#6940,.T.);
#6938 = VERTEX_POINT('',#6939);
#6939 = CARTESIAN_POINT('',(29.5,-15.8,-22.));
#6940 = SURFACE_CURVE('',#6941,(#6945,#6952),.PCURVE_S1.);
#6941 = LINE('',#6942,#6943);
#6942 = CARTESIAN_POINT('',(29.5,-15.8,-23.5));
#6943 = VECTOR('',#6944,1.);
#6944 = DIRECTION('',(0.,0.,1.));
#6945 = PCURVE('',#6609,#6946);
#6946 = DEFINITIONAL_REPRESENTATION('',(#6947),#6951);
#6947 = LINE('',#6948,#6949);
#6948 = CARTESIAN_POINT('',(0.,59.));
#6949 = VECTOR('',#6950,1.);
#6950 = DIRECTION('',(1.,0.));
#6951 = ( GEOMETRIC_REPRESENTATION_CONTEXT(2) 
PARAMETRIC_REPRESENTATION_CONTEXT() REPRESENTATION_CONTEXT('2D SPACE',''
  ) );
#6952 = PCURVE('',#6953,#6958);
#6953 = PLANE('',#6954);
#6954 = AXIS2_PLACEMENT_3D('',#6955,#6956,#6957);
#6955 = CARTESIAN_POINT('',(29.5,-15.8,-23.5));
#6956 = DIRECTION('',(1.,0.,-0.));
#6957 = DIRECTION('',(0.,0.,1.));
#6958 = DEFINITIONAL_REPRESENTATION('',(#6959),#6963);
#6959 = LINE('',#6960,#6961);
#6960 = CARTESIAN_POINT('',(0.,0.));
#6961 = VECTOR('',#6962,1.);
#6962 = DIRECTION('',(1.,0.));
#6963 = ( GEOMETRIC_REPRESENTATION_CONTEXT(2) 
PARAMETRIC_REPRESENTATION_CONTEXT() REPRESENTATION_CONTEXT('2D SPACE',''
  ) );
#6964 = ORIENTED_EDGE('',*,*,#6965,.T.);
#6965 = EDGE_CURVE('',#6938,#6709,#6966,.T.);
#6966 = SURFACE_CURVE('',#6967,(#6971,#6977),.PCURVE_S1.);
#6967 = LINE('',#6968,#6969);
#6968 = CARTESIAN_POINT('',(13.625,-15.8,-37.875));
#6969 = VECTOR('',#6970,1.);
#6970 = DIRECTION('',(-0.707106781187,0.,-0.707106781187));
#6971 = PCURVE('',#6609,#6972);
#6972 = DEFINITIONAL_REPRESENTATION('',(#6973),#6976);
#6973 = B_SPLINE_CURVE_WITH_KNOTS('',1,(#6974,#6975),.UNSPECIFIED.,.F.,
  .F.,(2,2),(-22.45064030267,-20.32931995911),.PIECEWISE_BEZIER_KNOTS.);
#6974 = CARTESIAN_POINT('',(1.5,59.));
#6975 = CARTESIAN_POINT('',(1.7763568394E-15,57.5));
#6976 = ( GEOMETRIC_REPRESENTATION_CONTEXT(2) 
PARAMETRIC_REPRESENTATION_CONTEXT() REPRESENTATION_CONTEXT('2D SPACE',''
  ) );
#6977 = PCURVE('',#6978,#6983);
#6978 = PLANE('',#6979);
#6979 = AXIS2_PLACEMENT_3D('',#6980,#6981,#6982);
#6980 = CARTESIAN_POINT('',(28.,-16.8,-23.5));
#6981 = DIRECTION('',(0.707106781187,0.,-0.707106781187));
#6982 = DIRECTION('',(0.707106781187,0.,0.707106781187));
#6983 = DEFINITIONAL_REPRESENTATION('',(#6984),#6987);
#6984 = B_SPLINE_CURVE_WITH_KNOTS('',1,(#6985,#6986),.UNSPECIFIED.,.F.,
  .F.,(2,2),(-22.45064030267,-20.32931995911),.PIECEWISE_BEZIER_KNOTS.);
#6985 = CARTESIAN_POINT('',(2.12132034356,-1.));
#6986 = CARTESIAN_POINT('',(3.552713678801E-15,-1.));
#6987 = ( GEOMETRIC_REPRESENTATION_CONTEXT(2) 
PARAMETRIC_REPRESENTATION_CONTEXT() REPRESENTATION_CONTEXT('2D SPACE',''
  ) );
#6988 = FACE_BOUND('',#6989,.F.);
#6989 = EDGE_LOOP('',(#6990));
#6990 = ORIENTED_EDGE('',*,*,#6991,.T.);
#6991 = EDGE_CURVE('',#6992,#6992,#6994,.T.);
#6992 = VERTEX_POINT('',#6993);
#6993 = CARTESIAN_POINT('',(-25.9,-15.8,21.));
#6994 = SURFACE_CURVE('',#6995,(#7000,#7011),.PCURVE_S1.);
#6995 = CIRCLE('',#6996,1.1);
#6996 = AXIS2_PLACEMENT_3D('',#6997,#6998,#6999);
#6997 = CARTESIAN_POINT('',(-27.,-15.8,21.));
#6998 = DIRECTION('',(0.,-1.,2.22044604925E-16));
#6999 = DIRECTION('',(1.,0.,0.));
#7000 = PCURVE('',#6609,#7001);
#7001 = DEFINITIONAL_REPRESENTATION('',(#7002),#7010);
#7002 = ( BOUNDED_CURVE() B_SPLINE_CURVE(2,(#7003,#7004,#7005,#7006,
#7007,#7008,#7009),.UNSPECIFIED.,.T.,.F.) B_SPLINE_CURVE_WITH_KNOTS((1,2
    ,2,2,2,1),(-2.094395102393,0.,2.094395102393,4.188790204786,
6.28318530718,8.377580409573),.UNSPECIFIED.) CURVE() 
GEOMETRIC_REPRESENTATION_ITEM() RATIONAL_B_SPLINE_CURVE((1.,0.5,1.,0.5,
1.,0.5,1.)) REPRESENTATION_ITEM('') );
#7003 = CARTESIAN_POINT('',(44.5,3.6));
#7004 = CARTESIAN_POINT('',(46.405255888326,3.6));
#7005 = CARTESIAN_POINT('',(45.452627944163,1.95));
#7006 = CARTESIAN_POINT('',(44.5,0.3));
#7007 = CARTESIAN_POINT('',(43.547372055837,1.95));
#7008 = CARTESIAN_POINT('',(42.594744111674,3.6));
#7009 = CARTESIAN_POINT('',(44.5,3.6));
#7010 = ( GEOMETRIC_REPRESENTATION_CONTEXT(2) 
PARAMETRIC_REPRESENTATION_CONTEXT() REPRESENTATION_CONTEXT('2D SPACE',''
  ) );
#7011 = PCURVE('',#7012,#7017);
#7012 = CYLINDRICAL_SURFACE('',#7013,1.1);
#7013 = AXIS2_PLACEMENT_3D('',#7014,#7015,#7016);
#7014 = CARTESIAN_POINT('',(-27.,-13.7,21.));
#7015 = DIRECTION('',(0.,-1.,2.22044604925E-16));
#7016 = DIRECTION('',(1.,0.,0.));
#7017 = DEFINITIONAL_REPRESENTATION('',(#7018),#7022);
#7018 = LINE('',#7019,#7020);
#7019 = CARTESIAN_POINT('',(0.,2.1));
#7020 = VECTOR('',#7021,1.);
#7021 = DIRECTION('',(1.,0.));
#7022 = ( GEOMETRIC_REPRESENTATION_CONTEXT(2) 
PARAMETRIC_REPRESENTATION_CONTEXT() REPRESENTATION_CONTEXT('2D SPACE',''
  ) );
#7023 = FACE_BOUND('',#7024,.F.);
#7024 = EDGE_LOOP('',(#7025));
#7025 = ORIENTED_EDGE('',*,*,#7026,.T.);
#7026 = EDGE_CURVE('',#7027,#7027,#7029,.T.);
#7027 = VERTEX_POINT('',#7028);
#7028 = CARTESIAN_POINT('',(28.1,-15.8,-21.));
#7029 = SURFACE_CURVE('',#7030,(#7035,#7046),.PCURVE_S1.);
#7030 = CIRCLE('',#7031,1.1);
#7031 = AXIS2_PLACEMENT_3D('',#7032,#7033,#7034);
#7032 = CARTESIAN_POINT('',(27.,-15.8,-21.));
#7033 = DIRECTION('',(0.,-1.,2.22044604925E-16));
#7034 = DIRECTION('',(1.,0.,0.));
#7035 = PCURVE('',#6609,#7036);
#7036 = DEFINITIONAL_REPRESENTATION('',(#7037),#7045);
#7037 = ( BOUNDED_CURVE() B_SPLINE_CURVE(2,(#7038,#7039,#7040,#7041,
#7042,#7043,#7044),.UNSPECIFIED.,.T.,.F.) B_SPLINE_CURVE_WITH_KNOTS((1,2
    ,2,2,2,1),(-2.094395102393,0.,2.094395102393,4.188790204786,
6.28318530718,8.377580409573),.UNSPECIFIED.) CURVE() 
GEOMETRIC_REPRESENTATION_ITEM() RATIONAL_B_SPLINE_CURVE((1.,0.5,1.,0.5,
1.,0.5,1.)) REPRESENTATION_ITEM('') );
#7038 = CARTESIAN_POINT('',(2.5,57.6));
#7039 = CARTESIAN_POINT('',(4.405255888326,57.6));
#7040 = CARTESIAN_POINT('',(3.452627944163,55.95));
#7041 = CARTESIAN_POINT('',(2.5,54.3));
#7042 = CARTESIAN_POINT('',(1.547372055837,55.95));
#7043 = CARTESIAN_POINT('',(0.594744111674,57.6));
#7044 = CARTESIAN_POINT('',(2.5,57.6));
#7045 = ( GEOMETRIC_REPRESENTATION_CONTEXT(2) 
PARAMETRIC_REPRESENTATION_CONTEXT() REPRESENTATION_CONTEXT('2D SPACE',''
  ) );
#7046 = PCURVE('',#7047,#7052);
#7047 = CYLINDRICAL_SURFACE('',#7048,1.1);
#7048 = AXIS2_PLACEMENT_3D('',#7049,#7050,#7051);
#7049 = CARTESIAN_POINT('',(27.,-13.7,-21.));
#7050 = DIRECTION('',(0.,-1.,2.22044604925E-16));
#7051 = DIRECTION('',(1.,0.,0.));
#7052 = DEFINITIONAL_REPRESENTATION('',(#7053),#7057);
#7053 = LINE('',#7054,#7055);
#7054 = CARTESIAN_POINT('',(0.,2.1));
#7055 = VECTOR('',#7056,1.);
#7056 = DIRECTION('',(1.,0.));
#7057 = ( GEOMETRIC_REPRESENTATION_CONTEXT(2) 
PARAMETRIC_REPRESENTATION_CONTEXT() REPRESENTATION_CONTEXT('2D SPACE',''
  ) );
#7058 = FACE_BOUND('',#7059,.F.);
#7059 = EDGE_LOOP('',(#7060));
#7060 = ORIENTED_EDGE('',*,*,#7061,.T.);
#7061 = EDGE_CURVE('',#7062,#7062,#7064,.T.);
#7062 = VERTEX_POINT('',#7063);
#7063 = CARTESIAN_POINT('',(28.1,-15.8,21.));
#7064 = SURFACE_CURVE('',#7065,(#7070,#7081),.PCURVE_S1.);
#7065 = CIRCLE('',#7066,1.1);
#7066 = AXIS2_PLACEMENT_3D('',#7067,#7068,#7069);
#7067 = CARTESIAN_POINT('',(27.,-15.8,21.));
#7068 = DIRECTION('',(0.,-1.,2.22044604925E-16));
#7069 = DIRECTION('',(1.,0.,0.));
#7070 = PCURVE('',#6609,#7071);
#7071 = DEFINITIONAL_REPRESENTATION('',(#7072),#7080);
#7072 = ( BOUNDED_CURVE() B_SPLINE_CURVE(2,(#7073,#7074,#7075,#7076,
#7077,#7078,#7079),.UNSPECIFIED.,.T.,.F.) B_SPLINE_CURVE_WITH_KNOTS((1,2
    ,2,2,2,1),(-2.094395102393,0.,2.094395102393,4.188790204786,
6.28318530718,8.377580409573),.UNSPECIFIED.) CURVE() 
GEOMETRIC_REPRESENTATION_ITEM() RATIONAL_B_SPLINE_CURVE((1.,0.5,1.,0.5,
1.,0.5,1.)) REPRESENTATION_ITEM('') );
#7073 = CARTESIAN_POINT('',(44.5,57.6));
#7074 = CARTESIAN_POINT('',(46.405255888326,57.6));
#7075 = CARTESIAN_POINT('',(45.452627944163,55.95));
#7076 = CARTESIAN_POINT('',(44.5,54.3));
#7077 = CARTESIAN_POINT('',(43.547372055837,55.95));
#7078 = CARTESIAN_POINT('',(42.594744111674,57.6));
#7079 = CARTESIAN_POINT('',(44.5,57.6));
#7080 = ( GEOMETRIC_REPRESENTATION_CONTEXT(2) 
PARAMETRIC_REPRESENTATION_CONTEXT() REPRESENTATION_CONTEXT('2D SPACE',''
  ) );
#7081 = PCURVE('',#7082,#7087);
#7082 = CYLINDRICAL_SURFACE('',#7083,1.1);
#7083 = AXIS2_PLACEMENT_3D('',#7084,#7085,#7086);
#7084 = CARTESIAN_POINT('',(27.,-13.7,21.));
#7085 = DIRECTION('',(0.,-1.,2.22044604925E-16));
#7086 = DIRECTION('',(1.,0.,0.));
#7087 = DEFINITIONAL_REPRESENTATION('',(#7088),#7092);
#7088 = LINE('',#7089,#7090);
#7089 = CARTESIAN_POINT('',(0.,2.1));
#7090 = VECTOR('',#7091,1.);
#7091 = DIRECTION('',(1.,0.));
#7092 = ( GEOMETRIC_REPRESENTATION_CONTEXT(2) 
PARAMETRIC_REPRESENTATION_CONTEXT() REPRESENTATION_CONTEXT('2D SPACE',''
  ) );
#7093 = ADVANCED_FACE('',(#7094),#6691,.F.);
#7094 = FACE_BOUND('',#7095,.F.);
#7095 = EDGE_LOOP('',(#7096,#7119,#7120,#7121));
#7096 = ORIENTED_EDGE('',*,*,#7097,.F.);
#7097 = EDGE_CURVE('',#6757,#7098,#7100,.T.);
#7098 = VERTEX_POINT('',#7099);
#7099 = CARTESIAN_POINT('',(-28.,-14.2,23.5));
#7100 = SURFACE_CURVE('',#7101,(#7105,#7112),.PCURVE_S1.);
#7101 = LINE('',#7102,#7103);
#7102 = CARTESIAN_POINT('',(-28.,-16.8,23.5));
#7103 = VECTOR('',#7104,1.);
#7104 = DIRECTION('',(0.,1.,0.));
#7105 = PCURVE('',#6691,#7106);
#7106 = DEFINITIONAL_REPRESENTATION('',(#7107),#7111);
#7107 = LINE('',#7108,#7109);
#7108 = CARTESIAN_POINT('',(2.12132034356,0.));
#7109 = VECTOR('',#7110,1.);
#7110 = DIRECTION('',(0.,-1.));
#7111 = ( GEOMETRIC_REPRESENTATION_CONTEXT(2) 
PARAMETRIC_REPRESENTATION_CONTEXT() REPRESENTATION_CONTEXT('2D SPACE',''
  ) );
#7112 = PCURVE('',#6793,#7113);
#7113 = DEFINITIONAL_REPRESENTATION('',(#7114),#7118);
#7114 = LINE('',#7115,#7116);
#7115 = CARTESIAN_POINT('',(1.5,-1.));
#7116 = VECTOR('',#7117,1.);
#7117 = DIRECTION('',(0.,1.));
#7118 = ( GEOMETRIC_REPRESENTATION_CONTEXT(2) 
PARAMETRIC_REPRESENTATION_CONTEXT() REPRESENTATION_CONTEXT('2D SPACE',''
  ) );
#7119 = ORIENTED_EDGE('',*,*,#6756,.T.);
#7120 = ORIENTED_EDGE('',*,*,#6677,.T.);
#7121 = ORIENTED_EDGE('',*,*,#7122,.F.);
#7122 = EDGE_CURVE('',#7098,#6650,#7123,.T.);
#7123 = SURFACE_CURVE('',#7124,(#7128,#7134),.PCURVE_S1.);
#7124 = LINE('',#7125,#7126);
#7125 = CARTESIAN_POINT('',(-40.875,-14.2,10.625));
#7126 = VECTOR('',#7127,1.);
#7127 = DIRECTION('',(-0.707106781187,0.,-0.707106781187));
#7128 = PCURVE('',#6691,#7129);
#7129 = DEFINITIONAL_REPRESENTATION('',(#7130),#7133);
#7130 = B_SPLINE_CURVE_WITH_KNOTS('',1,(#7131,#7132),.UNSPECIFIED.,.F.,
  .F.,(2,2),(-18.20799961555,-16.08667927199),.PIECEWISE_BEZIER_KNOTS.);
#7131 = CARTESIAN_POINT('',(2.12132034356,-2.6));
#7132 = CARTESIAN_POINT('',(3.552713678801E-15,-2.6));
#7133 = ( GEOMETRIC_REPRESENTATION_CONTEXT(2) 
PARAMETRIC_REPRESENTATION_CONTEXT() REPRESENTATION_CONTEXT('2D SPACE',''
  ) );
#7134 = PCURVE('',#6665,#7135);
#7135 = DEFINITIONAL_REPRESENTATION('',(#7136),#7139);
#7136 = B_SPLINE_CURVE_WITH_KNOTS('',1,(#7137,#7138),.UNSPECIFIED.,.F.,
  .F.,(2,2),(-18.20799961555,-16.08667927199),.PIECEWISE_BEZIER_KNOTS.);
#7137 = CARTESIAN_POINT('',(47.,1.5));
#7138 = CARTESIAN_POINT('',(45.5,1.7763568394E-15));
#7139 = ( GEOMETRIC_REPRESENTATION_CONTEXT(2) 
PARAMETRIC_REPRESENTATION_CONTEXT() REPRESENTATION_CONTEXT('2D SPACE',''
  ) );
#7140 = ADVANCED_FACE('',(#7141,#7361,#7391,#7421),#6665,.T.);
#7141 = FACE_BOUND('',#7142,.T.);
#7142 = EDGE_LOOP('',(#7143,#7168,#7187,#7188,#7189,#7212,#7233,#7256,
    #7277,#7298,#7319,#7342));
#7143 = ORIENTED_EDGE('',*,*,#7144,.F.);
#7144 = EDGE_CURVE('',#7145,#7147,#7149,.T.);
#7145 = VERTEX_POINT('',#7146);
#7146 = CARTESIAN_POINT('',(-28.,-14.2,-23.5));
#7147 = VERTEX_POINT('',#7148);
#7148 = CARTESIAN_POINT('',(28.,-14.2,-23.5));
#7149 = SURFACE_CURVE('',#7150,(#7154,#7161),.PCURVE_S1.);
#7150 = LINE('',#7151,#7152);
#7151 = CARTESIAN_POINT('',(-29.5,-14.2,-23.5));
#7152 = VECTOR('',#7153,1.);
#7153 = DIRECTION('',(1.,0.,-0.));
#7154 = PCURVE('',#6665,#7155);
#7155 = DEFINITIONAL_REPRESENTATION('',(#7156),#7160);
#7156 = LINE('',#7157,#7158);
#7157 = CARTESIAN_POINT('',(0.,0.));
#7158 = VECTOR('',#7159,1.);
#7159 = DIRECTION('',(0.,1.));
#7160 = ( GEOMETRIC_REPRESENTATION_CONTEXT(2) 
PARAMETRIC_REPRESENTATION_CONTEXT() REPRESENTATION_CONTEXT('2D SPACE',''
  ) );
#7161 = PCURVE('',#6724,#7162);
#7162 = DEFINITIONAL_REPRESENTATION('',(#7163),#7167);
#7163 = LINE('',#7164,#7165);
#7164 = CARTESIAN_POINT('',(0.,1.6));
#7165 = VECTOR('',#7166,1.);
#7166 = DIRECTION('',(1.,0.));
#7167 = ( GEOMETRIC_REPRESENTATION_CONTEXT(2) 
PARAMETRIC_REPRESENTATION_CONTEXT() REPRESENTATION_CONTEXT('2D SPACE',''
  ) );
#7168 = ORIENTED_EDGE('',*,*,#7169,.F.);
#7169 = EDGE_CURVE('',#6622,#7145,#7170,.T.);
#7170 = SURFACE_CURVE('',#7171,(#7175,#7181),.PCURVE_S1.);
#7171 = LINE('',#7172,#7173);
#7172 = CARTESIAN_POINT('',(-29.125,-14.2,-22.375));
#7173 = VECTOR('',#7174,1.);
#7174 = DIRECTION('',(0.707106781187,0.,-0.707106781187));
#7175 = PCURVE('',#6665,#7176);
#7176 = DEFINITIONAL_REPRESENTATION('',(#7177),#7180);
#7177 = B_SPLINE_CURVE_WITH_KNOTS('',1,(#7178,#7179),.UNSPECIFIED.,.F.,
  .F.,(2,2),(-0.53033008589,1.59099025767),.PIECEWISE_BEZIER_KNOTS.);
#7178 = CARTESIAN_POINT('',(1.5,3.608224830032E-15));
#7179 = CARTESIAN_POINT('',(3.10862446895E-15,1.5));
#7180 = ( GEOMETRIC_REPRESENTATION_CONTEXT(2) 
PARAMETRIC_REPRESENTATION_CONTEXT() REPRESENTATION_CONTEXT('2D SPACE',''
  ) );
#7181 = PCURVE('',#6637,#7182);
#7182 = DEFINITIONAL_REPRESENTATION('',(#7183),#7186);
#7183 = B_SPLINE_CURVE_WITH_KNOTS('',1,(#7184,#7185),.UNSPECIFIED.,.F.,
  .F.,(2,2),(-0.53033008589,1.59099025767),.PIECEWISE_BEZIER_KNOTS.);
#7184 = CARTESIAN_POINT('',(0.,2.6));
#7185 = CARTESIAN_POINT('',(2.12132034356,2.6));
#7186 = ( GEOMETRIC_REPRESENTATION_CONTEXT(2) 
PARAMETRIC_REPRESENTATION_CONTEXT() REPRESENTATION_CONTEXT('2D SPACE',''
  ) );
#7187 = ORIENTED_EDGE('',*,*,#6649,.T.);
#7188 = ORIENTED_EDGE('',*,*,#7122,.F.);
#7189 = ORIENTED_EDGE('',*,*,#7190,.T.);
#7190 = EDGE_CURVE('',#7098,#7191,#7193,.T.);
#7191 = VERTEX_POINT('',#7192);
#7192 = CARTESIAN_POINT('',(28.,-14.2,23.5));
#7193 = SURFACE_CURVE('',#7194,(#7198,#7205),.PCURVE_S1.);
#7194 = LINE('',#7195,#7196);
#7195 = CARTESIAN_POINT('',(-29.5,-14.2,23.5));
#7196 = VECTOR('',#7197,1.);
#7197 = DIRECTION('',(1.,0.,-0.));
#7198 = PCURVE('',#6665,#7199);
#7199 = DEFINITIONAL_REPRESENTATION('',(#7200),#7204);
#7200 = LINE('',#7201,#7202);
#7201 = CARTESIAN_POINT('',(47.,0.));
#7202 = VECTOR('',#7203,1.);
#7203 = DIRECTION('',(0.,1.));
#7204 = ( GEOMETRIC_REPRESENTATION_CONTEXT(2) 
PARAMETRIC_REPRESENTATION_CONTEXT() REPRESENTATION_CONTEXT('2D SPACE',''
  ) );
#7205 = PCURVE('',#6793,#7206);
#7206 = DEFINITIONAL_REPRESENTATION('',(#7207),#7211);
#7207 = LINE('',#7208,#7209);
#7208 = CARTESIAN_POINT('',(0.,1.6));
#7209 = VECTOR('',#7210,1.);
#7210 = DIRECTION('',(1.,0.));
#7211 = ( GEOMETRIC_REPRESENTATION_CONTEXT(2) 
PARAMETRIC_REPRESENTATION_CONTEXT() REPRESENTATION_CONTEXT('2D SPACE',''
  ) );
#7212 = ORIENTED_EDGE('',*,*,#7213,.T.);
#7213 = EDGE_CURVE('',#7191,#7214,#7216,.T.);
#7214 = VERTEX_POINT('',#7215);
#7215 = CARTESIAN_POINT('',(29.5,-14.2,22.));
#7216 = SURFACE_CURVE('',#7217,(#7221,#7227),.PCURVE_S1.);
#7217 = LINE('',#7218,#7219);
#7218 = CARTESIAN_POINT('',(25.375,-14.2,26.125));
#7219 = VECTOR('',#7220,1.);
#7220 = DIRECTION('',(0.707106781187,0.,-0.707106781187));
#7221 = PCURVE('',#6665,#7222);
#7222 = DEFINITIONAL_REPRESENTATION('',(#7223),#7226);
#7223 = B_SPLINE_CURVE_WITH_KNOTS('',1,(#7224,#7225),.UNSPECIFIED.,.F.,
  .F.,(2,2),(3.712310601229,5.833630944789),.PIECEWISE_BEZIER_KNOTS.);
#7224 = CARTESIAN_POINT('',(47.,57.5));
#7225 = CARTESIAN_POINT('',(45.5,59.));
#7226 = ( GEOMETRIC_REPRESENTATION_CONTEXT(2) 
PARAMETRIC_REPRESENTATION_CONTEXT() REPRESENTATION_CONTEXT('2D SPACE',''
  ) );
#7227 = PCURVE('',#6820,#7228);
#7228 = DEFINITIONAL_REPRESENTATION('',(#7229),#7232);
#7229 = B_SPLINE_CURVE_WITH_KNOTS('',1,(#7230,#7231),.UNSPECIFIED.,.F.,
  .F.,(2,2),(3.712310601229,5.833630944789),.PIECEWISE_BEZIER_KNOTS.);
#7230 = CARTESIAN_POINT('',(2.22044604925E-15,2.6));
#7231 = CARTESIAN_POINT('',(2.12132034356,2.6));
#7232 = ( GEOMETRIC_REPRESENTATION_CONTEXT(2) 
PARAMETRIC_REPRESENTATION_CONTEXT() REPRESENTATION_CONTEXT('2D SPACE',''
  ) );
#7233 = ORIENTED_EDGE('',*,*,#7234,.F.);
#7234 = EDGE_CURVE('',#7235,#7214,#7237,.T.);
#7235 = VERTEX_POINT('',#7236);
#7236 = CARTESIAN_POINT('',(29.5,-14.2,-8.));
#7237 = SURFACE_CURVE('',#7238,(#7242,#7249),.PCURVE_S1.);
#7238 = LINE('',#7239,#7240);
#7239 = CARTESIAN_POINT('',(29.5,-14.2,-23.5));
#7240 = VECTOR('',#7241,1.);
#7241 = DIRECTION('',(0.,0.,1.));
#7242 = PCURVE('',#6665,#7243);
#7243 = DEFINITIONAL_REPRESENTATION('',(#7244),#7248);
#7244 = LINE('',#7245,#7246);
#7245 = CARTESIAN_POINT('',(0.,59.));
#7246 = VECTOR('',#7247,1.);
#7247 = DIRECTION('',(1.,0.));
#7248 = ( GEOMETRIC_REPRESENTATION_CONTEXT(2) 
PARAMETRIC_REPRESENTATION_CONTEXT() REPRESENTATION_CONTEXT('2D SPACE',''
  ) );
#7249 = PCURVE('',#6847,#7250);
#7250 = DEFINITIONAL_REPRESENTATION('',(#7251),#7255);
#7251 = LINE('',#7252,#7253);
#7252 = CARTESIAN_POINT('',(0.,-1.6));
#7253 = VECTOR('',#7254,1.);
#7254 = DIRECTION('',(1.,0.));
#7255 = ( GEOMETRIC_REPRESENTATION_CONTEXT(2) 
PARAMETRIC_REPRESENTATION_CONTEXT() REPRESENTATION_CONTEXT('2D SPACE',''
  ) );
#7256 = ORIENTED_EDGE('',*,*,#7257,.F.);
#7257 = EDGE_CURVE('',#7258,#7235,#7260,.T.);
#7258 = VERTEX_POINT('',#7259);
#7259 = CARTESIAN_POINT('',(26.5,-14.2,-8.));
#7260 = SURFACE_CURVE('',#7261,(#7265,#7271),.PCURVE_S1.);
#7261 = LINE('',#7262,#7263);
#7262 = CARTESIAN_POINT('',(-1.5,-14.2,-8.));
#7263 = VECTOR('',#7264,1.);
#7264 = DIRECTION('',(1.,0.,-0.));
#7265 = PCURVE('',#6665,#7266);
#7266 = DEFINITIONAL_REPRESENTATION('',(#7267),#7270);
#7267 = B_SPLINE_CURVE_WITH_KNOTS('',1,(#7268,#7269),.UNSPECIFIED.,.F.,
  .F.,(2,2),(28.,31.),.PIECEWISE_BEZIER_KNOTS.);
#7268 = CARTESIAN_POINT('',(15.5,56.));
#7269 = CARTESIAN_POINT('',(15.5,59.));
#7270 = ( GEOMETRIC_REPRESENTATION_CONTEXT(2) 
PARAMETRIC_REPRESENTATION_CONTEXT() REPRESENTATION_CONTEXT('2D SPACE',''
  ) );
#7271 = PCURVE('',#6874,#7272);
#7272 = DEFINITIONAL_REPRESENTATION('',(#7273),#7276);
#7273 = B_SPLINE_CURVE_WITH_KNOTS('',1,(#7274,#7275),.UNSPECIFIED.,.F.,
  .F.,(2,2),(28.,31.),.PIECEWISE_BEZIER_KNOTS.);
#7274 = CARTESIAN_POINT('',(0.,2.8));
#7275 = CARTESIAN_POINT('',(3.,2.8));
#7276 = ( GEOMETRIC_REPRESENTATION_CONTEXT(2) 
PARAMETRIC_REPRESENTATION_CONTEXT() REPRESENTATION_CONTEXT('2D SPACE',''
  ) );
#7277 = ORIENTED_EDGE('',*,*,#7278,.T.);
#7278 = EDGE_CURVE('',#7258,#7279,#7281,.T.);
#7279 = VERTEX_POINT('',#7280);
#7280 = CARTESIAN_POINT('',(26.5,-14.2,-12.));
#7281 = SURFACE_CURVE('',#7282,(#7286,#7292),.PCURVE_S1.);
#7282 = LINE('',#7283,#7284);
#7283 = CARTESIAN_POINT('',(26.5,-14.2,-17.75));
#7284 = VECTOR('',#7285,1.);
#7285 = DIRECTION('',(-0.,0.,-1.));
#7286 = PCURVE('',#6665,#7287);
#7287 = DEFINITIONAL_REPRESENTATION('',(#7288),#7291);
#7288 = B_SPLINE_CURVE_WITH_KNOTS('',1,(#7289,#7290),.UNSPECIFIED.,.F.,
  .F.,(2,2),(-9.75,-5.75),.PIECEWISE_BEZIER_KNOTS.);
#7289 = CARTESIAN_POINT('',(15.5,56.));
#7290 = CARTESIAN_POINT('',(11.5,56.));
#7291 = ( GEOMETRIC_REPRESENTATION_CONTEXT(2) 
PARAMETRIC_REPRESENTATION_CONTEXT() REPRESENTATION_CONTEXT('2D SPACE',''
  ) );
#7292 = PCURVE('',#6900,#7293);
#7293 = DEFINITIONAL_REPRESENTATION('',(#7294),#7297);
#7294 = B_SPLINE_CURVE_WITH_KNOTS('',1,(#7295,#7296),.UNSPECIFIED.,.F.,
  .F.,(2,2),(-9.75,-5.75),.PIECEWISE_BEZIER_KNOTS.);
#7295 = CARTESIAN_POINT('',(4.,-2.8));
#7296 = CARTESIAN_POINT('',(0.,-2.8));
#7297 = ( GEOMETRIC_REPRESENTATION_CONTEXT(2) 
PARAMETRIC_REPRESENTATION_CONTEXT() REPRESENTATION_CONTEXT('2D SPACE',''
  ) );
#7298 = ORIENTED_EDGE('',*,*,#7299,.T.);
#7299 = EDGE_CURVE('',#7279,#7300,#7302,.T.);
#7300 = VERTEX_POINT('',#7301);
#7301 = CARTESIAN_POINT('',(29.5,-14.2,-12.));
#7302 = SURFACE_CURVE('',#7303,(#7307,#7313),.PCURVE_S1.);
#7303 = LINE('',#7304,#7305);
#7304 = CARTESIAN_POINT('',(-1.5,-14.2,-12.));
#7305 = VECTOR('',#7306,1.);
#7306 = DIRECTION('',(1.,0.,-0.));
#7307 = PCURVE('',#6665,#7308);
#7308 = DEFINITIONAL_REPRESENTATION('',(#7309),#7312);
#7309 = B_SPLINE_CURVE_WITH_KNOTS('',1,(#7310,#7311),.UNSPECIFIED.,.F.,
  .F.,(2,2),(28.,31.),.PIECEWISE_BEZIER_KNOTS.);
#7310 = CARTESIAN_POINT('',(11.5,56.));
#7311 = CARTESIAN_POINT('',(11.5,59.));
#7312 = ( GEOMETRIC_REPRESENTATION_CONTEXT(2) 
PARAMETRIC_REPRESENTATION_CONTEXT() REPRESENTATION_CONTEXT('2D SPACE',''
  ) );
#7313 = PCURVE('',#6926,#7314);
#7314 = DEFINITIONAL_REPRESENTATION('',(#7315),#7318);
#7315 = B_SPLINE_CURVE_WITH_KNOTS('',1,(#7316,#7317),.UNSPECIFIED.,.F.,
  .F.,(2,2),(28.,31.),.PIECEWISE_BEZIER_KNOTS.);
#7316 = CARTESIAN_POINT('',(0.,2.8));
#7317 = CARTESIAN_POINT('',(3.,2.8));
#7318 = ( GEOMETRIC_REPRESENTATION_CONTEXT(2) 
PARAMETRIC_REPRESENTATION_CONTEXT() REPRESENTATION_CONTEXT('2D SPACE',''
  ) );
#7319 = ORIENTED_EDGE('',*,*,#7320,.F.);
#7320 = EDGE_CURVE('',#7321,#7300,#7323,.T.);
#7321 = VERTEX_POINT('',#7322);
#7322 = CARTESIAN_POINT('',(29.5,-14.2,-22.));
#7323 = SURFACE_CURVE('',#7324,(#7328,#7335),.PCURVE_S1.);
#7324 = LINE('',#7325,#7326);
#7325 = CARTESIAN_POINT('',(29.5,-14.2,-23.5));
#7326 = VECTOR('',#7327,1.);
#7327 = DIRECTION('',(0.,0.,1.));
#7328 = PCURVE('',#6665,#7329);
#7329 = DEFINITIONAL_REPRESENTATION('',(#7330),#7334);
#7330 = LINE('',#7331,#7332);
#7331 = CARTESIAN_POINT('',(0.,59.));
#7332 = VECTOR('',#7333,1.);
#7333 = DIRECTION('',(1.,0.));
#7334 = ( GEOMETRIC_REPRESENTATION_CONTEXT(2) 
PARAMETRIC_REPRESENTATION_CONTEXT() REPRESENTATION_CONTEXT('2D SPACE',''
  ) );
#7335 = PCURVE('',#6953,#7336);
#7336 = DEFINITIONAL_REPRESENTATION('',(#7337),#7341);
#7337 = LINE('',#7338,#7339);
#7338 = CARTESIAN_POINT('',(0.,-1.6));
#7339 = VECTOR('',#7340,1.);
#7340 = DIRECTION('',(1.,0.));
#7341 = ( GEOMETRIC_REPRESENTATION_CONTEXT(2) 
PARAMETRIC_REPRESENTATION_CONTEXT() REPRESENTATION_CONTEXT('2D SPACE',''
  ) );
#7342 = ORIENTED_EDGE('',*,*,#7343,.T.);
#7343 = EDGE_CURVE('',#7321,#7147,#7344,.T.);
#7344 = SURFACE_CURVE('',#7345,(#7349,#7355),.PCURVE_S1.);
#7345 = LINE('',#7346,#7347);
#7346 = CARTESIAN_POINT('',(13.625,-14.2,-37.875));
#7347 = VECTOR('',#7348,1.);
#7348 = DIRECTION('',(-0.707106781187,0.,-0.707106781187));
#7349 = PCURVE('',#6665,#7350);
#7350 = DEFINITIONAL_REPRESENTATION('',(#7351),#7354);
#7351 = B_SPLINE_CURVE_WITH_KNOTS('',1,(#7352,#7353),.UNSPECIFIED.,.F.,
  .F.,(2,2),(-22.45064030267,-20.32931995911),.PIECEWISE_BEZIER_KNOTS.);
#7352 = CARTESIAN_POINT('',(1.5,59.));
#7353 = CARTESIAN_POINT('',(1.7763568394E-15,57.5));
#7354 = ( GEOMETRIC_REPRESENTATION_CONTEXT(2) 
PARAMETRIC_REPRESENTATION_CONTEXT() REPRESENTATION_CONTEXT('2D SPACE',''
  ) );
#7355 = PCURVE('',#6978,#7356);
#7356 = DEFINITIONAL_REPRESENTATION('',(#7357),#7360);
#7357 = B_SPLINE_CURVE_WITH_KNOTS('',1,(#7358,#7359),.UNSPECIFIED.,.F.,
  .F.,(2,2),(-22.45064030267,-20.32931995911),.PIECEWISE_BEZIER_KNOTS.);
#7358 = CARTESIAN_POINT('',(2.12132034356,-2.6));
#7359 = CARTESIAN_POINT('',(3.552713678801E-15,-2.6));
#7360 = ( GEOMETRIC_REPRESENTATION_CONTEXT(2) 
PARAMETRIC_REPRESENTATION_CONTEXT() REPRESENTATION_CONTEXT('2D SPACE',''
  ) );
#7361 = FACE_BOUND('',#7362,.T.);
#7362 = EDGE_LOOP('',(#7363));
#7363 = ORIENTED_EDGE('',*,*,#7364,.T.);
#7364 = EDGE_CURVE('',#7365,#7365,#7367,.T.);
#7365 = VERTEX_POINT('',#7366);
#7366 = CARTESIAN_POINT('',(-25.9,-14.2,21.));
#7367 = SURFACE_CURVE('',#7368,(#7373,#7384),.PCURVE_S1.);
#7368 = CIRCLE('',#7369,1.1);
#7369 = AXIS2_PLACEMENT_3D('',#7370,#7371,#7372);
#7370 = CARTESIAN_POINT('',(-27.,-14.2,21.));
#7371 = DIRECTION('',(0.,-1.,2.22044604925E-16));
#7372 = DIRECTION('',(1.,0.,0.));
#7373 = PCURVE('',#6665,#7374);
#7374 = DEFINITIONAL_REPRESENTATION('',(#7375),#7383);
#7375 = ( BOUNDED_CURVE() B_SPLINE_CURVE(2,(#7376,#7377,#7378,#7379,
#7380,#7381,#7382),.UNSPECIFIED.,.T.,.F.) B_SPLINE_CURVE_WITH_KNOTS((1,2
    ,2,2,2,1),(-2.094395102393,0.,2.094395102393,4.188790204786,
6.28318530718,8.377580409573),.UNSPECIFIED.) CURVE() 
GEOMETRIC_REPRESENTATION_ITEM() RATIONAL_B_SPLINE_CURVE((1.,0.5,1.,0.5,
1.,0.5,1.)) REPRESENTATION_ITEM('') );
#7376 = CARTESIAN_POINT('',(44.5,3.6));
#7377 = CARTESIAN_POINT('',(46.405255888326,3.6));
#7378 = CARTESIAN_POINT('',(45.452627944163,1.95));
#7379 = CARTESIAN_POINT('',(44.5,0.3));
#7380 = CARTESIAN_POINT('',(43.547372055837,1.95));
#7381 = CARTESIAN_POINT('',(42.594744111674,3.6));
#7382 = CARTESIAN_POINT('',(44.5,3.6));
#7383 = ( GEOMETRIC_REPRESENTATION_CONTEXT(2) 
PARAMETRIC_REPRESENTATION_CONTEXT() REPRESENTATION_CONTEXT('2D SPACE',''
  ) );
#7384 = PCURVE('',#7012,#7385);
#7385 = DEFINITIONAL_REPRESENTATION('',(#7386),#7390);
#7386 = LINE('',#7387,#7388);
#7387 = CARTESIAN_POINT('',(0.,0.5));
#7388 = VECTOR('',#7389,1.);
#7389 = DIRECTION('',(1.,0.));
#7390 = ( GEOMETRIC_REPRESENTATION_CONTEXT(2) 
PARAMETRIC_REPRESENTATION_CONTEXT() REPRESENTATION_CONTEXT('2D SPACE',''
  ) );
#7391 = FACE_BOUND('',#7392,.T.);
#7392 = EDGE_LOOP('',(#7393));
#7393 = ORIENTED_EDGE('',*,*,#7394,.T.);
#7394 = EDGE_CURVE('',#7395,#7395,#7397,.T.);
#7395 = VERTEX_POINT('',#7396);
#7396 = CARTESIAN_POINT('',(28.1,-14.2,-21.));
#7397 = SURFACE_CURVE('',#7398,(#7403,#7414),.PCURVE_S1.);
#7398 = CIRCLE('',#7399,1.1);
#7399 = AXIS2_PLACEMENT_3D('',#7400,#7401,#7402);
#7400 = CARTESIAN_POINT('',(27.,-14.2,-21.));
#7401 = DIRECTION('',(0.,-1.,2.22044604925E-16));
#7402 = DIRECTION('',(1.,0.,0.));
#7403 = PCURVE('',#6665,#7404);
#7404 = DEFINITIONAL_REPRESENTATION('',(#7405),#7413);
#7405 = ( BOUNDED_CURVE() B_SPLINE_CURVE(2,(#7406,#7407,#7408,#7409,
#7410,#7411,#7412),.UNSPECIFIED.,.T.,.F.) B_SPLINE_CURVE_WITH_KNOTS((1,2
    ,2,2,2,1),(-2.094395102393,0.,2.094395102393,4.188790204786,
6.28318530718,8.377580409573),.UNSPECIFIED.) CURVE() 
GEOMETRIC_REPRESENTATION_ITEM() RATIONAL_B_SPLINE_CURVE((1.,0.5,1.,0.5,
1.,0.5,1.)) REPRESENTATION_ITEM('') );
#7406 = CARTESIAN_POINT('',(2.5,57.6));
#7407 = CARTESIAN_POINT('',(4.405255888326,57.6));
#7408 = CARTESIAN_POINT('',(3.452627944163,55.95));
#7409 = CARTESIAN_POINT('',(2.5,54.3));
#7410 = CARTESIAN_POINT('',(1.547372055837,55.95));
#7411 = CARTESIAN_POINT('',(0.594744111674,57.6));
#7412 = CARTESIAN_POINT('',(2.5,57.6));
#7413 = ( GEOMETRIC_REPRESENTATION_CONTEXT(2) 
PARAMETRIC_REPRESENTATION_CONTEXT() REPRESENTATION_CONTEXT('2D SPACE',''
  ) );
#7414 = PCURVE('',#7047,#7415);
#7415 = DEFINITIONAL_REPRESENTATION('',(#7416),#7420);
#7416 = LINE('',#7417,#7418);
#7417 = CARTESIAN_POINT('',(0.,0.5));
#7418 = VECTOR('',#7419,1.);
#7419 = DIRECTION('',(1.,0.));
#7420 = ( GEOMETRIC_REPRESENTATION_CONTEXT(2) 
PARAMETRIC_REPRESENTATION_CONTEXT() REPRESENTATION_CONTEXT('2D SPACE',''
  ) );
#7421 = FACE_BOUND('',#7422,.T.);
#7422 = EDGE_LOOP('',(#7423));
#7423 = ORIENTED_EDGE('',*,*,#7424,.T.);
#7424 = EDGE_CURVE('',#7425,#7425,#7427,.T.);
#7425 = VERTEX_POINT('',#7426);
#7426 = CARTESIAN_POINT('',(28.1,-14.2,21.));
#7427 = SURFACE_CURVE('',#7428,(#7433,#7444),.PCURVE_S1.);
#7428 = CIRCLE('',#7429,1.1);
#7429 = AXIS2_PLACEMENT_3D('',#7430,#7431,#7432);
#7430 = CARTESIAN_POINT('',(27.,-14.2,21.));
#7431 = DIRECTION('',(0.,-1.,2.22044604925E-16));
#7432 = DIRECTION('',(1.,0.,0.));
#7433 = PCURVE('',#6665,#7434);
#7434 = DEFINITIONAL_REPRESENTATION('',(#7435),#7443);
#7435 = ( BOUNDED_CURVE() B_SPLINE_CURVE(2,(#7436,#7437,#7438,#7439,
#7440,#7441,#7442),.UNSPECIFIED.,.T.,.F.) B_SPLINE_CURVE_WITH_KNOTS((1,2
    ,2,2,2,1),(-2.094395102393,0.,2.094395102393,4.188790204786,
6.28318530718,8.377580409573),.UNSPECIFIED.) CURVE() 
GEOMETRIC_REPRESENTATION_ITEM() RATIONAL_B_SPLINE_CURVE((1.,0.5,1.,0.5,
1.,0.5,1.)) REPRESENTATION_ITEM('') );
#7436 = CARTESIAN_POINT('',(44.5,57.6));
#7437 = CARTESIAN_POINT('',(46.405255888326,57.6));
#7438 = CARTESIAN_POINT('',(45.452627944163,55.95));
#7439 = CARTESIAN_POINT('',(44.5,54.3));
#7440 = CARTESIAN_POINT('',(43.547372055837,55.95));
#7441 = CARTESIAN_POINT('',(42.594744111674,57.6));
#7442 = CARTESIAN_POINT('',(44.5,57.6));
#7443 = ( GEOMETRIC_REPRESENTATION_CONTEXT(2) 
PARAMETRIC_REPRESENTATION_CONTEXT() REPRESENTATION_CONTEXT('2D SPACE',''
  ) );
#7444 = PCURVE('',#7082,#7445);
#7445 = DEFINITIONAL_REPRESENTATION('',(#7446),#7450);
#7446 = LINE('',#7447,#7448);
#7447 = CARTESIAN_POINT('',(0.,0.5));
#7448 = VECTOR('',#7449,1.);
#7449 = DIRECTION('',(1.,0.));
#7450 = ( GEOMETRIC_REPRESENTATION_CONTEXT(2) 
PARAMETRIC_REPRESENTATION_CONTEXT() REPRESENTATION_CONTEXT('2D SPACE',''
  ) );
#7451 = ADVANCED_FACE('',(#7452),#6637,.F.);
#7452 = FACE_BOUND('',#7453,.F.);
#7453 = EDGE_LOOP('',(#7454,#7455,#7456,#7477));
#7454 = ORIENTED_EDGE('',*,*,#6621,.F.);
#7455 = ORIENTED_EDGE('',*,*,#6736,.T.);
#7456 = ORIENTED_EDGE('',*,*,#7457,.T.);
#7457 = EDGE_CURVE('',#6707,#7145,#7458,.T.);
#7458 = SURFACE_CURVE('',#7459,(#7463,#7470),.PCURVE_S1.);
#7459 = LINE('',#7460,#7461);
#7460 = CARTESIAN_POINT('',(-28.,-16.8,-23.5));
#7461 = VECTOR('',#7462,1.);
#7462 = DIRECTION('',(0.,1.,0.));
#7463 = PCURVE('',#6637,#7464);
#7464 = DEFINITIONAL_REPRESENTATION('',(#7465),#7469);
#7465 = LINE('',#7466,#7467);
#7466 = CARTESIAN_POINT('',(2.12132034356,0.));
#7467 = VECTOR('',#7468,1.);
#7468 = DIRECTION('',(0.,1.));
#7469 = ( GEOMETRIC_REPRESENTATION_CONTEXT(2) 
PARAMETRIC_REPRESENTATION_CONTEXT() REPRESENTATION_CONTEXT('2D SPACE',''
  ) );
#7470 = PCURVE('',#6724,#7471);
#7471 = DEFINITIONAL_REPRESENTATION('',(#7472),#7476);
#7472 = LINE('',#7473,#7474);
#7473 = CARTESIAN_POINT('',(1.5,-1.));
#7474 = VECTOR('',#7475,1.);
#7475 = DIRECTION('',(0.,1.));
#7476 = ( GEOMETRIC_REPRESENTATION_CONTEXT(2) 
PARAMETRIC_REPRESENTATION_CONTEXT() REPRESENTATION_CONTEXT('2D SPACE',''
  ) );
#7477 = ORIENTED_EDGE('',*,*,#7169,.F.);
#7478 = ADVANCED_FACE('',(#7479),#6724,.F.);
#7479 = FACE_BOUND('',#7480,.F.);
#7480 = EDGE_LOOP('',(#7481,#7482,#7483,#7484));
#7481 = ORIENTED_EDGE('',*,*,#7144,.F.);
#7482 = ORIENTED_EDGE('',*,*,#7457,.F.);
#7483 = ORIENTED_EDGE('',*,*,#6706,.T.);
#7484 = ORIENTED_EDGE('',*,*,#7485,.T.);
#7485 = EDGE_CURVE('',#6709,#7147,#7486,.T.);
#7486 = SURFACE_CURVE('',#7487,(#7491,#7498),.PCURVE_S1.);
#7487 = LINE('',#7488,#7489);
#7488 = CARTESIAN_POINT('',(28.,-16.8,-23.5));
#7489 = VECTOR('',#7490,1.);
#7490 = DIRECTION('',(0.,1.,0.));
#7491 = PCURVE('',#6724,#7492);
#7492 = DEFINITIONAL_REPRESENTATION('',(#7493),#7497);
#7493 = LINE('',#7494,#7495);
#7494 = CARTESIAN_POINT('',(57.5,-1.));
#7495 = VECTOR('',#7496,1.);
#7496 = DIRECTION('',(0.,1.));
#7497 = ( GEOMETRIC_REPRESENTATION_CONTEXT(2) 
PARAMETRIC_REPRESENTATION_CONTEXT() REPRESENTATION_CONTEXT('2D SPACE',''
  ) );
#7498 = PCURVE('',#6978,#7499);
#7499 = DEFINITIONAL_REPRESENTATION('',(#7500),#7504);
#7500 = LINE('',#7501,#7502);
#7501 = CARTESIAN_POINT('',(0.,0.));
#7502 = VECTOR('',#7503,1.);
#7503 = DIRECTION('',(0.,-1.));
#7504 = ( GEOMETRIC_REPRESENTATION_CONTEXT(2) 
PARAMETRIC_REPRESENTATION_CONTEXT() REPRESENTATION_CONTEXT('2D SPACE',''
  ) );
#7505 = ADVANCED_FACE('',(#7506),#6978,.T.);
#7506 = FACE_BOUND('',#7507,.T.);
#7507 = EDGE_LOOP('',(#7508,#7529,#7530,#7531));
#7508 = ORIENTED_EDGE('',*,*,#7509,.F.);
#7509 = EDGE_CURVE('',#6938,#7321,#7510,.T.);
#7510 = SURFACE_CURVE('',#7511,(#7515,#7522),.PCURVE_S1.);
#7511 = LINE('',#7512,#7513);
#7512 = CARTESIAN_POINT('',(29.5,-16.8,-22.));
#7513 = VECTOR('',#7514,1.);
#7514 = DIRECTION('',(0.,1.,0.));
#7515 = PCURVE('',#6978,#7516);
#7516 = DEFINITIONAL_REPRESENTATION('',(#7517),#7521);
#7517 = LINE('',#7518,#7519);
#7518 = CARTESIAN_POINT('',(2.12132034356,0.));
#7519 = VECTOR('',#7520,1.);
#7520 = DIRECTION('',(0.,-1.));
#7521 = ( GEOMETRIC_REPRESENTATION_CONTEXT(2) 
PARAMETRIC_REPRESENTATION_CONTEXT() REPRESENTATION_CONTEXT('2D SPACE',''
  ) );
#7522 = PCURVE('',#6953,#7523);
#7523 = DEFINITIONAL_REPRESENTATION('',(#7524),#7528);
#7524 = LINE('',#7525,#7526);
#7525 = CARTESIAN_POINT('',(1.5,1.));
#7526 = VECTOR('',#7527,1.);
#7527 = DIRECTION('',(0.,-1.));
#7528 = ( GEOMETRIC_REPRESENTATION_CONTEXT(2) 
PARAMETRIC_REPRESENTATION_CONTEXT() REPRESENTATION_CONTEXT('2D SPACE',''
  ) );
#7529 = ORIENTED_EDGE('',*,*,#6965,.T.);
#7530 = ORIENTED_EDGE('',*,*,#7485,.T.);
#7531 = ORIENTED_EDGE('',*,*,#7343,.F.);
#7532 = ADVANCED_FACE('',(#7533),#6953,.T.);
#7533 = FACE_BOUND('',#7534,.T.);
#7534 = EDGE_LOOP('',(#7535,#7536,#7537,#7538));
#7535 = ORIENTED_EDGE('',*,*,#6937,.F.);
#7536 = ORIENTED_EDGE('',*,*,#7509,.T.);
#7537 = ORIENTED_EDGE('',*,*,#7320,.T.);
#7538 = ORIENTED_EDGE('',*,*,#7539,.T.);
#7539 = EDGE_CURVE('',#7300,#6912,#7540,.T.);
#7540 = SURFACE_CURVE('',#7541,(#7545,#7551),.PCURVE_S1.);
#7541 = LINE('',#7542,#7543);
#7542 = CARTESIAN_POINT('',(29.5,-16.4,-12.));
#7543 = VECTOR('',#7544,1.);
#7544 = DIRECTION('',(0.,-1.,0.));
#7545 = PCURVE('',#6953,#7546);
#7546 = DEFINITIONAL_REPRESENTATION('',(#7547),#7550);
#7547 = B_SPLINE_CURVE_WITH_KNOTS('',1,(#7548,#7549),.UNSPECIFIED.,.F.,
  .F.,(2,2),(-2.2,-0.6),.PIECEWISE_BEZIER_KNOTS.);
#7548 = CARTESIAN_POINT('',(11.5,-1.6));
#7549 = CARTESIAN_POINT('',(11.5,0.));
#7550 = ( GEOMETRIC_REPRESENTATION_CONTEXT(2) 
PARAMETRIC_REPRESENTATION_CONTEXT() REPRESENTATION_CONTEXT('2D SPACE',''
  ) );
#7551 = PCURVE('',#6926,#7552);
#7552 = DEFINITIONAL_REPRESENTATION('',(#7553),#7556);
#7553 = B_SPLINE_CURVE_WITH_KNOTS('',1,(#7554,#7555),.UNSPECIFIED.,.F.,
  .F.,(2,2),(-2.2,-0.6),.PIECEWISE_BEZIER_KNOTS.);
#7554 = CARTESIAN_POINT('',(3.,2.8));
#7555 = CARTESIAN_POINT('',(3.,1.2));
#7556 = ( GEOMETRIC_REPRESENTATION_CONTEXT(2) 
PARAMETRIC_REPRESENTATION_CONTEXT() REPRESENTATION_CONTEXT('2D SPACE',''
  ) );
#7557 = ADVANCED_FACE('',(#7558),#6926,.T.);
#7558 = FACE_BOUND('',#7559,.T.);
#7559 = EDGE_LOOP('',(#7560,#7581,#7582,#7583));
#7560 = ORIENTED_EDGE('',*,*,#7561,.F.);
#7561 = EDGE_CURVE('',#6886,#7279,#7562,.T.);
#7562 = SURFACE_CURVE('',#7563,(#7567,#7574),.PCURVE_S1.);
#7563 = LINE('',#7564,#7565);
#7564 = CARTESIAN_POINT('',(26.5,-17.,-12.));
#7565 = VECTOR('',#7566,1.);
#7566 = DIRECTION('',(-0.,1.,0.));
#7567 = PCURVE('',#6926,#7568);
#7568 = DEFINITIONAL_REPRESENTATION('',(#7569),#7573);
#7569 = LINE('',#7570,#7571);
#7570 = CARTESIAN_POINT('',(0.,0.));
#7571 = VECTOR('',#7572,1.);
#7572 = DIRECTION('',(0.,1.));
#7573 = ( GEOMETRIC_REPRESENTATION_CONTEXT(2) 
PARAMETRIC_REPRESENTATION_CONTEXT() REPRESENTATION_CONTEXT('2D SPACE',''
  ) );
#7574 = PCURVE('',#6900,#7575);
#7575 = DEFINITIONAL_REPRESENTATION('',(#7576),#7580);
#7576 = LINE('',#7577,#7578);
#7577 = CARTESIAN_POINT('',(0.,0.));
#7578 = VECTOR('',#7579,1.);
#7579 = DIRECTION('',(0.,-1.));
#7580 = ( GEOMETRIC_REPRESENTATION_CONTEXT(2) 
PARAMETRIC_REPRESENTATION_CONTEXT() REPRESENTATION_CONTEXT('2D SPACE',''
  ) );
#7581 = ORIENTED_EDGE('',*,*,#6911,.T.);
#7582 = ORIENTED_EDGE('',*,*,#7539,.F.);
#7583 = ORIENTED_EDGE('',*,*,#7299,.F.);
#7584 = ADVANCED_FACE('',(#7585),#6900,.T.);
#7585 = FACE_BOUND('',#7586,.T.);
#7586 = EDGE_LOOP('',(#7587,#7608,#7609,#7610));
#7587 = ORIENTED_EDGE('',*,*,#7588,.F.);
#7588 = EDGE_CURVE('',#6860,#7258,#7589,.T.);
#7589 = SURFACE_CURVE('',#7590,(#7594,#7601),.PCURVE_S1.);
#7590 = LINE('',#7591,#7592);
#7591 = CARTESIAN_POINT('',(26.5,-17.,-8.));
#7592 = VECTOR('',#7593,1.);
#7593 = DIRECTION('',(-0.,1.,0.));
#7594 = PCURVE('',#6900,#7595);
#7595 = DEFINITIONAL_REPRESENTATION('',(#7596),#7600);
#7596 = LINE('',#7597,#7598);
#7597 = CARTESIAN_POINT('',(4.,0.));
#7598 = VECTOR('',#7599,1.);
#7599 = DIRECTION('',(0.,-1.));
#7600 = ( GEOMETRIC_REPRESENTATION_CONTEXT(2) 
PARAMETRIC_REPRESENTATION_CONTEXT() REPRESENTATION_CONTEXT('2D SPACE',''
  ) );
#7601 = PCURVE('',#6874,#7602);
#7602 = DEFINITIONAL_REPRESENTATION('',(#7603),#7607);
#7603 = LINE('',#7604,#7605);
#7604 = CARTESIAN_POINT('',(0.,0.));
#7605 = VECTOR('',#7606,1.);
#7606 = DIRECTION('',(0.,1.));
#7607 = ( GEOMETRIC_REPRESENTATION_CONTEXT(2) 
PARAMETRIC_REPRESENTATION_CONTEXT() REPRESENTATION_CONTEXT('2D SPACE',''
  ) );
#7608 = ORIENTED_EDGE('',*,*,#6885,.T.);
#7609 = ORIENTED_EDGE('',*,*,#7561,.T.);
#7610 = ORIENTED_EDGE('',*,*,#7278,.F.);
#7611 = ADVANCED_FACE('',(#7612),#6874,.F.);
#7612 = FACE_BOUND('',#7613,.F.);
#7613 = EDGE_LOOP('',(#7614,#7615,#7616,#7635));
#7614 = ORIENTED_EDGE('',*,*,#7588,.F.);
#7615 = ORIENTED_EDGE('',*,*,#6859,.T.);
#7616 = ORIENTED_EDGE('',*,*,#7617,.F.);
#7617 = EDGE_CURVE('',#7235,#6832,#7618,.T.);
#7618 = SURFACE_CURVE('',#7619,(#7623,#7629),.PCURVE_S1.);
#7619 = LINE('',#7620,#7621);
#7620 = CARTESIAN_POINT('',(29.5,-16.4,-8.));
#7621 = VECTOR('',#7622,1.);
#7622 = DIRECTION('',(0.,-1.,0.));
#7623 = PCURVE('',#6874,#7624);
#7624 = DEFINITIONAL_REPRESENTATION('',(#7625),#7628);
#7625 = B_SPLINE_CURVE_WITH_KNOTS('',1,(#7626,#7627),.UNSPECIFIED.,.F.,
  .F.,(2,2),(-2.2,-0.6),.PIECEWISE_BEZIER_KNOTS.);
#7626 = CARTESIAN_POINT('',(3.,2.8));
#7627 = CARTESIAN_POINT('',(3.,1.2));
#7628 = ( GEOMETRIC_REPRESENTATION_CONTEXT(2) 
PARAMETRIC_REPRESENTATION_CONTEXT() REPRESENTATION_CONTEXT('2D SPACE',''
  ) );
#7629 = PCURVE('',#6847,#7630);
#7630 = DEFINITIONAL_REPRESENTATION('',(#7631),#7634);
#7631 = B_SPLINE_CURVE_WITH_KNOTS('',1,(#7632,#7633),.UNSPECIFIED.,.F.,
  .F.,(2,2),(-2.2,-0.6),.PIECEWISE_BEZIER_KNOTS.);
#7632 = CARTESIAN_POINT('',(15.5,-1.6));
#7633 = CARTESIAN_POINT('',(15.5,0.));
#7634 = ( GEOMETRIC_REPRESENTATION_CONTEXT(2) 
PARAMETRIC_REPRESENTATION_CONTEXT() REPRESENTATION_CONTEXT('2D SPACE',''
  ) );
#7635 = ORIENTED_EDGE('',*,*,#7257,.F.);
#7636 = ADVANCED_FACE('',(#7637),#6847,.T.);
#7637 = FACE_BOUND('',#7638,.T.);
#7638 = EDGE_LOOP('',(#7639,#7640,#7641,#7642));
#7639 = ORIENTED_EDGE('',*,*,#6831,.F.);
#7640 = ORIENTED_EDGE('',*,*,#7617,.F.);
#7641 = ORIENTED_EDGE('',*,*,#7234,.T.);
#7642 = ORIENTED_EDGE('',*,*,#7643,.F.);
#7643 = EDGE_CURVE('',#6806,#7214,#7644,.T.);
#7644 = SURFACE_CURVE('',#7645,(#7649,#7656),.PCURVE_S1.);
#7645 = LINE('',#7646,#7647);
#7646 = CARTESIAN_POINT('',(29.5,-16.8,22.));
#7647 = VECTOR('',#7648,1.);
#7648 = DIRECTION('',(0.,1.,0.));
#7649 = PCURVE('',#6847,#7650);
#7650 = DEFINITIONAL_REPRESENTATION('',(#7651),#7655);
#7651 = LINE('',#7652,#7653);
#7652 = CARTESIAN_POINT('',(45.5,1.));
#7653 = VECTOR('',#7654,1.);
#7654 = DIRECTION('',(0.,-1.));
#7655 = ( GEOMETRIC_REPRESENTATION_CONTEXT(2) 
PARAMETRIC_REPRESENTATION_CONTEXT() REPRESENTATION_CONTEXT('2D SPACE',''
  ) );
#7656 = PCURVE('',#6820,#7657);
#7657 = DEFINITIONAL_REPRESENTATION('',(#7658),#7662);
#7658 = LINE('',#7659,#7660);
#7659 = CARTESIAN_POINT('',(2.12132034356,0.));
#7660 = VECTOR('',#7661,1.);
#7661 = DIRECTION('',(0.,1.));
#7662 = ( GEOMETRIC_REPRESENTATION_CONTEXT(2) 
PARAMETRIC_REPRESENTATION_CONTEXT() REPRESENTATION_CONTEXT('2D SPACE',''
  ) );
#7663 = ADVANCED_FACE('',(#7664),#6820,.T.);
#7664 = FACE_BOUND('',#7665,.T.);
#7665 = EDGE_LOOP('',(#7666,#7687,#7688,#7689));
#7666 = ORIENTED_EDGE('',*,*,#7667,.F.);
#7667 = EDGE_CURVE('',#6778,#7191,#7668,.T.);
#7668 = SURFACE_CURVE('',#7669,(#7673,#7680),.PCURVE_S1.);
#7669 = LINE('',#7670,#7671);
#7670 = CARTESIAN_POINT('',(28.,-16.8,23.5));
#7671 = VECTOR('',#7672,1.);
#7672 = DIRECTION('',(0.,1.,0.));
#7673 = PCURVE('',#6820,#7674);
#7674 = DEFINITIONAL_REPRESENTATION('',(#7675),#7679);
#7675 = LINE('',#7676,#7677);
#7676 = CARTESIAN_POINT('',(0.,0.));
#7677 = VECTOR('',#7678,1.);
#7678 = DIRECTION('',(0.,1.));
#7679 = ( GEOMETRIC_REPRESENTATION_CONTEXT(2) 
PARAMETRIC_REPRESENTATION_CONTEXT() REPRESENTATION_CONTEXT('2D SPACE',''
  ) );
#7680 = PCURVE('',#6793,#7681);
#7681 = DEFINITIONAL_REPRESENTATION('',(#7682),#7686);
#7682 = LINE('',#7683,#7684);
#7683 = CARTESIAN_POINT('',(57.5,-1.));
#7684 = VECTOR('',#7685,1.);
#7685 = DIRECTION('',(0.,1.));
#7686 = ( GEOMETRIC_REPRESENTATION_CONTEXT(2) 
PARAMETRIC_REPRESENTATION_CONTEXT() REPRESENTATION_CONTEXT('2D SPACE',''
  ) );
#7687 = ORIENTED_EDGE('',*,*,#6805,.T.);
#7688 = ORIENTED_EDGE('',*,*,#7643,.T.);
#7689 = ORIENTED_EDGE('',*,*,#7213,.F.);
#7690 = ADVANCED_FACE('',(#7691),#6793,.T.);
#7691 = FACE_BOUND('',#7692,.T.);
#7692 = EDGE_LOOP('',(#7693,#7694,#7695,#7696));
#7693 = ORIENTED_EDGE('',*,*,#7190,.F.);
#7694 = ORIENTED_EDGE('',*,*,#7097,.F.);
#7695 = ORIENTED_EDGE('',*,*,#6777,.T.);
#7696 = ORIENTED_EDGE('',*,*,#7667,.T.);
#7697 = ADVANCED_FACE('',(#7698),#7012,.F.);
#7698 = FACE_BOUND('',#7699,.F.);
#7699 = EDGE_LOOP('',(#7700,#7701,#7722,#7723));
#7700 = ORIENTED_EDGE('',*,*,#6991,.F.);
#7701 = ORIENTED_EDGE('',*,*,#7702,.F.);
#7702 = EDGE_CURVE('',#7365,#6992,#7703,.T.);
#7703 = SEAM_CURVE('',#7704,(#7708,#7715),.PCURVE_S1.);
#7704 = LINE('',#7705,#7706);
#7705 = CARTESIAN_POINT('',(-25.9,-13.7,21.));
#7706 = VECTOR('',#7707,1.);
#7707 = DIRECTION('',(0.,-1.,2.22044604925E-16));
#7708 = PCURVE('',#7012,#7709);
#7709 = DEFINITIONAL_REPRESENTATION('',(#7710),#7714);
#7710 = LINE('',#7711,#7712);
#7711 = CARTESIAN_POINT('',(6.28318530718,-0.));
#7712 = VECTOR('',#7713,1.);
#7713 = DIRECTION('',(0.,1.));
#7714 = ( GEOMETRIC_REPRESENTATION_CONTEXT(2) 
PARAMETRIC_REPRESENTATION_CONTEXT() REPRESENTATION_CONTEXT('2D SPACE',''
  ) );
#7715 = PCURVE('',#7012,#7716);
#7716 = DEFINITIONAL_REPRESENTATION('',(#7717),#7721);
#7717 = LINE('',#7718,#7719);
#7718 = CARTESIAN_POINT('',(0.,-0.));
#7719 = VECTOR('',#7720,1.);
#7720 = DIRECTION('',(0.,1.));
#7721 = ( GEOMETRIC_REPRESENTATION_CONTEXT(2) 
PARAMETRIC_REPRESENTATION_CONTEXT() REPRESENTATION_CONTEXT('2D SPACE',''
  ) );
#7722 = ORIENTED_EDGE('',*,*,#7364,.T.);
#7723 = ORIENTED_EDGE('',*,*,#7702,.T.);
#7724 = ADVANCED_FACE('',(#7725),#7047,.F.);
#7725 = FACE_BOUND('',#7726,.F.);
#7726 = EDGE_LOOP('',(#7727,#7728,#7749,#7750));
#7727 = ORIENTED_EDGE('',*,*,#7026,.F.);
#7728 = ORIENTED_EDGE('',*,*,#7729,.F.);
#7729 = EDGE_CURVE('',#7395,#7027,#7730,.T.);
#7730 = SEAM_CURVE('',#7731,(#7735,#7742),.PCURVE_S1.);
#7731 = LINE('',#7732,#7733);
#7732 = CARTESIAN_POINT('',(28.1,-13.7,-21.));
#7733 = VECTOR('',#7734,1.);
#7734 = DIRECTION('',(0.,-1.,2.22044604925E-16));
#7735 = PCURVE('',#7047,#7736);
#7736 = DEFINITIONAL_REPRESENTATION('',(#7737),#7741);
#7737 = LINE('',#7738,#7739);
#7738 = CARTESIAN_POINT('',(6.28318530718,-0.));
#7739 = VECTOR('',#7740,1.);
#7740 = DIRECTION('',(0.,1.));
#7741 = ( GEOMETRIC_REPRESENTATION_CONTEXT(2) 
PARAMETRIC_REPRESENTATION_CONTEXT() REPRESENTATION_CONTEXT('2D SPACE',''
  ) );
#7742 = PCURVE('',#7047,#7743);
#7743 = DEFINITIONAL_REPRESENTATION('',(#7744),#7748);
#7744 = LINE('',#7745,#7746);
#7745 = CARTESIAN_POINT('',(0.,-0.));
#7746 = VECTOR('',#7747,1.);
#7747 = DIRECTION('',(0.,1.));
#7748 = ( GEOMETRIC_REPRESENTATION_CONTEXT(2) 
PARAMETRIC_REPRESENTATION_CONTEXT() REPRESENTATION_CONTEXT('2D SPACE',''
  ) );
#7749 = ORIENTED_EDGE('',*,*,#7394,.T.);
#7750 = ORIENTED_EDGE('',*,*,#7729,.T.);
#7751 = ADVANCED_FACE('',(#7752),#7082,.F.);
#7752 = FACE_BOUND('',#7753,.F.);
#7753 = EDGE_LOOP('',(#7754,#7755,#7776,#7777));
#7754 = ORIENTED_EDGE('',*,*,#7061,.F.);
#7755 = ORIENTED_EDGE('',*,*,#7756,.F.);
#7756 = EDGE_CURVE('',#7425,#7062,#7757,.T.);
#7757 = SEAM_CURVE('',#7758,(#7762,#7769),.PCURVE_S1.);
#7758 = LINE('',#7759,#7760);
#7759 = CARTESIAN_POINT('',(28.1,-13.7,21.));
#7760 = VECTOR('',#7761,1.);
#7761 = DIRECTION('',(0.,-1.,2.22044604925E-16));
#7762 = PCURVE('',#7082,#7763);
#7763 = DEFINITIONAL_REPRESENTATION('',(#7764),#7768);
#7764 = LINE('',#7765,#7766);
#7765 = CARTESIAN_POINT('',(6.28318530718,-0.));
#7766 = VECTOR('',#7767,1.);
#7767 = DIRECTION('',(0.,1.));
#7768 = ( GEOMETRIC_REPRESENTATION_CONTEXT(2) 
PARAMETRIC_REPRESENTATION_CONTEXT() REPRESENTATION_CONTEXT('2D SPACE',''
  ) );
#7769 = PCURVE('',#7082,#7770);
#7770 = DEFINITIONAL_REPRESENTATION('',(#7771),#7775);
#7771 = LINE('',#7772,#7773);
#7772 = CARTESIAN_POINT('',(0.,-0.));
#7773 = VECTOR('',#7774,1.);
#7774 = DIRECTION('',(0.,1.));
#7775 = ( GEOMETRIC_REPRESENTATION_CONTEXT(2) 
PARAMETRIC_REPRESENTATION_CONTEXT() REPRESENTATION_CONTEXT('2D SPACE',''
  ) );
#7776 = ORIENTED_EDGE('',*,*,#7424,.T.);
#7777 = ORIENTED_EDGE('',*,*,#7756,.T.);
#7778 = MANIFOLD_SOLID_BREP('',#7779);
#7779 = CLOSED_SHELL('',(#7780,#7900,#7976,#8025,#8074,#8207,#8214,#8290
    ,#8339,#8388,#8415));
#7780 = ADVANCED_FACE('',(#7781),#7795,.F.);
#7781 = FACE_BOUND('',#7782,.F.);
#7782 = EDGE_LOOP('',(#7783,#7818,#7846,#7874));
#7783 = ORIENTED_EDGE('',*,*,#7784,.F.);
#7784 = EDGE_CURVE('',#7785,#7787,#7789,.T.);
#7785 = VERTEX_POINT('',#7786);
#7786 = CARTESIAN_POINT('',(12.6,-19.8,-24.));
#7787 = VERTEX_POINT('',#7788);
#7788 = CARTESIAN_POINT('',(12.6,-19.8,-5.));
#7789 = SURFACE_CURVE('',#7790,(#7794,#7806),.PCURVE_S1.);
#7790 = LINE('',#7791,#7792);
#7791 = CARTESIAN_POINT('',(12.6,-19.8,-24.));
#7792 = VECTOR('',#7793,1.);
#7793 = DIRECTION('',(0.,0.,1.));
#7794 = PCURVE('',#7795,#7800);
#7795 = PLANE('',#7796);
#7796 = AXIS2_PLACEMENT_3D('',#7797,#7798,#7799);
#7797 = CARTESIAN_POINT('',(12.6,-19.8,-24.));
#7798 = DIRECTION('',(1.,0.,-0.));
#7799 = DIRECTION('',(0.,0.,1.));
#7800 = DEFINITIONAL_REPRESENTATION('',(#7801),#7805);
#7801 = LINE('',#7802,#7803);
#7802 = CARTESIAN_POINT('',(0.,0.));
#7803 = VECTOR('',#7804,1.);
#7804 = DIRECTION('',(1.,0.));
#7805 = ( GEOMETRIC_REPRESENTATION_CONTEXT(2) 
PARAMETRIC_REPRESENTATION_CONTEXT() REPRESENTATION_CONTEXT('2D SPACE',''
  ) );
#7806 = PCURVE('',#7807,#7812);
#7807 = PLANE('',#7808);
#7808 = AXIS2_PLACEMENT_3D('',#7809,#7810,#7811);
#7809 = CARTESIAN_POINT('',(12.6,-19.8,-24.));
#7810 = DIRECTION('',(-0.,1.,0.));
#7811 = DIRECTION('',(0.,0.,1.));
#7812 = DEFINITIONAL_REPRESENTATION('',(#7813),#7817);
#7813 = LINE('',#7814,#7815);
#7814 = CARTESIAN_POINT('',(0.,0.));
#7815 = VECTOR('',#7816,1.);
#7816 = DIRECTION('',(1.,0.));
#7817 = ( GEOMETRIC_REPRESENTATION_CONTEXT(2) 
PARAMETRIC_REPRESENTATION_CONTEXT() REPRESENTATION_CONTEXT('2D SPACE',''
  ) );
#7818 = ORIENTED_EDGE('',*,*,#7819,.T.);
#7819 = EDGE_CURVE('',#7785,#7820,#7822,.T.);
#7820 = VERTEX_POINT('',#7821);
#7821 = CARTESIAN_POINT('',(12.6,-15.8,-24.));
#7822 = SURFACE_CURVE('',#7823,(#7827,#7834),.PCURVE_S1.);
#7823 = LINE('',#7824,#7825);
#7824 = CARTESIAN_POINT('',(12.6,-19.8,-24.));
#7825 = VECTOR('',#7826,1.);
#7826 = DIRECTION('',(-0.,1.,0.));
#7827 = PCURVE('',#7795,#7828);
#7828 = DEFINITIONAL_REPRESENTATION('',(#7829),#7833);
#7829 = LINE('',#7830,#7831);
#7830 = CARTESIAN_POINT('',(0.,0.));
#7831 = VECTOR('',#7832,1.);
#7832 = DIRECTION('',(0.,-1.));
#7833 = ( GEOMETRIC_REPRESENTATION_CONTEXT(2) 
PARAMETRIC_REPRESENTATION_CONTEXT() REPRESENTATION_CONTEXT('2D SPACE',''
  ) );
#7834 = PCURVE('',#7835,#7840);
#7835 = PLANE('',#7836);
#7836 = AXIS2_PLACEMENT_3D('',#7837,#7838,#7839);
#7837 = CARTESIAN_POINT('',(12.6,-19.8,-24.));
#7838 = DIRECTION('',(0.,0.,1.));
#7839 = DIRECTION('',(1.,0.,-0.));
#7840 = DEFINITIONAL_REPRESENTATION('',(#7841),#7845);
#7841 = LINE('',#7842,#7843);
#7842 = CARTESIAN_POINT('',(0.,0.));
#7843 = VECTOR('',#7844,1.);
#7844 = DIRECTION('',(0.,1.));
#7845 = ( GEOMETRIC_REPRESENTATION_CONTEXT(2) 
PARAMETRIC_REPRESENTATION_CONTEXT() REPRESENTATION_CONTEXT('2D SPACE',''
  ) );
#7846 = ORIENTED_EDGE('',*,*,#7847,.T.);
#7847 = EDGE_CURVE('',#7820,#7848,#7850,.T.);
#7848 = VERTEX_POINT('',#7849);
#7849 = CARTESIAN_POINT('',(12.6,-15.8,-5.));
#7850 = SURFACE_CURVE('',#7851,(#7855,#7862),.PCURVE_S1.);
#7851 = LINE('',#7852,#7853);
#7852 = CARTESIAN_POINT('',(12.6,-15.8,-24.));
#7853 = VECTOR('',#7854,1.);
#7854 = DIRECTION('',(0.,0.,1.));
#7855 = PCURVE('',#7795,#7856);
#7856 = DEFINITIONAL_REPRESENTATION('',(#7857),#7861);
#7857 = LINE('',#7858,#7859);
#7858 = CARTESIAN_POINT('',(0.,-4.));
#7859 = VECTOR('',#7860,1.);
#7860 = DIRECTION('',(1.,0.));
#7861 = ( GEOMETRIC_REPRESENTATION_CONTEXT(2) 
PARAMETRIC_REPRESENTATION_CONTEXT() REPRESENTATION_CONTEXT('2D SPACE',''
  ) );
#7862 = PCURVE('',#7863,#7868);
#7863 = PLANE('',#7864);
#7864 = AXIS2_PLACEMENT_3D('',#7865,#7866,#7867);
#7865 = CARTESIAN_POINT('',(12.6,-15.8,-24.));
#7866 = DIRECTION('',(-0.,1.,0.));
#7867 = DIRECTION('',(0.,0.,1.));
#7868 = DEFINITIONAL_REPRESENTATION('',(#7869),#7873);
#7869 = LINE('',#7870,#7871);
#7870 = CARTESIAN_POINT('',(0.,0.));
#7871 = VECTOR('',#7872,1.);
#7872 = DIRECTION('',(1.,0.));
#7873 = ( GEOMETRIC_REPRESENTATION_CONTEXT(2) 
PARAMETRIC_REPRESENTATION_CONTEXT() REPRESENTATION_CONTEXT('2D SPACE',''
  ) );
#7874 = ORIENTED_EDGE('',*,*,#7875,.F.);
#7875 = EDGE_CURVE('',#7787,#7848,#7876,.T.);
#7876 = SURFACE_CURVE('',#7877,(#7881,#7888),.PCURVE_S1.);
#7877 = LINE('',#7878,#7879);
#7878 = CARTESIAN_POINT('',(12.6,-19.8,-5.));
#7879 = VECTOR('',#7880,1.);
#7880 = DIRECTION('',(-0.,1.,0.));
#7881 = PCURVE('',#7795,#7882);
#7882 = DEFINITIONAL_REPRESENTATION('',(#7883),#7887);
#7883 = LINE('',#7884,#7885);
#7884 = CARTESIAN_POINT('',(19.,0.));
#7885 = VECTOR('',#7886,1.);
#7886 = DIRECTION('',(0.,-1.));
#7887 = ( GEOMETRIC_REPRESENTATION_CONTEXT(2) 
PARAMETRIC_REPRESENTATION_CONTEXT() REPRESENTATION_CONTEXT('2D SPACE',''
  ) );
#7888 = PCURVE('',#7889,#7894);
#7889 = PLANE('',#7890);
#7890 = AXIS2_PLACEMENT_3D('',#7891,#7892,#7893);
#7891 = CARTESIAN_POINT('',(12.6,-19.8,-5.));
#7892 = DIRECTION('',(0.,0.,1.));
#7893 = DIRECTION('',(1.,0.,-0.));
#7894 = DEFINITIONAL_REPRESENTATION('',(#7895),#7899);
#7895 = LINE('',#7896,#7897);
#7896 = CARTESIAN_POINT('',(0.,0.));
#7897 = VECTOR('',#7898,1.);
#7898 = DIRECTION('',(0.,1.));
#7899 = ( GEOMETRIC_REPRESENTATION_CONTEXT(2) 
PARAMETRIC_REPRESENTATION_CONTEXT() REPRESENTATION_CONTEXT('2D SPACE',''
  ) );
#7900 = ADVANCED_FACE('',(#7901),#7807,.F.);
#7901 = FACE_BOUND('',#7902,.F.);
#7902 = EDGE_LOOP('',(#7903,#7926,#7927,#7950));
#7903 = ORIENTED_EDGE('',*,*,#7904,.F.);
#7904 = EDGE_CURVE('',#7785,#7905,#7907,.T.);
#7905 = VERTEX_POINT('',#7906);
#7906 = CARTESIAN_POINT('',(23.6,-19.8,-24.));
#7907 = SURFACE_CURVE('',#7908,(#7912,#7919),.PCURVE_S1.);
#7908 = LINE('',#7909,#7910);
#7909 = CARTESIAN_POINT('',(12.6,-19.8,-24.));
#7910 = VECTOR('',#7911,1.);
#7911 = DIRECTION('',(1.,0.,-0.));
#7912 = PCURVE('',#7807,#7913);
#7913 = DEFINITIONAL_REPRESENTATION('',(#7914),#7918);
#7914 = LINE('',#7915,#7916);
#7915 = CARTESIAN_POINT('',(0.,0.));
#7916 = VECTOR('',#7917,1.);
#7917 = DIRECTION('',(0.,1.));
#7918 = ( GEOMETRIC_REPRESENTATION_CONTEXT(2) 
PARAMETRIC_REPRESENTATION_CONTEXT() REPRESENTATION_CONTEXT('2D SPACE',''
  ) );
#7919 = PCURVE('',#7835,#7920);
#7920 = DEFINITIONAL_REPRESENTATION('',(#7921),#7925);
#7921 = LINE('',#7922,#7923);
#7922 = CARTESIAN_POINT('',(0.,0.));
#7923 = VECTOR('',#7924,1.);
#7924 = DIRECTION('',(1.,0.));
#7925 = ( GEOMETRIC_REPRESENTATION_CONTEXT(2) 
PARAMETRIC_REPRESENTATION_CONTEXT() REPRESENTATION_CONTEXT('2D SPACE',''
  ) );
#7926 = ORIENTED_EDGE('',*,*,#7784,.T.);
#7927 = ORIENTED_EDGE('',*,*,#7928,.T.);
#7928 = EDGE_CURVE('',#7787,#7929,#7931,.T.);
#7929 = VERTEX_POINT('',#7930);
#7930 = CARTESIAN_POINT('',(23.6,-19.8,-5.));
#7931 = SURFACE_CURVE('',#7932,(#7936,#7943),.PCURVE_S1.);
#7932 = LINE('',#7933,#7934);
#7933 = CARTESIAN_POINT('',(12.6,-19.8,-5.));
#7934 = VECTOR('',#7935,1.);
#7935 = DIRECTION('',(1.,0.,-0.));
#7936 = PCURVE('',#7807,#7937);
#7937 = DEFINITIONAL_REPRESENTATION('',(#7938),#7942);
#7938 = LINE('',#7939,#7940);
#7939 = CARTESIAN_POINT('',(19.,0.));
#7940 = VECTOR('',#7941,1.);
#7941 = DIRECTION('',(0.,1.));
#7942 = ( GEOMETRIC_REPRESENTATION_CONTEXT(2) 
PARAMETRIC_REPRESENTATION_CONTEXT() REPRESENTATION_CONTEXT('2D SPACE',''
  ) );
#7943 = PCURVE('',#7889,#7944);
#7944 = DEFINITIONAL_REPRESENTATION('',(#7945),#7949);
#7945 = LINE('',#7946,#7947);
#7946 = CARTESIAN_POINT('',(0.,0.));
#7947 = VECTOR('',#7948,1.);
#7948 = DIRECTION('',(1.,0.));
#7949 = ( GEOMETRIC_REPRESENTATION_CONTEXT(2) 
PARAMETRIC_REPRESENTATION_CONTEXT() REPRESENTATION_CONTEXT('2D SPACE',''
  ) );
#7950 = ORIENTED_EDGE('',*,*,#7951,.F.);
#7951 = EDGE_CURVE('',#7905,#7929,#7952,.T.);
#7952 = SURFACE_CURVE('',#7953,(#7957,#7964),.PCURVE_S1.);
#7953 = LINE('',#7954,#7955);
#7954 = CARTESIAN_POINT('',(23.6,-19.8,-24.));
#7955 = VECTOR('',#7956,1.);
#7956 = DIRECTION('',(0.,0.,1.));
#7957 = PCURVE('',#7807,#7958);
#7958 = DEFINITIONAL_REPRESENTATION('',(#7959),#7963);
#7959 = LINE('',#7960,#7961);
#7960 = CARTESIAN_POINT('',(0.,11.));
#7961 = VECTOR('',#7962,1.);
#7962 = DIRECTION('',(1.,0.));
#7963 = ( GEOMETRIC_REPRESENTATION_CONTEXT(2) 
PARAMETRIC_REPRESENTATION_CONTEXT() REPRESENTATION_CONTEXT('2D SPACE',''
  ) );
#7964 = PCURVE('',#7965,#7970);
#7965 = PLANE('',#7966);
#7966 = AXIS2_PLACEMENT_3D('',#7967,#7968,#7969);
#7967 = CARTESIAN_POINT('',(23.6,-19.8,-24.));
#7968 = DIRECTION('',(1.,0.,-0.));
#7969 = DIRECTION('',(0.,0.,1.));
#7970 = DEFINITIONAL_REPRESENTATION('',(#7971),#7975);
#7971 = LINE('',#7972,#7973);
#7972 = CARTESIAN_POINT('',(0.,0.));
#7973 = VECTOR('',#7974,1.);
#7974 = DIRECTION('',(1.,0.));
#7975 = ( GEOMETRIC_REPRESENTATION_CONTEXT(2) 
PARAMETRIC_REPRESENTATION_CONTEXT() REPRESENTATION_CONTEXT('2D SPACE',''
  ) );
#7976 = ADVANCED_FACE('',(#7977),#7889,.T.);
#7977 = FACE_BOUND('',#7978,.T.);
#7978 = EDGE_LOOP('',(#7979,#7980,#7981,#8004));
#7979 = ORIENTED_EDGE('',*,*,#7875,.F.);
#7980 = ORIENTED_EDGE('',*,*,#7928,.T.);
#7981 = ORIENTED_EDGE('',*,*,#7982,.T.);
#7982 = EDGE_CURVE('',#7929,#7983,#7985,.T.);
#7983 = VERTEX_POINT('',#7984);
#7984 = CARTESIAN_POINT('',(23.6,-15.8,-5.));
#7985 = SURFACE_CURVE('',#7986,(#7990,#7997),.PCURVE_S1.);
#7986 = LINE('',#7987,#7988);
#7987 = CARTESIAN_POINT('',(23.6,-19.8,-5.));
#7988 = VECTOR('',#7989,1.);
#7989 = DIRECTION('',(-0.,1.,0.));
#7990 = PCURVE('',#7889,#7991);
#7991 = DEFINITIONAL_REPRESENTATION('',(#7992),#7996);
#7992 = LINE('',#7993,#7994);
#7993 = CARTESIAN_POINT('',(11.,0.));
#7994 = VECTOR('',#7995,1.);
#7995 = DIRECTION('',(0.,1.));
#7996 = ( GEOMETRIC_REPRESENTATION_CONTEXT(2) 
PARAMETRIC_REPRESENTATION_CONTEXT() REPRESENTATION_CONTEXT('2D SPACE',''
  ) );
#7997 = PCURVE('',#7965,#7998);
#7998 = DEFINITIONAL_REPRESENTATION('',(#7999),#8003);
#7999 = LINE('',#8000,#8001);
#8000 = CARTESIAN_POINT('',(19.,0.));
#8001 = VECTOR('',#8002,1.);
#8002 = DIRECTION('',(0.,-1.));
#8003 = ( GEOMETRIC_REPRESENTATION_CONTEXT(2) 
PARAMETRIC_REPRESENTATION_CONTEXT() REPRESENTATION_CONTEXT('2D SPACE',''
  ) );
#8004 = ORIENTED_EDGE('',*,*,#8005,.F.);
#8005 = EDGE_CURVE('',#7848,#7983,#8006,.T.);
#8006 = SURFACE_CURVE('',#8007,(#8011,#8018),.PCURVE_S1.);
#8007 = LINE('',#8008,#8009);
#8008 = CARTESIAN_POINT('',(12.6,-15.8,-5.));
#8009 = VECTOR('',#8010,1.);
#8010 = DIRECTION('',(1.,0.,-0.));
#8011 = PCURVE('',#7889,#8012);
#8012 = DEFINITIONAL_REPRESENTATION('',(#8013),#8017);
#8013 = LINE('',#8014,#8015);
#8014 = CARTESIAN_POINT('',(0.,4.));
#8015 = VECTOR('',#8016,1.);
#8016 = DIRECTION('',(1.,0.));
#8017 = ( GEOMETRIC_REPRESENTATION_CONTEXT(2) 
PARAMETRIC_REPRESENTATION_CONTEXT() REPRESENTATION_CONTEXT('2D SPACE',''
  ) );
#8018 = PCURVE('',#7863,#8019);
#8019 = DEFINITIONAL_REPRESENTATION('',(#8020),#8024);
#8020 = LINE('',#8021,#8022);
#8021 = CARTESIAN_POINT('',(19.,0.));
#8022 = VECTOR('',#8023,1.);
#8023 = DIRECTION('',(0.,1.));
#8024 = ( GEOMETRIC_REPRESENTATION_CONTEXT(2) 
PARAMETRIC_REPRESENTATION_CONTEXT() REPRESENTATION_CONTEXT('2D SPACE',''
  ) );
#8025 = ADVANCED_FACE('',(#8026),#7863,.T.);
#8026 = FACE_BOUND('',#8027,.T.);
#8027 = EDGE_LOOP('',(#8028,#8051,#8052,#8053));
#8028 = ORIENTED_EDGE('',*,*,#8029,.F.);
#8029 = EDGE_CURVE('',#7820,#8030,#8032,.T.);
#8030 = VERTEX_POINT('',#8031);
#8031 = CARTESIAN_POINT('',(23.6,-15.8,-24.));
#8032 = SURFACE_CURVE('',#8033,(#8037,#8044),.PCURVE_S1.);
#8033 = LINE('',#8034,#8035);
#8034 = CARTESIAN_POINT('',(12.6,-15.8,-24.));
#8035 = VECTOR('',#8036,1.);
#8036 = DIRECTION('',(1.,0.,-0.));
#8037 = PCURVE('',#7863,#8038);
#8038 = DEFINITIONAL_REPRESENTATION('',(#8039),#8043);
#8039 = LINE('',#8040,#8041);
#8040 = CARTESIAN_POINT('',(0.,0.));
#8041 = VECTOR('',#8042,1.);
#8042 = DIRECTION('',(0.,1.));
#8043 = ( GEOMETRIC_REPRESENTATION_CONTEXT(2) 
PARAMETRIC_REPRESENTATION_CONTEXT() REPRESENTATION_CONTEXT('2D SPACE',''
  ) );
#8044 = PCURVE('',#7835,#8045);
#8045 = DEFINITIONAL_REPRESENTATION('',(#8046),#8050);
#8046 = LINE('',#8047,#8048);
#8047 = CARTESIAN_POINT('',(0.,4.));
#8048 = VECTOR('',#8049,1.);
#8049 = DIRECTION('',(1.,0.));
#8050 = ( GEOMETRIC_REPRESENTATION_CONTEXT(2) 
PARAMETRIC_REPRESENTATION_CONTEXT() REPRESENTATION_CONTEXT('2D SPACE',''
  ) );
#8051 = ORIENTED_EDGE('',*,*,#7847,.T.);
#8052 = ORIENTED_EDGE('',*,*,#8005,.T.);
#8053 = ORIENTED_EDGE('',*,*,#8054,.F.);
#8054 = EDGE_CURVE('',#8030,#7983,#8055,.T.);
#8055 = SURFACE_CURVE('',#8056,(#8060,#8067),.PCURVE_S1.);
#8056 = LINE('',#8057,#8058);
#8057 = CARTESIAN_POINT('',(23.6,-15.8,-24.));
#8058 = VECTOR('',#8059,1.);
#8059 = DIRECTION('',(0.,0.,1.));
#8060 = PCURVE('',#7863,#8061);
#8061 = DEFINITIONAL_REPRESENTATION('',(#8062),#8066);
#8062 = LINE('',#8063,#8064);
#8063 = CARTESIAN_POINT('',(0.,11.));
#8064 = VECTOR('',#8065,1.);
#8065 = DIRECTION('',(1.,0.));
#8066 = ( GEOMETRIC_REPRESENTATION_CONTEXT(2) 
PARAMETRIC_REPRESENTATION_CONTEXT() REPRESENTATION_CONTEXT('2D SPACE',''
  ) );
#8067 = PCURVE('',#7965,#8068);
#8068 = DEFINITIONAL_REPRESENTATION('',(#8069),#8073);
#8069 = LINE('',#8070,#8071);
#8070 = CARTESIAN_POINT('',(0.,-4.));
#8071 = VECTOR('',#8072,1.);
#8072 = DIRECTION('',(1.,0.));
#8073 = ( GEOMETRIC_REPRESENTATION_CONTEXT(2) 
PARAMETRIC_REPRESENTATION_CONTEXT() REPRESENTATION_CONTEXT('2D SPACE',''
  ) );
#8074 = ADVANCED_FACE('',(#8075,#8101),#7835,.F.);
#8075 = FACE_BOUND('',#8076,.F.);
#8076 = EDGE_LOOP('',(#8077,#8078,#8079,#8100));
#8077 = ORIENTED_EDGE('',*,*,#7819,.F.);
#8078 = ORIENTED_EDGE('',*,*,#7904,.T.);
#8079 = ORIENTED_EDGE('',*,*,#8080,.T.);
#8080 = EDGE_CURVE('',#7905,#8030,#8081,.T.);
#8081 = SURFACE_CURVE('',#8082,(#8086,#8093),.PCURVE_S1.);
#8082 = LINE('',#8083,#8084);
#8083 = CARTESIAN_POINT('',(23.6,-19.8,-24.));
#8084 = VECTOR('',#8085,1.);
#8085 = DIRECTION('',(-0.,1.,0.));
#8086 = PCURVE('',#7835,#8087);
#8087 = DEFINITIONAL_REPRESENTATION('',(#8088),#8092);
#8088 = LINE('',#8089,#8090);
#8089 = CARTESIAN_POINT('',(11.,0.));
#8090 = VECTOR('',#8091,1.);
#8091 = DIRECTION('',(0.,1.));
#8092 = ( GEOMETRIC_REPRESENTATION_CONTEXT(2) 
PARAMETRIC_REPRESENTATION_CONTEXT() REPRESENTATION_CONTEXT('2D SPACE',''
  ) );
#8093 = PCURVE('',#7965,#8094);
#8094 = DEFINITIONAL_REPRESENTATION('',(#8095),#8099);
#8095 = LINE('',#8096,#8097);
#8096 = CARTESIAN_POINT('',(0.,0.));
#8097 = VECTOR('',#8098,1.);
#8098 = DIRECTION('',(0.,-1.));
#8099 = ( GEOMETRIC_REPRESENTATION_CONTEXT(2) 
PARAMETRIC_REPRESENTATION_CONTEXT() REPRESENTATION_CONTEXT('2D SPACE',''
  ) );
#8100 = ORIENTED_EDGE('',*,*,#8029,.F.);
#8101 = FACE_BOUND('',#8102,.F.);
#8102 = EDGE_LOOP('',(#8103,#8131,#8157,#8183));
#8103 = ORIENTED_EDGE('',*,*,#8104,.T.);
#8104 = EDGE_CURVE('',#8105,#8107,#8109,.T.);
#8105 = VERTEX_POINT('',#8106);
#8106 = CARTESIAN_POINT('',(22.55,-19.4,-24.));
#8107 = VERTEX_POINT('',#8108);
#8108 = CARTESIAN_POINT('',(13.65,-19.4,-24.));
#8109 = SURFACE_CURVE('',#8110,(#8114,#8120),.PCURVE_S1.);
#8110 = LINE('',#8111,#8112);
#8111 = CARTESIAN_POINT('',(13.125,-19.4,-24.));
#8112 = VECTOR('',#8113,1.);
#8113 = DIRECTION('',(-1.,-0.,0.));
#8114 = PCURVE('',#7835,#8115);
#8115 = DEFINITIONAL_REPRESENTATION('',(#8116),#8119);
#8116 = B_SPLINE_CURVE_WITH_KNOTS('',1,(#8117,#8118),.UNSPECIFIED.,.F.,
  .F.,(2,2),(-9.425,-0.525),.PIECEWISE_BEZIER_KNOTS.);
#8117 = CARTESIAN_POINT('',(9.95,0.4));
#8118 = CARTESIAN_POINT('',(1.05,0.4));
#8119 = ( GEOMETRIC_REPRESENTATION_CONTEXT(2) 
PARAMETRIC_REPRESENTATION_CONTEXT() REPRESENTATION_CONTEXT('2D SPACE',''
  ) );
#8120 = PCURVE('',#8121,#8126);
#8121 = PLANE('',#8122);
#8122 = AXIS2_PLACEMENT_3D('',#8123,#8124,#8125);
#8123 = CARTESIAN_POINT('',(13.65,-19.4,-25.2));
#8124 = DIRECTION('',(-0.,1.,0.));
#8125 = DIRECTION('',(0.,0.,1.));
#8126 = DEFINITIONAL_REPRESENTATION('',(#8127),#8130);
#8127 = B_SPLINE_CURVE_WITH_KNOTS('',1,(#8128,#8129),.UNSPECIFIED.,.F.,
  .F.,(2,2),(-9.425,-0.525),.PIECEWISE_BEZIER_KNOTS.);
#8128 = CARTESIAN_POINT('',(1.2,8.9));
#8129 = CARTESIAN_POINT('',(1.2,0.));
#8130 = ( GEOMETRIC_REPRESENTATION_CONTEXT(2) 
PARAMETRIC_REPRESENTATION_CONTEXT() REPRESENTATION_CONTEXT('2D SPACE',''
  ) );
#8131 = ORIENTED_EDGE('',*,*,#8132,.T.);
#8132 = EDGE_CURVE('',#8107,#8133,#8135,.T.);
#8133 = VERTEX_POINT('',#8134);
#8134 = CARTESIAN_POINT('',(13.65,-16.2,-24.));
#8135 = SURFACE_CURVE('',#8136,(#8140,#8146),.PCURVE_S1.);
#8136 = LINE('',#8137,#8138);
#8137 = CARTESIAN_POINT('',(13.65,-19.6,-24.));
#8138 = VECTOR('',#8139,1.);
#8139 = DIRECTION('',(-0.,1.,0.));
#8140 = PCURVE('',#7835,#8141);
#8141 = DEFINITIONAL_REPRESENTATION('',(#8142),#8145);
#8142 = B_SPLINE_CURVE_WITH_KNOTS('',1,(#8143,#8144),.UNSPECIFIED.,.F.,
  .F.,(2,2),(0.2,3.4),.PIECEWISE_BEZIER_KNOTS.);
#8143 = CARTESIAN_POINT('',(1.05,0.4));
#8144 = CARTESIAN_POINT('',(1.05,3.6));
#8145 = ( GEOMETRIC_REPRESENTATION_CONTEXT(2) 
PARAMETRIC_REPRESENTATION_CONTEXT() REPRESENTATION_CONTEXT('2D SPACE',''
  ) );
#8146 = PCURVE('',#8147,#8152);
#8147 = PLANE('',#8148);
#8148 = AXIS2_PLACEMENT_3D('',#8149,#8150,#8151);
#8149 = CARTESIAN_POINT('',(13.65,-19.4,-25.2));
#8150 = DIRECTION('',(1.,0.,-0.));
#8151 = DIRECTION('',(0.,0.,1.));
#8152 = DEFINITIONAL_REPRESENTATION('',(#8153),#8156);
#8153 = B_SPLINE_CURVE_WITH_KNOTS('',1,(#8154,#8155),.UNSPECIFIED.,.F.,
  .F.,(2,2),(0.2,3.4),.PIECEWISE_BEZIER_KNOTS.);
#8154 = CARTESIAN_POINT('',(1.2,0.));
#8155 = CARTESIAN_POINT('',(1.2,-3.2));
#8156 = ( GEOMETRIC_REPRESENTATION_CONTEXT(2) 
PARAMETRIC_REPRESENTATION_CONTEXT() REPRESENTATION_CONTEXT('2D SPACE',''
  ) );
#8157 = ORIENTED_EDGE('',*,*,#8158,.F.);
#8158 = EDGE_CURVE('',#8159,#8133,#8161,.T.);
#8159 = VERTEX_POINT('',#8160);
#8160 = CARTESIAN_POINT('',(22.55,-16.2,-24.));
#8161 = SURFACE_CURVE('',#8162,(#8166,#8172),.PCURVE_S1.);
#8162 = LINE('',#8163,#8164);
#8163 = CARTESIAN_POINT('',(13.125,-16.2,-24.));
#8164 = VECTOR('',#8165,1.);
#8165 = DIRECTION('',(-1.,-0.,0.));
#8166 = PCURVE('',#7835,#8167);
#8167 = DEFINITIONAL_REPRESENTATION('',(#8168),#8171);
#8168 = B_SPLINE_CURVE_WITH_KNOTS('',1,(#8169,#8170),.UNSPECIFIED.,.F.,
  .F.,(2,2),(-9.425,-0.525),.PIECEWISE_BEZIER_KNOTS.);
#8169 = CARTESIAN_POINT('',(9.95,3.6));
#8170 = CARTESIAN_POINT('',(1.05,3.6));
#8171 = ( GEOMETRIC_REPRESENTATION_CONTEXT(2) 
PARAMETRIC_REPRESENTATION_CONTEXT() REPRESENTATION_CONTEXT('2D SPACE',''
  ) );
#8172 = PCURVE('',#8173,#8178);
#8173 = PLANE('',#8174);
#8174 = AXIS2_PLACEMENT_3D('',#8175,#8176,#8177);
#8175 = CARTESIAN_POINT('',(13.65,-16.2,-25.2));
#8176 = DIRECTION('',(-0.,1.,0.));
#8177 = DIRECTION('',(0.,0.,1.));
#8178 = DEFINITIONAL_REPRESENTATION('',(#8179),#8182);
#8179 = B_SPLINE_CURVE_WITH_KNOTS('',1,(#8180,#8181),.UNSPECIFIED.,.F.,
  .F.,(2,2),(-9.425,-0.525),.PIECEWISE_BEZIER_KNOTS.);
#8180 = CARTESIAN_POINT('',(1.2,8.9));
#8181 = CARTESIAN_POINT('',(1.2,0.));
#8182 = ( GEOMETRIC_REPRESENTATION_CONTEXT(2) 
PARAMETRIC_REPRESENTATION_CONTEXT() REPRESENTATION_CONTEXT('2D SPACE',''
  ) );
#8183 = ORIENTED_EDGE('',*,*,#8184,.F.);
#8184 = EDGE_CURVE('',#8105,#8159,#8185,.T.);
#8185 = SURFACE_CURVE('',#8186,(#8190,#8196),.PCURVE_S1.);
#8186 = LINE('',#8187,#8188);
#8187 = CARTESIAN_POINT('',(22.55,-19.6,-24.));
#8188 = VECTOR('',#8189,1.);
#8189 = DIRECTION('',(-0.,1.,0.));
#8190 = PCURVE('',#7835,#8191);
#8191 = DEFINITIONAL_REPRESENTATION('',(#8192),#8195);
#8192 = B_SPLINE_CURVE_WITH_KNOTS('',1,(#8193,#8194),.UNSPECIFIED.,.F.,
  .F.,(2,2),(0.2,3.4),.PIECEWISE_BEZIER_KNOTS.);
#8193 = CARTESIAN_POINT('',(9.95,0.4));
#8194 = CARTESIAN_POINT('',(9.95,3.6));
#8195 = ( GEOMETRIC_REPRESENTATION_CONTEXT(2) 
PARAMETRIC_REPRESENTATION_CONTEXT() REPRESENTATION_CONTEXT('2D SPACE',''
  ) );
#8196 = PCURVE('',#8197,#8202);
#8197 = PLANE('',#8198);
#8198 = AXIS2_PLACEMENT_3D('',#8199,#8200,#8201);
#8199 = CARTESIAN_POINT('',(22.55,-19.4,-25.2));
#8200 = DIRECTION('',(1.,0.,-0.));
#8201 = DIRECTION('',(0.,0.,1.));
#8202 = DEFINITIONAL_REPRESENTATION('',(#8203),#8206);
#8203 = B_SPLINE_CURVE_WITH_KNOTS('',1,(#8204,#8205),.UNSPECIFIED.,.F.,
  .F.,(2,2),(0.2,3.4),.PIECEWISE_BEZIER_KNOTS.);
#8204 = CARTESIAN_POINT('',(1.2,0.));
#8205 = CARTESIAN_POINT('',(1.2,-3.2));
#8206 = ( GEOMETRIC_REPRESENTATION_CONTEXT(2) 
PARAMETRIC_REPRESENTATION_CONTEXT() REPRESENTATION_CONTEXT('2D SPACE',''
  ) );
#8207 = ADVANCED_FACE('',(#8208),#7965,.T.);
#8208 = FACE_BOUND('',#8209,.T.);
#8209 = EDGE_LOOP('',(#8210,#8211,#8212,#8213));
#8210 = ORIENTED_EDGE('',*,*,#7951,.F.);
#8211 = ORIENTED_EDGE('',*,*,#8080,.T.);
#8212 = ORIENTED_EDGE('',*,*,#8054,.T.);
#8213 = ORIENTED_EDGE('',*,*,#7982,.F.);
#8214 = ADVANCED_FACE('',(#8215),#8121,.F.);
#8215 = FACE_BOUND('',#8216,.F.);
#8216 = EDGE_LOOP('',(#8217,#8240,#8268,#8289));
#8217 = ORIENTED_EDGE('',*,*,#8218,.F.);
#8218 = EDGE_CURVE('',#8219,#8105,#8221,.T.);
#8219 = VERTEX_POINT('',#8220);
#8220 = CARTESIAN_POINT('',(22.55,-19.4,-25.2));
#8221 = SURFACE_CURVE('',#8222,(#8226,#8233),.PCURVE_S1.);
#8222 = LINE('',#8223,#8224);
#8223 = CARTESIAN_POINT('',(22.55,-19.4,-25.2));
#8224 = VECTOR('',#8225,1.);
#8225 = DIRECTION('',(0.,0.,1.));
#8226 = PCURVE('',#8121,#8227);
#8227 = DEFINITIONAL_REPRESENTATION('',(#8228),#8232);
#8228 = LINE('',#8229,#8230);
#8229 = CARTESIAN_POINT('',(0.,8.9));
#8230 = VECTOR('',#8231,1.);
#8231 = DIRECTION('',(1.,0.));
#8232 = ( GEOMETRIC_REPRESENTATION_CONTEXT(2) 
PARAMETRIC_REPRESENTATION_CONTEXT() REPRESENTATION_CONTEXT('2D SPACE',''
  ) );
#8233 = PCURVE('',#8197,#8234);
#8234 = DEFINITIONAL_REPRESENTATION('',(#8235),#8239);
#8235 = LINE('',#8236,#8237);
#8236 = CARTESIAN_POINT('',(0.,0.));
#8237 = VECTOR('',#8238,1.);
#8238 = DIRECTION('',(1.,0.));
#8239 = ( GEOMETRIC_REPRESENTATION_CONTEXT(2) 
PARAMETRIC_REPRESENTATION_CONTEXT() REPRESENTATION_CONTEXT('2D SPACE',''
  ) );
#8240 = ORIENTED_EDGE('',*,*,#8241,.F.);
#8241 = EDGE_CURVE('',#8242,#8219,#8244,.T.);
#8242 = VERTEX_POINT('',#8243);
#8243 = CARTESIAN_POINT('',(13.65,-19.4,-25.2));
#8244 = SURFACE_CURVE('',#8245,(#8249,#8256),.PCURVE_S1.);
#8245 = LINE('',#8246,#8247);
#8246 = CARTESIAN_POINT('',(13.65,-19.4,-25.2));
#8247 = VECTOR('',#8248,1.);
#8248 = DIRECTION('',(1.,0.,-0.));
#8249 = PCURVE('',#8121,#8250);
#8250 = DEFINITIONAL_REPRESENTATION('',(#8251),#8255);
#8251 = LINE('',#8252,#8253);
#8252 = CARTESIAN_POINT('',(0.,0.));
#8253 = VECTOR('',#8254,1.);
#8254 = DIRECTION('',(0.,1.));
#8255 = ( GEOMETRIC_REPRESENTATION_CONTEXT(2) 
PARAMETRIC_REPRESENTATION_CONTEXT() REPRESENTATION_CONTEXT('2D SPACE',''
  ) );
#8256 = PCURVE('',#8257,#8262);
#8257 = PLANE('',#8258);
#8258 = AXIS2_PLACEMENT_3D('',#8259,#8260,#8261);
#8259 = CARTESIAN_POINT('',(13.65,-19.4,-25.2));
#8260 = DIRECTION('',(0.,0.,1.));
#8261 = DIRECTION('',(1.,0.,-0.));
#8262 = DEFINITIONAL_REPRESENTATION('',(#8263),#8267);
#8263 = LINE('',#8264,#8265);
#8264 = CARTESIAN_POINT('',(0.,0.));
#8265 = VECTOR('',#8266,1.);
#8266 = DIRECTION('',(1.,0.));
#8267 = ( GEOMETRIC_REPRESENTATION_CONTEXT(2) 
PARAMETRIC_REPRESENTATION_CONTEXT() REPRESENTATION_CONTEXT('2D SPACE',''
  ) );
#8268 = ORIENTED_EDGE('',*,*,#8269,.T.);
#8269 = EDGE_CURVE('',#8242,#8107,#8270,.T.);
#8270 = SURFACE_CURVE('',#8271,(#8275,#8282),.PCURVE_S1.);
#8271 = LINE('',#8272,#8273);
#8272 = CARTESIAN_POINT('',(13.65,-19.4,-25.2));
#8273 = VECTOR('',#8274,1.);
#8274 = DIRECTION('',(0.,0.,1.));
#8275 = PCURVE('',#8121,#8276);
#8276 = DEFINITIONAL_REPRESENTATION('',(#8277),#8281);
#8277 = LINE('',#8278,#8279);
#8278 = CARTESIAN_POINT('',(0.,0.));
#8279 = VECTOR('',#8280,1.);
#8280 = DIRECTION('',(1.,0.));
#8281 = ( GEOMETRIC_REPRESENTATION_CONTEXT(2) 
PARAMETRIC_REPRESENTATION_CONTEXT() REPRESENTATION_CONTEXT('2D SPACE',''
  ) );
#8282 = PCURVE('',#8147,#8283);
#8283 = DEFINITIONAL_REPRESENTATION('',(#8284),#8288);
#8284 = LINE('',#8285,#8286);
#8285 = CARTESIAN_POINT('',(0.,0.));
#8286 = VECTOR('',#8287,1.);
#8287 = DIRECTION('',(1.,0.));
#8288 = ( GEOMETRIC_REPRESENTATION_CONTEXT(2) 
PARAMETRIC_REPRESENTATION_CONTEXT() REPRESENTATION_CONTEXT('2D SPACE',''
  ) );
#8289 = ORIENTED_EDGE('',*,*,#8104,.F.);
#8290 = ADVANCED_FACE('',(#8291),#8197,.T.);
#8291 = FACE_BOUND('',#8292,.T.);
#8292 = EDGE_LOOP('',(#8293,#8294,#8317,#8338));
#8293 = ORIENTED_EDGE('',*,*,#8218,.F.);
#8294 = ORIENTED_EDGE('',*,*,#8295,.T.);
#8295 = EDGE_CURVE('',#8219,#8296,#8298,.T.);
#8296 = VERTEX_POINT('',#8297);
#8297 = CARTESIAN_POINT('',(22.55,-16.2,-25.2));
#8298 = SURFACE_CURVE('',#8299,(#8303,#8310),.PCURVE_S1.);
#8299 = LINE('',#8300,#8301);
#8300 = CARTESIAN_POINT('',(22.55,-19.4,-25.2));
#8301 = VECTOR('',#8302,1.);
#8302 = DIRECTION('',(-0.,1.,0.));
#8303 = PCURVE('',#8197,#8304);
#8304 = DEFINITIONAL_REPRESENTATION('',(#8305),#8309);
#8305 = LINE('',#8306,#8307);
#8306 = CARTESIAN_POINT('',(0.,0.));
#8307 = VECTOR('',#8308,1.);
#8308 = DIRECTION('',(0.,-1.));
#8309 = ( GEOMETRIC_REPRESENTATION_CONTEXT(2) 
PARAMETRIC_REPRESENTATION_CONTEXT() REPRESENTATION_CONTEXT('2D SPACE',''
  ) );
#8310 = PCURVE('',#8257,#8311);
#8311 = DEFINITIONAL_REPRESENTATION('',(#8312),#8316);
#8312 = LINE('',#8313,#8314);
#8313 = CARTESIAN_POINT('',(8.9,0.));
#8314 = VECTOR('',#8315,1.);
#8315 = DIRECTION('',(0.,1.));
#8316 = ( GEOMETRIC_REPRESENTATION_CONTEXT(2) 
PARAMETRIC_REPRESENTATION_CONTEXT() REPRESENTATION_CONTEXT('2D SPACE',''
  ) );
#8317 = ORIENTED_EDGE('',*,*,#8318,.T.);
#8318 = EDGE_CURVE('',#8296,#8159,#8319,.T.);
#8319 = SURFACE_CURVE('',#8320,(#8324,#8331),.PCURVE_S1.);
#8320 = LINE('',#8321,#8322);
#8321 = CARTESIAN_POINT('',(22.55,-16.2,-25.2));
#8322 = VECTOR('',#8323,1.);
#8323 = DIRECTION('',(0.,0.,1.));
#8324 = PCURVE('',#8197,#8325);
#8325 = DEFINITIONAL_REPRESENTATION('',(#8326),#8330);
#8326 = LINE('',#8327,#8328);
#8327 = CARTESIAN_POINT('',(0.,-3.2));
#8328 = VECTOR('',#8329,1.);
#8329 = DIRECTION('',(1.,0.));
#8330 = ( GEOMETRIC_REPRESENTATION_CONTEXT(2) 
PARAMETRIC_REPRESENTATION_CONTEXT() REPRESENTATION_CONTEXT('2D SPACE',''
  ) );
#8331 = PCURVE('',#8173,#8332);
#8332 = DEFINITIONAL_REPRESENTATION('',(#8333),#8337);
#8333 = LINE('',#8334,#8335);
#8334 = CARTESIAN_POINT('',(0.,8.9));
#8335 = VECTOR('',#8336,1.);
#8336 = DIRECTION('',(1.,0.));
#8337 = ( GEOMETRIC_REPRESENTATION_CONTEXT(2) 
PARAMETRIC_REPRESENTATION_CONTEXT() REPRESENTATION_CONTEXT('2D SPACE',''
  ) );
#8338 = ORIENTED_EDGE('',*,*,#8184,.F.);
#8339 = ADVANCED_FACE('',(#8340),#8173,.T.);
#8340 = FACE_BOUND('',#8341,.T.);
#8341 = EDGE_LOOP('',(#8342,#8343,#8366,#8387));
#8342 = ORIENTED_EDGE('',*,*,#8318,.F.);
#8343 = ORIENTED_EDGE('',*,*,#8344,.F.);
#8344 = EDGE_CURVE('',#8345,#8296,#8347,.T.);
#8345 = VERTEX_POINT('',#8346);
#8346 = CARTESIAN_POINT('',(13.65,-16.2,-25.2));
#8347 = SURFACE_CURVE('',#8348,(#8352,#8359),.PCURVE_S1.);
#8348 = LINE('',#8349,#8350);
#8349 = CARTESIAN_POINT('',(13.65,-16.2,-25.2));
#8350 = VECTOR('',#8351,1.);
#8351 = DIRECTION('',(1.,0.,-0.));
#8352 = PCURVE('',#8173,#8353);
#8353 = DEFINITIONAL_REPRESENTATION('',(#8354),#8358);
#8354 = LINE('',#8355,#8356);
#8355 = CARTESIAN_POINT('',(0.,0.));
#8356 = VECTOR('',#8357,1.);
#8357 = DIRECTION('',(0.,1.));
#8358 = ( GEOMETRIC_REPRESENTATION_CONTEXT(2) 
PARAMETRIC_REPRESENTATION_CONTEXT() REPRESENTATION_CONTEXT('2D SPACE',''
  ) );
#8359 = PCURVE('',#8257,#8360);
#8360 = DEFINITIONAL_REPRESENTATION('',(#8361),#8365);
#8361 = LINE('',#8362,#8363);
#8362 = CARTESIAN_POINT('',(0.,3.2));
#8363 = VECTOR('',#8364,1.);
#8364 = DIRECTION('',(1.,0.));
#8365 = ( GEOMETRIC_REPRESENTATION_CONTEXT(2) 
PARAMETRIC_REPRESENTATION_CONTEXT() REPRESENTATION_CONTEXT('2D SPACE',''
  ) );
#8366 = ORIENTED_EDGE('',*,*,#8367,.T.);
#8367 = EDGE_CURVE('',#8345,#8133,#8368,.T.);
#8368 = SURFACE_CURVE('',#8369,(#8373,#8380),.PCURVE_S1.);
#8369 = LINE('',#8370,#8371);
#8370 = CARTESIAN_POINT('',(13.65,-16.2,-25.2));
#8371 = VECTOR('',#8372,1.);
#8372 = DIRECTION('',(0.,0.,1.));
#8373 = PCURVE('',#8173,#8374);
#8374 = DEFINITIONAL_REPRESENTATION('',(#8375),#8379);
#8375 = LINE('',#8376,#8377);
#8376 = CARTESIAN_POINT('',(0.,0.));
#8377 = VECTOR('',#8378,1.);
#8378 = DIRECTION('',(1.,0.));
#8379 = ( GEOMETRIC_REPRESENTATION_CONTEXT(2) 
PARAMETRIC_REPRESENTATION_CONTEXT() REPRESENTATION_CONTEXT('2D SPACE',''
  ) );
#8380 = PCURVE('',#8147,#8381);
#8381 = DEFINITIONAL_REPRESENTATION('',(#8382),#8386);
#8382 = LINE('',#8383,#8384);
#8383 = CARTESIAN_POINT('',(0.,-3.2));
#8384 = VECTOR('',#8385,1.);
#8385 = DIRECTION('',(1.,0.));
#8386 = ( GEOMETRIC_REPRESENTATION_CONTEXT(2) 
PARAMETRIC_REPRESENTATION_CONTEXT() REPRESENTATION_CONTEXT('2D SPACE',''
  ) );
#8387 = ORIENTED_EDGE('',*,*,#8158,.F.);
#8388 = ADVANCED_FACE('',(#8389),#8147,.F.);
#8389 = FACE_BOUND('',#8390,.F.);
#8390 = EDGE_LOOP('',(#8391,#8392,#8413,#8414));
#8391 = ORIENTED_EDGE('',*,*,#8269,.F.);
#8392 = ORIENTED_EDGE('',*,*,#8393,.T.);
#8393 = EDGE_CURVE('',#8242,#8345,#8394,.T.);
#8394 = SURFACE_CURVE('',#8395,(#8399,#8406),.PCURVE_S1.);
#8395 = LINE('',#8396,#8397);
#8396 = CARTESIAN_POINT('',(13.65,-19.4,-25.2));
#8397 = VECTOR('',#8398,1.);
#8398 = DIRECTION('',(-0.,1.,0.));
#8399 = PCURVE('',#8147,#8400);
#8400 = DEFINITIONAL_REPRESENTATION('',(#8401),#8405);
#8401 = LINE('',#8402,#8403);
#8402 = CARTESIAN_POINT('',(0.,0.));
#8403 = VECTOR('',#8404,1.);
#8404 = DIRECTION('',(0.,-1.));
#8405 = ( GEOMETRIC_REPRESENTATION_CONTEXT(2) 
PARAMETRIC_REPRESENTATION_CONTEXT() REPRESENTATION_CONTEXT('2D SPACE',''
  ) );
#8406 = PCURVE('',#8257,#8407);
#8407 = DEFINITIONAL_REPRESENTATION('',(#8408),#8412);
#8408 = LINE('',#8409,#8410);
#8409 = CARTESIAN_POINT('',(0.,0.));
#8410 = VECTOR('',#8411,1.);
#8411 = DIRECTION('',(0.,1.));
#8412 = ( GEOMETRIC_REPRESENTATION_CONTEXT(2) 
PARAMETRIC_REPRESENTATION_CONTEXT() REPRESENTATION_CONTEXT('2D SPACE',''
  ) );
#8413 = ORIENTED_EDGE('',*,*,#8367,.T.);
#8414 = ORIENTED_EDGE('',*,*,#8132,.F.);
#8415 = ADVANCED_FACE('',(#8416),#8257,.F.);
#8416 = FACE_BOUND('',#8417,.F.);
#8417 = EDGE_LOOP('',(#8418,#8419,#8420,#8421));
#8418 = ORIENTED_EDGE('',*,*,#8393,.F.);
#8419 = ORIENTED_EDGE('',*,*,#8241,.T.);
#8420 = ORIENTED_EDGE('',*,*,#8295,.T.);
#8421 = ORIENTED_EDGE('',*,*,#8344,.F.);
#8422 = MANIFOLD_SOLID_BREP('',#8423);
#8423 = CLOSED_SHELL('',(#8424,#8544,#8644,#8691,#8738,#8745));
#8424 = ADVANCED_FACE('',(#8425),#8439,.F.);
#8425 = FACE_BOUND('',#8426,.F.);
#8426 = EDGE_LOOP('',(#8427,#8462,#8490,#8518));
#8427 = ORIENTED_EDGE('',*,*,#8428,.F.);
#8428 = EDGE_CURVE('',#8429,#8431,#8433,.T.);
#8429 = VERTEX_POINT('',#8430);
#8430 = CARTESIAN_POINT('',(12.8,-28.,4.));
#8431 = VERTEX_POINT('',#8432);
#8432 = CARTESIAN_POINT('',(12.8,-28.,13.));
#8433 = SURFACE_CURVE('',#8434,(#8438,#8450),.PCURVE_S1.);
#8434 = LINE('',#8435,#8436);
#8435 = CARTESIAN_POINT('',(12.8,-28.,4.));
#8436 = VECTOR('',#8437,1.);
#8437 = DIRECTION('',(0.,0.,1.));
#8438 = PCURVE('',#8439,#8444);
#8439 = PLANE('',#8440);
#8440 = AXIS2_PLACEMENT_3D('',#8441,#8442,#8443);
#8441 = CARTESIAN_POINT('',(12.8,-28.,4.));
#8442 = DIRECTION('',(1.,0.,-0.));
#8443 = DIRECTION('',(0.,0.,1.));
#8444 = DEFINITIONAL_REPRESENTATION('',(#8445),#8449);
#8445 = LINE('',#8446,#8447);
#8446 = CARTESIAN_POINT('',(0.,0.));
#8447 = VECTOR('',#8448,1.);
#8448 = DIRECTION('',(1.,0.));
#8449 = ( GEOMETRIC_REPRESENTATION_CONTEXT(2) 
PARAMETRIC_REPRESENTATION_CONTEXT() REPRESENTATION_CONTEXT('2D SPACE',''
  ) );
#8450 = PCURVE('',#8451,#8456);
#8451 = PLANE('',#8452);
#8452 = AXIS2_PLACEMENT_3D('',#8453,#8454,#8455);
#8453 = CARTESIAN_POINT('',(12.8,-28.,4.));
#8454 = DIRECTION('',(-0.,1.,0.));
#8455 = DIRECTION('',(0.,0.,1.));
#8456 = DEFINITIONAL_REPRESENTATION('',(#8457),#8461);
#8457 = LINE('',#8458,#8459);
#8458 = CARTESIAN_POINT('',(0.,0.));
#8459 = VECTOR('',#8460,1.);
#8460 = DIRECTION('',(1.,0.));
#8461 = ( GEOMETRIC_REPRESENTATION_CONTEXT(2) 
PARAMETRIC_REPRESENTATION_CONTEXT() REPRESENTATION_CONTEXT('2D SPACE',''
  ) );
#8462 = ORIENTED_EDGE('',*,*,#8463,.T.);
#8463 = EDGE_CURVE('',#8429,#8464,#8466,.T.);
#8464 = VERTEX_POINT('',#8465);
#8465 = CARTESIAN_POINT('',(12.8,-25.,4.));
#8466 = SURFACE_CURVE('',#8467,(#8471,#8478),.PCURVE_S1.);
#8467 = LINE('',#8468,#8469);
#8468 = CARTESIAN_POINT('',(12.8,-28.,4.));
#8469 = VECTOR('',#8470,1.);
#8470 = DIRECTION('',(-0.,1.,0.));
#8471 = PCURVE('',#8439,#8472);
#8472 = DEFINITIONAL_REPRESENTATION('',(#8473),#8477);
#8473 = LINE('',#8474,#8475);
#8474 = CARTESIAN_POINT('',(0.,0.));
#8475 = VECTOR('',#8476,1.);
#8476 = DIRECTION('',(0.,-1.));
#8477 = ( GEOMETRIC_REPRESENTATION_CONTEXT(2) 
PARAMETRIC_REPRESENTATION_CONTEXT() REPRESENTATION_CONTEXT('2D SPACE',''
  ) );
#8478 = PCURVE('',#8479,#8484);
#8479 = PLANE('',#8480);
#8480 = AXIS2_PLACEMENT_3D('',#8481,#8482,#8483);
#8481 = CARTESIAN_POINT('',(12.8,-28.,4.));
#8482 = DIRECTION('',(0.,0.,1.));
#8483 = DIRECTION('',(1.,0.,-0.));
#8484 = DEFINITIONAL_REPRESENTATION('',(#8485),#8489);
#8485 = LINE('',#8486,#8487);
#8486 = CARTESIAN_POINT('',(0.,0.));
#8487 = VECTOR('',#8488,1.);
#8488 = DIRECTION('',(0.,1.));
#8489 = ( GEOMETRIC_REPRESENTATION_CONTEXT(2) 
PARAMETRIC_REPRESENTATION_CONTEXT() REPRESENTATION_CONTEXT('2D SPACE',''
  ) );
#8490 = ORIENTED_EDGE('',*,*,#8491,.T.);
#8491 = EDGE_CURVE('',#8464,#8492,#8494,.T.);
#8492 = VERTEX_POINT('',#8493);
#8493 = CARTESIAN_POINT('',(12.8,-25.,13.));
#8494 = SURFACE_CURVE('',#8495,(#8499,#8506),.PCURVE_S1.);
#8495 = LINE('',#8496,#8497);
#8496 = CARTESIAN_POINT('',(12.8,-25.,4.));
#8497 = VECTOR('',#8498,1.);
#8498 = DIRECTION('',(0.,0.,1.));
#8499 = PCURVE('',#8439,#8500);
#8500 = DEFINITIONAL_REPRESENTATION('',(#8501),#8505);
#8501 = LINE('',#8502,#8503);
#8502 = CARTESIAN_POINT('',(0.,-3.));
#8503 = VECTOR('',#8504,1.);
#8504 = DIRECTION('',(1.,0.));
#8505 = ( GEOMETRIC_REPRESENTATION_CONTEXT(2) 
PARAMETRIC_REPRESENTATION_CONTEXT() REPRESENTATION_CONTEXT('2D SPACE',''
  ) );
#8506 = PCURVE('',#8507,#8512);
#8507 = PLANE('',#8508);
#8508 = AXIS2_PLACEMENT_3D('',#8509,#8510,#8511);
#8509 = CARTESIAN_POINT('',(12.8,-25.,4.));
#8510 = DIRECTION('',(-0.,1.,0.));
#8511 = DIRECTION('',(0.,0.,1.));
#8512 = DEFINITIONAL_REPRESENTATION('',(#8513),#8517);
#8513 = LINE('',#8514,#8515);
#8514 = CARTESIAN_POINT('',(0.,0.));
#8515 = VECTOR('',#8516,1.);
#8516 = DIRECTION('',(1.,0.));
#8517 = ( GEOMETRIC_REPRESENTATION_CONTEXT(2) 
PARAMETRIC_REPRESENTATION_CONTEXT() REPRESENTATION_CONTEXT('2D SPACE',''
  ) );
#8518 = ORIENTED_EDGE('',*,*,#8519,.F.);
#8519 = EDGE_CURVE('',#8431,#8492,#8520,.T.);
#8520 = SURFACE_CURVE('',#8521,(#8525,#8532),.PCURVE_S1.);
#8521 = LINE('',#8522,#8523);
#8522 = CARTESIAN_POINT('',(12.8,-28.,13.));
#8523 = VECTOR('',#8524,1.);
#8524 = DIRECTION('',(-0.,1.,0.));
#8525 = PCURVE('',#8439,#8526);
#8526 = DEFINITIONAL_REPRESENTATION('',(#8527),#8531);
#8527 = LINE('',#8528,#8529);
#8528 = CARTESIAN_POINT('',(9.,0.));
#8529 = VECTOR('',#8530,1.);
#8530 = DIRECTION('',(0.,-1.));
#8531 = ( GEOMETRIC_REPRESENTATION_CONTEXT(2) 
PARAMETRIC_REPRESENTATION_CONTEXT() REPRESENTATION_CONTEXT('2D SPACE',''
  ) );
#8532 = PCURVE('',#8533,#8538);
#8533 = PLANE('',#8534);
#8534 = AXIS2_PLACEMENT_3D('',#8535,#8536,#8537);
#8535 = CARTESIAN_POINT('',(12.8,-28.,13.));
#8536 = DIRECTION('',(0.,0.,1.));
#8537 = DIRECTION('',(1.,0.,-0.));
#8538 = DEFINITIONAL_REPRESENTATION('',(#8539),#8543);
#8539 = LINE('',#8540,#8541);
#8540 = CARTESIAN_POINT('',(0.,0.));
#8541 = VECTOR('',#8542,1.);
#8542 = DIRECTION('',(0.,1.));
#8543 = ( GEOMETRIC_REPRESENTATION_CONTEXT(2) 
PARAMETRIC_REPRESENTATION_CONTEXT() REPRESENTATION_CONTEXT('2D SPACE',''
  ) );
#8544 = ADVANCED_FACE('',(#8545),#8559,.T.);
#8545 = FACE_BOUND('',#8546,.T.);
#8546 = EDGE_LOOP('',(#8547,#8577,#8600,#8623));
#8547 = ORIENTED_EDGE('',*,*,#8548,.F.);
#8548 = EDGE_CURVE('',#8549,#8551,#8553,.T.);
#8549 = VERTEX_POINT('',#8550);
#8550 = CARTESIAN_POINT('',(24.2,-28.,4.));
#8551 = VERTEX_POINT('',#8552);
#8552 = CARTESIAN_POINT('',(24.2,-28.,13.));
#8553 = SURFACE_CURVE('',#8554,(#8558,#8570),.PCURVE_S1.);
#8554 = LINE('',#8555,#8556);
#8555 = CARTESIAN_POINT('',(24.2,-28.,4.));
#8556 = VECTOR('',#8557,1.);
#8557 = DIRECTION('',(0.,0.,1.));
#8558 = PCURVE('',#8559,#8564);
#8559 = PLANE('',#8560);
#8560 = AXIS2_PLACEMENT_3D('',#8561,#8562,#8563);
#8561 = CARTESIAN_POINT('',(24.2,-28.,4.));
#8562 = DIRECTION('',(1.,0.,-0.));
#8563 = DIRECTION('',(0.,0.,1.));
#8564 = DEFINITIONAL_REPRESENTATION('',(#8565),#8569);
#8565 = LINE('',#8566,#8567);
#8566 = CARTESIAN_POINT('',(0.,0.));
#8567 = VECTOR('',#8568,1.);
#8568 = DIRECTION('',(1.,0.));
#8569 = ( GEOMETRIC_REPRESENTATION_CONTEXT(2) 
PARAMETRIC_REPRESENTATION_CONTEXT() REPRESENTATION_CONTEXT('2D SPACE',''
  ) );
#8570 = PCURVE('',#8451,#8571);
#8571 = DEFINITIONAL_REPRESENTATION('',(#8572),#8576);
#8572 = LINE('',#8573,#8574);
#8573 = CARTESIAN_POINT('',(0.,11.4));
#8574 = VECTOR('',#8575,1.);
#8575 = DIRECTION('',(1.,0.));
#8576 = ( GEOMETRIC_REPRESENTATION_CONTEXT(2) 
PARAMETRIC_REPRESENTATION_CONTEXT() REPRESENTATION_CONTEXT('2D SPACE',''
  ) );
#8577 = ORIENTED_EDGE('',*,*,#8578,.T.);
#8578 = EDGE_CURVE('',#8549,#8579,#8581,.T.);
#8579 = VERTEX_POINT('',#8580);
#8580 = CARTESIAN_POINT('',(24.2,-25.,4.));
#8581 = SURFACE_CURVE('',#8582,(#8586,#8593),.PCURVE_S1.);
#8582 = LINE('',#8583,#8584);
#8583 = CARTESIAN_POINT('',(24.2,-28.,4.));
#8584 = VECTOR('',#8585,1.);
#8585 = DIRECTION('',(-0.,1.,0.));
#8586 = PCURVE('',#8559,#8587);
#8587 = DEFINITIONAL_REPRESENTATION('',(#8588),#8592);
#8588 = LINE('',#8589,#8590);
#8589 = CARTESIAN_POINT('',(0.,0.));
#8590 = VECTOR('',#8591,1.);
#8591 = DIRECTION('',(0.,-1.));
#8592 = ( GEOMETRIC_REPRESENTATION_CONTEXT(2) 
PARAMETRIC_REPRESENTATION_CONTEXT() REPRESENTATION_CONTEXT('2D SPACE',''
  ) );
#8593 = PCURVE('',#8479,#8594);
#8594 = DEFINITIONAL_REPRESENTATION('',(#8595),#8599);
#8595 = LINE('',#8596,#8597);
#8596 = CARTESIAN_POINT('',(11.4,0.));
#8597 = VECTOR('',#8598,1.);
#8598 = DIRECTION('',(0.,1.));
#8599 = ( GEOMETRIC_REPRESENTATION_CONTEXT(2) 
PARAMETRIC_REPRESENTATION_CONTEXT() REPRESENTATION_CONTEXT('2D SPACE',''
  ) );
#8600 = ORIENTED_EDGE('',*,*,#8601,.T.);
#8601 = EDGE_CURVE('',#8579,#8602,#8604,.T.);
#8602 = VERTEX_POINT('',#8603);
#8603 = CARTESIAN_POINT('',(24.2,-25.,13.));
#8604 = SURFACE_CURVE('',#8605,(#8609,#8616),.PCURVE_S1.);
#8605 = LINE('',#8606,#8607);
#8606 = CARTESIAN_POINT('',(24.2,-25.,4.));
#8607 = VECTOR('',#8608,1.);
#8608 = DIRECTION('',(0.,0.,1.));
#8609 = PCURVE('',#8559,#8610);
#8610 = DEFINITIONAL_REPRESENTATION('',(#8611),#8615);
#8611 = LINE('',#8612,#8613);
#8612 = CARTESIAN_POINT('',(0.,-3.));
#8613 = VECTOR('',#8614,1.);
#8614 = DIRECTION('',(1.,0.));
#8615 = ( GEOMETRIC_REPRESENTATION_CONTEXT(2) 
PARAMETRIC_REPRESENTATION_CONTEXT() REPRESENTATION_CONTEXT('2D SPACE',''
  ) );
#8616 = PCURVE('',#8507,#8617);
#8617 = DEFINITIONAL_REPRESENTATION('',(#8618),#8622);
#8618 = LINE('',#8619,#8620);
#8619 = CARTESIAN_POINT('',(0.,11.4));
#8620 = VECTOR('',#8621,1.);
#8621 = DIRECTION('',(1.,0.));
#8622 = ( GEOMETRIC_REPRESENTATION_CONTEXT(2) 
PARAMETRIC_REPRESENTATION_CONTEXT() REPRESENTATION_CONTEXT('2D SPACE',''
  ) );
#8623 = ORIENTED_EDGE('',*,*,#8624,.F.);
#8624 = EDGE_CURVE('',#8551,#8602,#8625,.T.);
#8625 = SURFACE_CURVE('',#8626,(#8630,#8637),.PCURVE_S1.);
#8626 = LINE('',#8627,#8628);
#8627 = CARTESIAN_POINT('',(24.2,-28.,13.));
#8628 = VECTOR('',#8629,1.);
#8629 = DIRECTION('',(-0.,1.,0.));
#8630 = PCURVE('',#8559,#8631);
#8631 = DEFINITIONAL_REPRESENTATION('',(#8632),#8636);
#8632 = LINE('',#8633,#8634);
#8633 = CARTESIAN_POINT('',(9.,0.));
#8634 = VECTOR('',#8635,1.);
#8635 = DIRECTION('',(0.,-1.));
#8636 = ( GEOMETRIC_REPRESENTATION_CONTEXT(2) 
PARAMETRIC_REPRESENTATION_CONTEXT() REPRESENTATION_CONTEXT('2D SPACE',''
  ) );
#8637 = PCURVE('',#8533,#8638);
#8638 = DEFINITIONAL_REPRESENTATION('',(#8639),#8643);
#8639 = LINE('',#8640,#8641);
#8640 = CARTESIAN_POINT('',(11.4,0.));
#8641 = VECTOR('',#8642,1.);
#8642 = DIRECTION('',(0.,1.));
#8643 = ( GEOMETRIC_REPRESENTATION_CONTEXT(2) 
PARAMETRIC_REPRESENTATION_CONTEXT() REPRESENTATION_CONTEXT('2D SPACE',''
  ) );
#8644 = ADVANCED_FACE('',(#8645),#8451,.F.);
#8645 = FACE_BOUND('',#8646,.F.);
#8646 = EDGE_LOOP('',(#8647,#8668,#8669,#8690));
#8647 = ORIENTED_EDGE('',*,*,#8648,.F.);
#8648 = EDGE_CURVE('',#8429,#8549,#8649,.T.);
#8649 = SURFACE_CURVE('',#8650,(#8654,#8661),.PCURVE_S1.);
#8650 = LINE('',#8651,#8652);
#8651 = CARTESIAN_POINT('',(12.8,-28.,4.));
#8652 = VECTOR('',#8653,1.);
#8653 = DIRECTION('',(1.,0.,-0.));
#8654 = PCURVE('',#8451,#8655);
#8655 = DEFINITIONAL_REPRESENTATION('',(#8656),#8660);
#8656 = LINE('',#8657,#8658);
#8657 = CARTESIAN_POINT('',(0.,0.));
#8658 = VECTOR('',#8659,1.);
#8659 = DIRECTION('',(0.,1.));
#8660 = ( GEOMETRIC_REPRESENTATION_CONTEXT(2) 
PARAMETRIC_REPRESENTATION_CONTEXT() REPRESENTATION_CONTEXT('2D SPACE',''
  ) );
#8661 = PCURVE('',#8479,#8662);
#8662 = DEFINITIONAL_REPRESENTATION('',(#8663),#8667);
#8663 = LINE('',#8664,#8665);
#8664 = CARTESIAN_POINT('',(0.,0.));
#8665 = VECTOR('',#8666,1.);
#8666 = DIRECTION('',(1.,0.));
#8667 = ( GEOMETRIC_REPRESENTATION_CONTEXT(2) 
PARAMETRIC_REPRESENTATION_CONTEXT() REPRESENTATION_CONTEXT('2D SPACE',''
  ) );
#8668 = ORIENTED_EDGE('',*,*,#8428,.T.);
#8669 = ORIENTED_EDGE('',*,*,#8670,.T.);
#8670 = EDGE_CURVE('',#8431,#8551,#8671,.T.);
#8671 = SURFACE_CURVE('',#8672,(#8676,#8683),.PCURVE_S1.);
#8672 = LINE('',#8673,#8674);
#8673 = CARTESIAN_POINT('',(12.8,-28.,13.));
#8674 = VECTOR('',#8675,1.);
#8675 = DIRECTION('',(1.,0.,-0.));
#8676 = PCURVE('',#8451,#8677);
#8677 = DEFINITIONAL_REPRESENTATION('',(#8678),#8682);
#8678 = LINE('',#8679,#8680);
#8679 = CARTESIAN_POINT('',(9.,0.));
#8680 = VECTOR('',#8681,1.);
#8681 = DIRECTION('',(0.,1.));
#8682 = ( GEOMETRIC_REPRESENTATION_CONTEXT(2) 
PARAMETRIC_REPRESENTATION_CONTEXT() REPRESENTATION_CONTEXT('2D SPACE',''
  ) );
#8683 = PCURVE('',#8533,#8684);
#8684 = DEFINITIONAL_REPRESENTATION('',(#8685),#8689);
#8685 = LINE('',#8686,#8687);
#8686 = CARTESIAN_POINT('',(0.,0.));
#8687 = VECTOR('',#8688,1.);
#8688 = DIRECTION('',(1.,0.));
#8689 = ( GEOMETRIC_REPRESENTATION_CONTEXT(2) 
PARAMETRIC_REPRESENTATION_CONTEXT() REPRESENTATION_CONTEXT('2D SPACE',''
  ) );
#8690 = ORIENTED_EDGE('',*,*,#8548,.F.);
#8691 = ADVANCED_FACE('',(#8692),#8507,.T.);
#8692 = FACE_BOUND('',#8693,.T.);
#8693 = EDGE_LOOP('',(#8694,#8715,#8716,#8737));
#8694 = ORIENTED_EDGE('',*,*,#8695,.F.);
#8695 = EDGE_CURVE('',#8464,#8579,#8696,.T.);
#8696 = SURFACE_CURVE('',#8697,(#8701,#8708),.PCURVE_S1.);
#8697 = LINE('',#8698,#8699);
#8698 = CARTESIAN_POINT('',(12.8,-25.,4.));
#8699 = VECTOR('',#8700,1.);
#8700 = DIRECTION('',(1.,0.,-0.));
#8701 = PCURVE('',#8507,#8702);
#8702 = DEFINITIONAL_REPRESENTATION('',(#8703),#8707);
#8703 = LINE('',#8704,#8705);
#8704 = CARTESIAN_POINT('',(0.,0.));
#8705 = VECTOR('',#8706,1.);
#8706 = DIRECTION('',(0.,1.));
#8707 = ( GEOMETRIC_REPRESENTATION_CONTEXT(2) 
PARAMETRIC_REPRESENTATION_CONTEXT() REPRESENTATION_CONTEXT('2D SPACE',''
  ) );
#8708 = PCURVE('',#8479,#8709);
#8709 = DEFINITIONAL_REPRESENTATION('',(#8710),#8714);
#8710 = LINE('',#8711,#8712);
#8711 = CARTESIAN_POINT('',(0.,3.));
#8712 = VECTOR('',#8713,1.);
#8713 = DIRECTION('',(1.,0.));
#8714 = ( GEOMETRIC_REPRESENTATION_CONTEXT(2) 
PARAMETRIC_REPRESENTATION_CONTEXT() REPRESENTATION_CONTEXT('2D SPACE',''
  ) );
#8715 = ORIENTED_EDGE('',*,*,#8491,.T.);
#8716 = ORIENTED_EDGE('',*,*,#8717,.T.);
#8717 = EDGE_CURVE('',#8492,#8602,#8718,.T.);
#8718 = SURFACE_CURVE('',#8719,(#8723,#8730),.PCURVE_S1.);
#8719 = LINE('',#8720,#8721);
#8720 = CARTESIAN_POINT('',(12.8,-25.,13.));
#8721 = VECTOR('',#8722,1.);
#8722 = DIRECTION('',(1.,0.,-0.));
#8723 = PCURVE('',#8507,#8724);
#8724 = DEFINITIONAL_REPRESENTATION('',(#8725),#8729);
#8725 = LINE('',#8726,#8727);
#8726 = CARTESIAN_POINT('',(9.,0.));
#8727 = VECTOR('',#8728,1.);
#8728 = DIRECTION('',(0.,1.));
#8729 = ( GEOMETRIC_REPRESENTATION_CONTEXT(2) 
PARAMETRIC_REPRESENTATION_CONTEXT() REPRESENTATION_CONTEXT('2D SPACE',''
  ) );
#8730 = PCURVE('',#8533,#8731);
#8731 = DEFINITIONAL_REPRESENTATION('',(#8732),#8736);
#8732 = LINE('',#8733,#8734);
#8733 = CARTESIAN_POINT('',(0.,3.));
#8734 = VECTOR('',#8735,1.);
#8735 = DIRECTION('',(1.,0.));
#8736 = ( GEOMETRIC_REPRESENTATION_CONTEXT(2) 
PARAMETRIC_REPRESENTATION_CONTEXT() REPRESENTATION_CONTEXT('2D SPACE',''
  ) );
#8737 = ORIENTED_EDGE('',*,*,#8601,.F.);
#8738 = ADVANCED_FACE('',(#8739),#8479,.F.);
#8739 = FACE_BOUND('',#8740,.F.);
#8740 = EDGE_LOOP('',(#8741,#8742,#8743,#8744));
#8741 = ORIENTED_EDGE('',*,*,#8463,.F.);
#8742 = ORIENTED_EDGE('',*,*,#8648,.T.);
#8743 = ORIENTED_EDGE('',*,*,#8578,.T.);
#8744 = ORIENTED_EDGE('',*,*,#8695,.F.);
#8745 = ADVANCED_FACE('',(#8746),#8533,.T.);
#8746 = FACE_BOUND('',#8747,.T.);
#8747 = EDGE_LOOP('',(#8748,#8749,#8750,#8751));
#8748 = ORIENTED_EDGE('',*,*,#8519,.F.);
#8749 = ORIENTED_EDGE('',*,*,#8670,.T.);
#8750 = ORIENTED_EDGE('',*,*,#8624,.T.);
#8751 = ORIENTED_EDGE('',*,*,#8717,.F.);
#8752 = MANIFOLD_SOLID_BREP('',#8753);
#8753 = CLOSED_SHELL('',(#8754,#8874,#8974,#9021,#9068,#9075));
#8754 = ADVANCED_FACE('',(#8755),#8769,.F.);
#8755 = FACE_BOUND('',#8756,.F.);
#8756 = EDGE_LOOP('',(#8757,#8792,#8820,#8848));
#8757 = ORIENTED_EDGE('',*,*,#8758,.F.);
#8758 = EDGE_CURVE('',#8759,#8761,#8763,.T.);
#8759 = VERTEX_POINT('',#8760);
#8760 = CARTESIAN_POINT('',(13.5,-28.,-24.));
#8761 = VERTEX_POINT('',#8762);
#8762 = CARTESIAN_POINT('',(13.5,-28.,-14.));
#8763 = SURFACE_CURVE('',#8764,(#8768,#8780),.PCURVE_S1.);
#8764 = LINE('',#8765,#8766);
#8765 = CARTESIAN_POINT('',(13.5,-28.,-24.));
#8766 = VECTOR('',#8767,1.);
#8767 = DIRECTION('',(0.,0.,1.));
#8768 = PCURVE('',#8769,#8774);
#8769 = PLANE('',#8770);
#8770 = AXIS2_PLACEMENT_3D('',#8771,#8772,#8773);
#8771 = CARTESIAN_POINT('',(13.5,-28.,-24.));
#8772 = DIRECTION('',(1.,0.,-0.));
#8773 = DIRECTION('',(0.,0.,1.));
#8774 = DEFINITIONAL_REPRESENTATION('',(#8775),#8779);
#8775 = LINE('',#8776,#8777);
#8776 = CARTESIAN_POINT('',(0.,0.));
#8777 = VECTOR('',#8778,1.);
#8778 = DIRECTION('',(1.,0.));
#8779 = ( GEOMETRIC_REPRESENTATION_CONTEXT(2) 
PARAMETRIC_REPRESENTATION_CONTEXT() REPRESENTATION_CONTEXT('2D SPACE',''
  ) );
#8780 = PCURVE('',#8781,#8786);
#8781 = PLANE('',#8782);
#8782 = AXIS2_PLACEMENT_3D('',#8783,#8784,#8785);
#8783 = CARTESIAN_POINT('',(13.5,-28.,-24.));
#8784 = DIRECTION('',(-0.,1.,0.));
#8785 = DIRECTION('',(0.,0.,1.));
#8786 = DEFINITIONAL_REPRESENTATION('',(#8787),#8791);
#8787 = LINE('',#8788,#8789);
#8788 = CARTESIAN_POINT('',(0.,0.));
#8789 = VECTOR('',#8790,1.);
#8790 = DIRECTION('',(1.,0.));
#8791 = ( GEOMETRIC_REPRESENTATION_CONTEXT(2) 
PARAMETRIC_REPRESENTATION_CONTEXT() REPRESENTATION_CONTEXT('2D SPACE',''
  ) );
#8792 = ORIENTED_EDGE('',*,*,#8793,.T.);
#8793 = EDGE_CURVE('',#8759,#8794,#8796,.T.);
#8794 = VERTEX_POINT('',#8795);
#8795 = CARTESIAN_POINT('',(13.5,-26.,-24.));
#8796 = SURFACE_CURVE('',#8797,(#8801,#8808),.PCURVE_S1.);
#8797 = LINE('',#8798,#8799);
#8798 = CARTESIAN_POINT('',(13.5,-28.,-24.));
#8799 = VECTOR('',#8800,1.);
#8800 = DIRECTION('',(-0.,1.,0.));
#8801 = PCURVE('',#8769,#8802);
#8802 = DEFINITIONAL_REPRESENTATION('',(#8803),#8807);
#8803 = LINE('',#8804,#8805);
#8804 = CARTESIAN_POINT('',(0.,0.));
#8805 = VECTOR('',#8806,1.);
#8806 = DIRECTION('',(0.,-1.));
#8807 = ( GEOMETRIC_REPRESENTATION_CONTEXT(2) 
PARAMETRIC_REPRESENTATION_CONTEXT() REPRESENTATION_CONTEXT('2D SPACE',''
  ) );
#8808 = PCURVE('',#8809,#8814);
#8809 = PLANE('',#8810);
#8810 = AXIS2_PLACEMENT_3D('',#8811,#8812,#8813);
#8811 = CARTESIAN_POINT('',(13.5,-28.,-24.));
#8812 = DIRECTION('',(0.,0.,1.));
#8813 = DIRECTION('',(1.,0.,-0.));
#8814 = DEFINITIONAL_REPRESENTATION('',(#8815),#8819);
#8815 = LINE('',#8816,#8817);
#8816 = CARTESIAN_POINT('',(0.,0.));
#8817 = VECTOR('',#8818,1.);
#8818 = DIRECTION('',(0.,1.));
#8819 = ( GEOMETRIC_REPRESENTATION_CONTEXT(2) 
PARAMETRIC_REPRESENTATION_CONTEXT() REPRESENTATION_CONTEXT('2D SPACE',''
  ) );
#8820 = ORIENTED_EDGE('',*,*,#8821,.T.);
#8821 = EDGE_CURVE('',#8794,#8822,#8824,.T.);
#8822 = VERTEX_POINT('',#8823);
#8823 = CARTESIAN_POINT('',(13.5,-26.,-14.));
#8824 = SURFACE_CURVE('',#8825,(#8829,#8836),.PCURVE_S1.);
#8825 = LINE('',#8826,#8827);
#8826 = CARTESIAN_POINT('',(13.5,-26.,-24.));
#8827 = VECTOR('',#8828,1.);
#8828 = DIRECTION('',(0.,0.,1.));
#8829 = PCURVE('',#8769,#8830);
#8830 = DEFINITIONAL_REPRESENTATION('',(#8831),#8835);
#8831 = LINE('',#8832,#8833);
#8832 = CARTESIAN_POINT('',(0.,-2.));
#8833 = VECTOR('',#8834,1.);
#8834 = DIRECTION('',(1.,0.));
#8835 = ( GEOMETRIC_REPRESENTATION_CONTEXT(2) 
PARAMETRIC_REPRESENTATION_CONTEXT() REPRESENTATION_CONTEXT('2D SPACE',''
  ) );
#8836 = PCURVE('',#8837,#8842);
#8837 = PLANE('',#8838);
#8838 = AXIS2_PLACEMENT_3D('',#8839,#8840,#8841);
#8839 = CARTESIAN_POINT('',(13.5,-26.,-24.));
#8840 = DIRECTION('',(-0.,1.,0.));
#8841 = DIRECTION('',(0.,0.,1.));
#8842 = DEFINITIONAL_REPRESENTATION('',(#8843),#8847);
#8843 = LINE('',#8844,#8845);
#8844 = CARTESIAN_POINT('',(0.,0.));
#8845 = VECTOR('',#8846,1.);
#8846 = DIRECTION('',(1.,0.));
#8847 = ( GEOMETRIC_REPRESENTATION_CONTEXT(2) 
PARAMETRIC_REPRESENTATION_CONTEXT() REPRESENTATION_CONTEXT('2D SPACE',''
  ) );
#8848 = ORIENTED_EDGE('',*,*,#8849,.F.);
#8849 = EDGE_CURVE('',#8761,#8822,#8850,.T.);
#8850 = SURFACE_CURVE('',#8851,(#8855,#8862),.PCURVE_S1.);
#8851 = LINE('',#8852,#8853);
#8852 = CARTESIAN_POINT('',(13.5,-28.,-14.));
#8853 = VECTOR('',#8854,1.);
#8854 = DIRECTION('',(-0.,1.,0.));
#8855 = PCURVE('',#8769,#8856);
#8856 = DEFINITIONAL_REPRESENTATION('',(#8857),#8861);
#8857 = LINE('',#8858,#8859);
#8858 = CARTESIAN_POINT('',(10.,0.));
#8859 = VECTOR('',#8860,1.);
#8860 = DIRECTION('',(0.,-1.));
#8861 = ( GEOMETRIC_REPRESENTATION_CONTEXT(2) 
PARAMETRIC_REPRESENTATION_CONTEXT() REPRESENTATION_CONTEXT('2D SPACE',''
  ) );
#8862 = PCURVE('',#8863,#8868);
#8863 = PLANE('',#8864);
#8864 = AXIS2_PLACEMENT_3D('',#8865,#8866,#8867);
#8865 = CARTESIAN_POINT('',(13.5,-28.,-14.));
#8866 = DIRECTION('',(0.,0.,1.));
#8867 = DIRECTION('',(1.,0.,-0.));
#8868 = DEFINITIONAL_REPRESENTATION('',(#8869),#8873);
#8869 = LINE('',#8870,#8871);
#8870 = CARTESIAN_POINT('',(0.,0.));
#8871 = VECTOR('',#8872,1.);
#8872 = DIRECTION('',(0.,1.));
#8873 = ( GEOMETRIC_REPRESENTATION_CONTEXT(2) 
PARAMETRIC_REPRESENTATION_CONTEXT() REPRESENTATION_CONTEXT('2D SPACE',''
  ) );
#8874 = ADVANCED_FACE('',(#8875),#8889,.T.);
#8875 = FACE_BOUND('',#8876,.T.);
#8876 = EDGE_LOOP('',(#8877,#8907,#8930,#8953));
#8877 = ORIENTED_EDGE('',*,*,#8878,.F.);
#8878 = EDGE_CURVE('',#8879,#8881,#8883,.T.);
#8879 = VERTEX_POINT('',#8880);
#8880 = CARTESIAN_POINT('',(23.5,-28.,-24.));
#8881 = VERTEX_POINT('',#8882);
#8882 = CARTESIAN_POINT('',(23.5,-28.,-14.));
#8883 = SURFACE_CURVE('',#8884,(#8888,#8900),.PCURVE_S1.);
#8884 = LINE('',#8885,#8886);
#8885 = CARTESIAN_POINT('',(23.5,-28.,-24.));
#8886 = VECTOR('',#8887,1.);
#8887 = DIRECTION('',(0.,0.,1.));
#8888 = PCURVE('',#8889,#8894);
#8889 = PLANE('',#8890);
#8890 = AXIS2_PLACEMENT_3D('',#8891,#8892,#8893);
#8891 = CARTESIAN_POINT('',(23.5,-28.,-24.));
#8892 = DIRECTION('',(1.,0.,-0.));
#8893 = DIRECTION('',(0.,0.,1.));
#8894 = DEFINITIONAL_REPRESENTATION('',(#8895),#8899);
#8895 = LINE('',#8896,#8897);
#8896 = CARTESIAN_POINT('',(0.,0.));
#8897 = VECTOR('',#8898,1.);
#8898 = DIRECTION('',(1.,0.));
#8899 = ( GEOMETRIC_REPRESENTATION_CONTEXT(2) 
PARAMETRIC_REPRESENTATION_CONTEXT() REPRESENTATION_CONTEXT('2D SPACE',''
  ) );
#8900 = PCURVE('',#8781,#8901);
#8901 = DEFINITIONAL_REPRESENTATION('',(#8902),#8906);
#8902 = LINE('',#8903,#8904);
#8903 = CARTESIAN_POINT('',(0.,10.));
#8904 = VECTOR('',#8905,1.);
#8905 = DIRECTION('',(1.,0.));
#8906 = ( GEOMETRIC_REPRESENTATION_CONTEXT(2) 
PARAMETRIC_REPRESENTATION_CONTEXT() REPRESENTATION_CONTEXT('2D SPACE',''
  ) );
#8907 = ORIENTED_EDGE('',*,*,#8908,.T.);
#8908 = EDGE_CURVE('',#8879,#8909,#8911,.T.);
#8909 = VERTEX_POINT('',#8910);
#8910 = CARTESIAN_POINT('',(23.5,-26.,-24.));
#8911 = SURFACE_CURVE('',#8912,(#8916,#8923),.PCURVE_S1.);
#8912 = LINE('',#8913,#8914);
#8913 = CARTESIAN_POINT('',(23.5,-28.,-24.));
#8914 = VECTOR('',#8915,1.);
#8915 = DIRECTION('',(-0.,1.,0.));
#8916 = PCURVE('',#8889,#8917);
#8917 = DEFINITIONAL_REPRESENTATION('',(#8918),#8922);
#8918 = LINE('',#8919,#8920);
#8919 = CARTESIAN_POINT('',(0.,0.));
#8920 = VECTOR('',#8921,1.);
#8921 = DIRECTION('',(0.,-1.));
#8922 = ( GEOMETRIC_REPRESENTATION_CONTEXT(2) 
PARAMETRIC_REPRESENTATION_CONTEXT() REPRESENTATION_CONTEXT('2D SPACE',''
  ) );
#8923 = PCURVE('',#8809,#8924);
#8924 = DEFINITIONAL_REPRESENTATION('',(#8925),#8929);
#8925 = LINE('',#8926,#8927);
#8926 = CARTESIAN_POINT('',(10.,0.));
#8927 = VECTOR('',#8928,1.);
#8928 = DIRECTION('',(0.,1.));
#8929 = ( GEOMETRIC_REPRESENTATION_CONTEXT(2) 
PARAMETRIC_REPRESENTATION_CONTEXT() REPRESENTATION_CONTEXT('2D SPACE',''
  ) );
#8930 = ORIENTED_EDGE('',*,*,#8931,.T.);
#8931 = EDGE_CURVE('',#8909,#8932,#8934,.T.);
#8932 = VERTEX_POINT('',#8933);
#8933 = CARTESIAN_POINT('',(23.5,-26.,-14.));
#8934 = SURFACE_CURVE('',#8935,(#8939,#8946),.PCURVE_S1.);
#8935 = LINE('',#8936,#8937);
#8936 = CARTESIAN_POINT('',(23.5,-26.,-24.));
#8937 = VECTOR('',#8938,1.);
#8938 = DIRECTION('',(0.,0.,1.));
#8939 = PCURVE('',#8889,#8940);
#8940 = DEFINITIONAL_REPRESENTATION('',(#8941),#8945);
#8941 = LINE('',#8942,#8943);
#8942 = CARTESIAN_POINT('',(0.,-2.));
#8943 = VECTOR('',#8944,1.);
#8944 = DIRECTION('',(1.,0.));
#8945 = ( GEOMETRIC_REPRESENTATION_CONTEXT(2) 
PARAMETRIC_REPRESENTATION_CONTEXT() REPRESENTATION_CONTEXT('2D SPACE',''
  ) );
#8946 = PCURVE('',#8837,#8947);
#8947 = DEFINITIONAL_REPRESENTATION('',(#8948),#8952);
#8948 = LINE('',#8949,#8950);
#8949 = CARTESIAN_POINT('',(0.,10.));
#8950 = VECTOR('',#8951,1.);
#8951 = DIRECTION('',(1.,0.));
#8952 = ( GEOMETRIC_REPRESENTATION_CONTEXT(2) 
PARAMETRIC_REPRESENTATION_CONTEXT() REPRESENTATION_CONTEXT('2D SPACE',''
  ) );
#8953 = ORIENTED_EDGE('',*,*,#8954,.F.);
#8954 = EDGE_CURVE('',#8881,#8932,#8955,.T.);
#8955 = SURFACE_CURVE('',#8956,(#8960,#8967),.PCURVE_S1.);
#8956 = LINE('',#8957,#8958);
#8957 = CARTESIAN_POINT('',(23.5,-28.,-14.));
#8958 = VECTOR('',#8959,1.);
#8959 = DIRECTION('',(-0.,1.,0.));
#8960 = PCURVE('',#8889,#8961);
#8961 = DEFINITIONAL_REPRESENTATION('',(#8962),#8966);
#8962 = LINE('',#8963,#8964);
#8963 = CARTESIAN_POINT('',(10.,0.));
#8964 = VECTOR('',#8965,1.);
#8965 = DIRECTION('',(0.,-1.));
#8966 = ( GEOMETRIC_REPRESENTATION_CONTEXT(2) 
PARAMETRIC_REPRESENTATION_CONTEXT() REPRESENTATION_CONTEXT('2D SPACE',''
  ) );
#8967 = PCURVE('',#8863,#8968);
#8968 = DEFINITIONAL_REPRESENTATION('',(#8969),#8973);
#8969 = LINE('',#8970,#8971);
#8970 = CARTESIAN_POINT('',(10.,0.));
#8971 = VECTOR('',#8972,1.);
#8972 = DIRECTION('',(0.,1.));
#8973 = ( GEOMETRIC_REPRESENTATION_CONTEXT(2) 
PARAMETRIC_REPRESENTATION_CONTEXT() REPRESENTATION_CONTEXT('2D SPACE',''
  ) );
#8974 = ADVANCED_FACE('',(#8975),#8781,.F.);
#8975 = FACE_BOUND('',#8976,.F.);
#8976 = EDGE_LOOP('',(#8977,#8998,#8999,#9020));
#8977 = ORIENTED_EDGE('',*,*,#8978,.F.);
#8978 = EDGE_CURVE('',#8759,#8879,#8979,.T.);
#8979 = SURFACE_CURVE('',#8980,(#8984,#8991),.PCURVE_S1.);
#8980 = LINE('',#8981,#8982);
#8981 = CARTESIAN_POINT('',(13.5,-28.,-24.));
#8982 = VECTOR('',#8983,1.);
#8983 = DIRECTION('',(1.,0.,-0.));
#8984 = PCURVE('',#8781,#8985);
#8985 = DEFINITIONAL_REPRESENTATION('',(#8986),#8990);
#8986 = LINE('',#8987,#8988);
#8987 = CARTESIAN_POINT('',(0.,0.));
#8988 = VECTOR('',#8989,1.);
#8989 = DIRECTION('',(0.,1.));
#8990 = ( GEOMETRIC_REPRESENTATION_CONTEXT(2) 
PARAMETRIC_REPRESENTATION_CONTEXT() REPRESENTATION_CONTEXT('2D SPACE',''
  ) );
#8991 = PCURVE('',#8809,#8992);
#8992 = DEFINITIONAL_REPRESENTATION('',(#8993),#8997);
#8993 = LINE('',#8994,#8995);
#8994 = CARTESIAN_POINT('',(0.,0.));
#8995 = VECTOR('',#8996,1.);
#8996 = DIRECTION('',(1.,0.));
#8997 = ( GEOMETRIC_REPRESENTATION_CONTEXT(2) 
PARAMETRIC_REPRESENTATION_CONTEXT() REPRESENTATION_CONTEXT('2D SPACE',''
  ) );
#8998 = ORIENTED_EDGE('',*,*,#8758,.T.);
#8999 = ORIENTED_EDGE('',*,*,#9000,.T.);
#9000 = EDGE_CURVE('',#8761,#8881,#9001,.T.);
#9001 = SURFACE_CURVE('',#9002,(#9006,#9013),.PCURVE_S1.);
#9002 = LINE('',#9003,#9004);
#9003 = CARTESIAN_POINT('',(13.5,-28.,-14.));
#9004 = VECTOR('',#9005,1.);
#9005 = DIRECTION('',(1.,0.,-0.));
#9006 = PCURVE('',#8781,#9007);
#9007 = DEFINITIONAL_REPRESENTATION('',(#9008),#9012);
#9008 = LINE('',#9009,#9010);
#9009 = CARTESIAN_POINT('',(10.,0.));
#9010 = VECTOR('',#9011,1.);
#9011 = DIRECTION('',(0.,1.));
#9012 = ( GEOMETRIC_REPRESENTATION_CONTEXT(2) 
PARAMETRIC_REPRESENTATION_CONTEXT() REPRESENTATION_CONTEXT('2D SPACE',''
  ) );
#9013 = PCURVE('',#8863,#9014);
#9014 = DEFINITIONAL_REPRESENTATION('',(#9015),#9019);
#9015 = LINE('',#9016,#9017);
#9016 = CARTESIAN_POINT('',(0.,0.));
#9017 = VECTOR('',#9018,1.);
#9018 = DIRECTION('',(1.,0.));
#9019 = ( GEOMETRIC_REPRESENTATION_CONTEXT(2) 
PARAMETRIC_REPRESENTATION_CONTEXT() REPRESENTATION_CONTEXT('2D SPACE',''
  ) );
#9020 = ORIENTED_EDGE('',*,*,#8878,.F.);
#9021 = ADVANCED_FACE('',(#9022),#8837,.T.);
#9022 = FACE_BOUND('',#9023,.T.);
#9023 = EDGE_LOOP('',(#9024,#9045,#9046,#9067));
#9024 = ORIENTED_EDGE('',*,*,#9025,.F.);
#9025 = EDGE_CURVE('',#8794,#8909,#9026,.T.);
#9026 = SURFACE_CURVE('',#9027,(#9031,#9038),.PCURVE_S1.);
#9027 = LINE('',#9028,#9029);
#9028 = CARTESIAN_POINT('',(13.5,-26.,-24.));
#9029 = VECTOR('',#9030,1.);
#9030 = DIRECTION('',(1.,0.,-0.));
#9031 = PCURVE('',#8837,#9032);
#9032 = DEFINITIONAL_REPRESENTATION('',(#9033),#9037);
#9033 = LINE('',#9034,#9035);
#9034 = CARTESIAN_POINT('',(0.,0.));
#9035 = VECTOR('',#9036,1.);
#9036 = DIRECTION('',(0.,1.));
#9037 = ( GEOMETRIC_REPRESENTATION_CONTEXT(2) 
PARAMETRIC_REPRESENTATION_CONTEXT() REPRESENTATION_CONTEXT('2D SPACE',''
  ) );
#9038 = PCURVE('',#8809,#9039);
#9039 = DEFINITIONAL_REPRESENTATION('',(#9040),#9044);
#9040 = LINE('',#9041,#9042);
#9041 = CARTESIAN_POINT('',(0.,2.));
#9042 = VECTOR('',#9043,1.);
#9043 = DIRECTION('',(1.,0.));
#9044 = ( GEOMETRIC_REPRESENTATION_CONTEXT(2) 
PARAMETRIC_REPRESENTATION_CONTEXT() REPRESENTATION_CONTEXT('2D SPACE',''
  ) );
#9045 = ORIENTED_EDGE('',*,*,#8821,.T.);
#9046 = ORIENTED_EDGE('',*,*,#9047,.T.);
#9047 = EDGE_CURVE('',#8822,#8932,#9048,.T.);
#9048 = SURFACE_CURVE('',#9049,(#9053,#9060),.PCURVE_S1.);
#9049 = LINE('',#9050,#9051);
#9050 = CARTESIAN_POINT('',(13.5,-26.,-14.));
#9051 = VECTOR('',#9052,1.);
#9052 = DIRECTION('',(1.,0.,-0.));
#9053 = PCURVE('',#8837,#9054);
#9054 = DEFINITIONAL_REPRESENTATION('',(#9055),#9059);
#9055 = LINE('',#9056,#9057);
#9056 = CARTESIAN_POINT('',(10.,0.));
#9057 = VECTOR('',#9058,1.);
#9058 = DIRECTION('',(0.,1.));
#9059 = ( GEOMETRIC_REPRESENTATION_CONTEXT(2) 
PARAMETRIC_REPRESENTATION_CONTEXT() REPRESENTATION_CONTEXT('2D SPACE',''
  ) );
#9060 = PCURVE('',#8863,#9061);
#9061 = DEFINITIONAL_REPRESENTATION('',(#9062),#9066);
#9062 = LINE('',#9063,#9064);
#9063 = CARTESIAN_POINT('',(0.,2.));
#9064 = VECTOR('',#9065,1.);
#9065 = DIRECTION('',(1.,0.));
#9066 = ( GEOMETRIC_REPRESENTATION_CONTEXT(2) 
PARAMETRIC_REPRESENTATION_CONTEXT() REPRESENTATION_CONTEXT('2D SPACE',''
  ) );
#9067 = ORIENTED_EDGE('',*,*,#8931,.F.);
#9068 = ADVANCED_FACE('',(#9069),#8809,.F.);
#9069 = FACE_BOUND('',#9070,.F.);
#9070 = EDGE_LOOP('',(#9071,#9072,#9073,#9074));
#9071 = ORIENTED_EDGE('',*,*,#8793,.F.);
#9072 = ORIENTED_EDGE('',*,*,#8978,.T.);
#9073 = ORIENTED_EDGE('',*,*,#8908,.T.);
#9074 = ORIENTED_EDGE('',*,*,#9025,.F.);
#9075 = ADVANCED_FACE('',(#9076),#8863,.T.);
#9076 = FACE_BOUND('',#9077,.T.);
#9077 = EDGE_LOOP('',(#9078,#9079,#9080,#9081));
#9078 = ORIENTED_EDGE('',*,*,#8849,.F.);
#9079 = ORIENTED_EDGE('',*,*,#9000,.T.);
#9080 = ORIENTED_EDGE('',*,*,#8954,.T.);
#9081 = ORIENTED_EDGE('',*,*,#9047,.F.);
#9082 = MANIFOLD_SOLID_BREP('',#9083);
#9083 = CLOSED_SHELL('',(#9084,#9204,#9304,#9351,#9398,#9405));
#9084 = ADVANCED_FACE('',(#9085),#9099,.F.);
#9085 = FACE_BOUND('',#9086,.F.);
#9086 = EDGE_LOOP('',(#9087,#9122,#9150,#9178));
#9087 = ORIENTED_EDGE('',*,*,#9088,.F.);
#9088 = EDGE_CURVE('',#9089,#9091,#9093,.T.);
#9089 = VERTEX_POINT('',#9090);
#9090 = CARTESIAN_POINT('',(-25.,-14.,-17.));
#9091 = VERTEX_POINT('',#9092);
#9092 = CARTESIAN_POINT('',(-25.,-14.,17.));
#9093 = SURFACE_CURVE('',#9094,(#9098,#9110),.PCURVE_S1.);
#9094 = LINE('',#9095,#9096);
#9095 = CARTESIAN_POINT('',(-25.,-14.,-17.));
#9096 = VECTOR('',#9097,1.);
#9097 = DIRECTION('',(0.,0.,1.));
#9098 = PCURVE('',#9099,#9104);
#9099 = PLANE('',#9100);
#9100 = AXIS2_PLACEMENT_3D('',#9101,#9102,#9103);
#9101 = CARTESIAN_POINT('',(-25.,-14.,-17.));
#9102 = DIRECTION('',(1.,0.,-0.));
#9103 = DIRECTION('',(0.,0.,1.));
#9104 = DEFINITIONAL_REPRESENTATION('',(#9105),#9109);
#9105 = LINE('',#9106,#9107);
#9106 = CARTESIAN_POINT('',(0.,0.));
#9107 = VECTOR('',#9108,1.);
#9108 = DIRECTION('',(1.,0.));
#9109 = ( GEOMETRIC_REPRESENTATION_CONTEXT(2) 
PARAMETRIC_REPRESENTATION_CONTEXT() REPRESENTATION_CONTEXT('2D SPACE',''
  ) );
#9110 = PCURVE('',#9111,#9116);
#9111 = PLANE('',#9112);
#9112 = AXIS2_PLACEMENT_3D('',#9113,#9114,#9115);
#9113 = CARTESIAN_POINT('',(-25.,-14.,-17.));
#9114 = DIRECTION('',(-0.,1.,0.));
#9115 = DIRECTION('',(0.,0.,1.));
#9116 = DEFINITIONAL_REPRESENTATION('',(#9117),#9121);
#9117 = LINE('',#9118,#9119);
#9118 = CARTESIAN_POINT('',(0.,0.));
#9119 = VECTOR('',#9120,1.);
#9120 = DIRECTION('',(1.,0.));
#9121 = ( GEOMETRIC_REPRESENTATION_CONTEXT(2) 
PARAMETRIC_REPRESENTATION_CONTEXT() REPRESENTATION_CONTEXT('2D SPACE',''
  ) );
#9122 = ORIENTED_EDGE('',*,*,#9123,.T.);
#9123 = EDGE_CURVE('',#9089,#9124,#9126,.T.);
#9124 = VERTEX_POINT('',#9125);
#9125 = CARTESIAN_POINT('',(-25.,-2.5,-17.));
#9126 = SURFACE_CURVE('',#9127,(#9131,#9138),.PCURVE_S1.);
#9127 = LINE('',#9128,#9129);
#9128 = CARTESIAN_POINT('',(-25.,-14.,-17.));
#9129 = VECTOR('',#9130,1.);
#9130 = DIRECTION('',(-0.,1.,0.));
#9131 = PCURVE('',#9099,#9132);
#9132 = DEFINITIONAL_REPRESENTATION('',(#9133),#9137);
#9133 = LINE('',#9134,#9135);
#9134 = CARTESIAN_POINT('',(0.,0.));
#9135 = VECTOR('',#9136,1.);
#9136 = DIRECTION('',(0.,-1.));
#9137 = ( GEOMETRIC_REPRESENTATION_CONTEXT(2) 
PARAMETRIC_REPRESENTATION_CONTEXT() REPRESENTATION_CONTEXT('2D SPACE',''
  ) );
#9138 = PCURVE('',#9139,#9144);
#9139 = PLANE('',#9140);
#9140 = AXIS2_PLACEMENT_3D('',#9141,#9142,#9143);
#9141 = CARTESIAN_POINT('',(-25.,-14.,-17.));
#9142 = DIRECTION('',(0.,0.,1.));
#9143 = DIRECTION('',(1.,0.,-0.));
#9144 = DEFINITIONAL_REPRESENTATION('',(#9145),#9149);
#9145 = LINE('',#9146,#9147);
#9146 = CARTESIAN_POINT('',(0.,0.));
#9147 = VECTOR('',#9148,1.);
#9148 = DIRECTION('',(0.,1.));
#9149 = ( GEOMETRIC_REPRESENTATION_CONTEXT(2) 
PARAMETRIC_REPRESENTATION_CONTEXT() REPRESENTATION_CONTEXT('2D SPACE',''
  ) );
#9150 = ORIENTED_EDGE('',*,*,#9151,.T.);
#9151 = EDGE_CURVE('',#9124,#9152,#9154,.T.);
#9152 = VERTEX_POINT('',#9153);
#9153 = CARTESIAN_POINT('',(-25.,-2.5,17.));
#9154 = SURFACE_CURVE('',#9155,(#9159,#9166),.PCURVE_S1.);
#9155 = LINE('',#9156,#9157);
#9156 = CARTESIAN_POINT('',(-25.,-2.5,-17.));
#9157 = VECTOR('',#9158,1.);
#9158 = DIRECTION('',(0.,0.,1.));
#9159 = PCURVE('',#9099,#9160);
#9160 = DEFINITIONAL_REPRESENTATION('',(#9161),#9165);
#9161 = LINE('',#9162,#9163);
#9162 = CARTESIAN_POINT('',(0.,-11.5));
#9163 = VECTOR('',#9164,1.);
#9164 = DIRECTION('',(1.,0.));
#9165 = ( GEOMETRIC_REPRESENTATION_CONTEXT(2) 
PARAMETRIC_REPRESENTATION_CONTEXT() REPRESENTATION_CONTEXT('2D SPACE',''
  ) );
#9166 = PCURVE('',#9167,#9172);
#9167 = PLANE('',#9168);
#9168 = AXIS2_PLACEMENT_3D('',#9169,#9170,#9171);
#9169 = CARTESIAN_POINT('',(-25.,-2.5,-17.));
#9170 = DIRECTION('',(-0.,1.,0.));
#9171 = DIRECTION('',(0.,0.,1.));
#9172 = DEFINITIONAL_REPRESENTATION('',(#9173),#9177);
#9173 = LINE('',#9174,#9175);
#9174 = CARTESIAN_POINT('',(0.,0.));
#9175 = VECTOR('',#9176,1.);
#9176 = DIRECTION('',(1.,0.));
#9177 = ( GEOMETRIC_REPRESENTATION_CONTEXT(2) 
PARAMETRIC_REPRESENTATION_CONTEXT() REPRESENTATION_CONTEXT('2D SPACE',''
  ) );
#9178 = ORIENTED_EDGE('',*,*,#9179,.F.);
#9179 = EDGE_CURVE('',#9091,#9152,#9180,.T.);
#9180 = SURFACE_CURVE('',#9181,(#9185,#9192),.PCURVE_S1.);
#9181 = LINE('',#9182,#9183);
#9182 = CARTESIAN_POINT('',(-25.,-14.,17.));
#9183 = VECTOR('',#9184,1.);
#9184 = DIRECTION('',(-0.,1.,0.));
#9185 = PCURVE('',#9099,#9186);
#9186 = DEFINITIONAL_REPRESENTATION('',(#9187),#9191);
#9187 = LINE('',#9188,#9189);
#9188 = CARTESIAN_POINT('',(34.,0.));
#9189 = VECTOR('',#9190,1.);
#9190 = DIRECTION('',(0.,-1.));
#9191 = ( GEOMETRIC_REPRESENTATION_CONTEXT(2) 
PARAMETRIC_REPRESENTATION_CONTEXT() REPRESENTATION_CONTEXT('2D SPACE',''
  ) );
#9192 = PCURVE('',#9193,#9198);
#9193 = PLANE('',#9194);
#9194 = AXIS2_PLACEMENT_3D('',#9195,#9196,#9197);
#9195 = CARTESIAN_POINT('',(-25.,-14.,17.));
#9196 = DIRECTION('',(0.,0.,1.));
#9197 = DIRECTION('',(1.,0.,-0.));
#9198 = DEFINITIONAL_REPRESENTATION('',(#9199),#9203);
#9199 = LINE('',#9200,#9201);
#9200 = CARTESIAN_POINT('',(0.,0.));
#9201 = VECTOR('',#9202,1.);
#9202 = DIRECTION('',(0.,1.));
#9203 = ( GEOMETRIC_REPRESENTATION_CONTEXT(2) 
PARAMETRIC_REPRESENTATION_CONTEXT() REPRESENTATION_CONTEXT('2D SPACE',''
  ) );
#9204 = ADVANCED_FACE('',(#9205),#9219,.T.);
#9205 = FACE_BOUND('',#9206,.T.);
#9206 = EDGE_LOOP('',(#9207,#9237,#9260,#9283));
#9207 = ORIENTED_EDGE('',*,*,#9208,.F.);
#9208 = EDGE_CURVE('',#9209,#9211,#9213,.T.);
#9209 = VERTEX_POINT('',#9210);
#9210 = CARTESIAN_POINT('',(25.,-14.,-17.));
#9211 = VERTEX_POINT('',#9212);
#9212 = CARTESIAN_POINT('',(25.,-14.,17.));
#9213 = SURFACE_CURVE('',#9214,(#9218,#9230),.PCURVE_S1.);
#9214 = LINE('',#9215,#9216);
#9215 = CARTESIAN_POINT('',(25.,-14.,-17.));
#9216 = VECTOR('',#9217,1.);
#9217 = DIRECTION('',(0.,0.,1.));
#9218 = PCURVE('',#9219,#9224);
#9219 = PLANE('',#9220);
#9220 = AXIS2_PLACEMENT_3D('',#9221,#9222,#9223);
#9221 = CARTESIAN_POINT('',(25.,-14.,-17.));
#9222 = DIRECTION('',(1.,0.,-0.));
#9223 = DIRECTION('',(0.,0.,1.));
#9224 = DEFINITIONAL_REPRESENTATION('',(#9225),#9229);
#9225 = LINE('',#9226,#9227);
#9226 = CARTESIAN_POINT('',(0.,0.));
#9227 = VECTOR('',#9228,1.);
#9228 = DIRECTION('',(1.,0.));
#9229 = ( GEOMETRIC_REPRESENTATION_CONTEXT(2) 
PARAMETRIC_REPRESENTATION_CONTEXT() REPRESENTATION_CONTEXT('2D SPACE',''
  ) );
#9230 = PCURVE('',#9111,#9231);
#9231 = DEFINITIONAL_REPRESENTATION('',(#9232),#9236);
#9232 = LINE('',#9233,#9234);
#9233 = CARTESIAN_POINT('',(0.,50.));
#9234 = VECTOR('',#9235,1.);
#9235 = DIRECTION('',(1.,0.));
#9236 = ( GEOMETRIC_REPRESENTATION_CONTEXT(2) 
PARAMETRIC_REPRESENTATION_CONTEXT() REPRESENTATION_CONTEXT('2D SPACE',''
  ) );
#9237 = ORIENTED_EDGE('',*,*,#9238,.T.);
#9238 = EDGE_CURVE('',#9209,#9239,#9241,.T.);
#9239 = VERTEX_POINT('',#9240);
#9240 = CARTESIAN_POINT('',(25.,-2.5,-17.));
#9241 = SURFACE_CURVE('',#9242,(#9246,#9253),.PCURVE_S1.);
#9242 = LINE('',#9243,#9244);
#9243 = CARTESIAN_POINT('',(25.,-14.,-17.));
#9244 = VECTOR('',#9245,1.);
#9245 = DIRECTION('',(-0.,1.,0.));
#9246 = PCURVE('',#9219,#9247);
#9247 = DEFINITIONAL_REPRESENTATION('',(#9248),#9252);
#9248 = LINE('',#9249,#9250);
#9249 = CARTESIAN_POINT('',(0.,0.));
#9250 = VECTOR('',#9251,1.);
#9251 = DIRECTION('',(0.,-1.));
#9252 = ( GEOMETRIC_REPRESENTATION_CONTEXT(2) 
PARAMETRIC_REPRESENTATION_CONTEXT() REPRESENTATION_CONTEXT('2D SPACE',''
  ) );
#9253 = PCURVE('',#9139,#9254);
#9254 = DEFINITIONAL_REPRESENTATION('',(#9255),#9259);
#9255 = LINE('',#9256,#9257);
#9256 = CARTESIAN_POINT('',(50.,0.));
#9257 = VECTOR('',#9258,1.);
#9258 = DIRECTION('',(0.,1.));
#9259 = ( GEOMETRIC_REPRESENTATION_CONTEXT(2) 
PARAMETRIC_REPRESENTATION_CONTEXT() REPRESENTATION_CONTEXT('2D SPACE',''
  ) );
#9260 = ORIENTED_EDGE('',*,*,#9261,.T.);
#9261 = EDGE_CURVE('',#9239,#9262,#9264,.T.);
#9262 = VERTEX_POINT('',#9263);
#9263 = CARTESIAN_POINT('',(25.,-2.5,17.));
#9264 = SURFACE_CURVE('',#9265,(#9269,#9276),.PCURVE_S1.);
#9265 = LINE('',#9266,#9267);
#9266 = CARTESIAN_POINT('',(25.,-2.5,-17.));
#9267 = VECTOR('',#9268,1.);
#9268 = DIRECTION('',(0.,0.,1.));
#9269 = PCURVE('',#9219,#9270);
#9270 = DEFINITIONAL_REPRESENTATION('',(#9271),#9275);
#9271 = LINE('',#9272,#9273);
#9272 = CARTESIAN_POINT('',(0.,-11.5));
#9273 = VECTOR('',#9274,1.);
#9274 = DIRECTION('',(1.,0.));
#9275 = ( GEOMETRIC_REPRESENTATION_CONTEXT(2) 
PARAMETRIC_REPRESENTATION_CONTEXT() REPRESENTATION_CONTEXT('2D SPACE',''
  ) );
#9276 = PCURVE('',#9167,#9277);
#9277 = DEFINITIONAL_REPRESENTATION('',(#9278),#9282);
#9278 = LINE('',#9279,#9280);
#9279 = CARTESIAN_POINT('',(0.,50.));
#9280 = VECTOR('',#9281,1.);
#9281 = DIRECTION('',(1.,0.));
#9282 = ( GEOMETRIC_REPRESENTATION_CONTEXT(2) 
PARAMETRIC_REPRESENTATION_CONTEXT() REPRESENTATION_CONTEXT('2D SPACE',''
  ) );
#9283 = ORIENTED_EDGE('',*,*,#9284,.F.);
#9284 = EDGE_CURVE('',#9211,#9262,#9285,.T.);
#9285 = SURFACE_CURVE('',#9286,(#9290,#9297),.PCURVE_S1.);
#9286 = LINE('',#9287,#9288);
#9287 = CARTESIAN_POINT('',(25.,-14.,17.));
#9288 = VECTOR('',#9289,1.);
#9289 = DIRECTION('',(-0.,1.,0.));
#9290 = PCURVE('',#9219,#9291);
#9291 = DEFINITIONAL_REPRESENTATION('',(#9292),#9296);
#9292 = LINE('',#9293,#9294);
#9293 = CARTESIAN_POINT('',(34.,0.));
#9294 = VECTOR('',#9295,1.);
#9295 = DIRECTION('',(0.,-1.));
#9296 = ( GEOMETRIC_REPRESENTATION_CONTEXT(2) 
PARAMETRIC_REPRESENTATION_CONTEXT() REPRESENTATION_CONTEXT('2D SPACE',''
  ) );
#9297 = PCURVE('',#9193,#9298);
#9298 = DEFINITIONAL_REPRESENTATION('',(#9299),#9303);
#9299 = LINE('',#9300,#9301);
#9300 = CARTESIAN_POINT('',(50.,0.));
#9301 = VECTOR('',#9302,1.);
#9302 = DIRECTION('',(0.,1.));
#9303 = ( GEOMETRIC_REPRESENTATION_CONTEXT(2) 
PARAMETRIC_REPRESENTATION_CONTEXT() REPRESENTATION_CONTEXT('2D SPACE',''
  ) );
#9304 = ADVANCED_FACE('',(#9305),#9111,.F.);
#9305 = FACE_BOUND('',#9306,.F.);
#9306 = EDGE_LOOP('',(#9307,#9328,#9329,#9350));
#9307 = ORIENTED_EDGE('',*,*,#9308,.F.);
#9308 = EDGE_CURVE('',#9089,#9209,#9309,.T.);
#9309 = SURFACE_CURVE('',#9310,(#9314,#9321),.PCURVE_S1.);
#9310 = LINE('',#9311,#9312);
#9311 = CARTESIAN_POINT('',(-25.,-14.,-17.));
#9312 = VECTOR('',#9313,1.);
#9313 = DIRECTION('',(1.,0.,-0.));
#9314 = PCURVE('',#9111,#9315);
#9315 = DEFINITIONAL_REPRESENTATION('',(#9316),#9320);
#9316 = LINE('',#9317,#9318);
#9317 = CARTESIAN_POINT('',(0.,0.));
#9318 = VECTOR('',#9319,1.);
#9319 = DIRECTION('',(0.,1.));
#9320 = ( GEOMETRIC_REPRESENTATION_CONTEXT(2) 
PARAMETRIC_REPRESENTATION_CONTEXT() REPRESENTATION_CONTEXT('2D SPACE',''
  ) );
#9321 = PCURVE('',#9139,#9322);
#9322 = DEFINITIONAL_REPRESENTATION('',(#9323),#9327);
#9323 = LINE('',#9324,#9325);
#9324 = CARTESIAN_POINT('',(0.,0.));
#9325 = VECTOR('',#9326,1.);
#9326 = DIRECTION('',(1.,0.));
#9327 = ( GEOMETRIC_REPRESENTATION_CONTEXT(2) 
PARAMETRIC_REPRESENTATION_CONTEXT() REPRESENTATION_CONTEXT('2D SPACE',''
  ) );
#9328 = ORIENTED_EDGE('',*,*,#9088,.T.);
#9329 = ORIENTED_EDGE('',*,*,#9330,.T.);
#9330 = EDGE_CURVE('',#9091,#9211,#9331,.T.);
#9331 = SURFACE_CURVE('',#9332,(#9336,#9343),.PCURVE_S1.);
#9332 = LINE('',#9333,#9334);
#9333 = CARTESIAN_POINT('',(-25.,-14.,17.));
#9334 = VECTOR('',#9335,1.);
#9335 = DIRECTION('',(1.,0.,-0.));
#9336 = PCURVE('',#9111,#9337);
#9337 = DEFINITIONAL_REPRESENTATION('',(#9338),#9342);
#9338 = LINE('',#9339,#9340);
#9339 = CARTESIAN_POINT('',(34.,0.));
#9340 = VECTOR('',#9341,1.);
#9341 = DIRECTION('',(0.,1.));
#9342 = ( GEOMETRIC_REPRESENTATION_CONTEXT(2) 
PARAMETRIC_REPRESENTATION_CONTEXT() REPRESENTATION_CONTEXT('2D SPACE',''
  ) );
#9343 = PCURVE('',#9193,#9344);
#9344 = DEFINITIONAL_REPRESENTATION('',(#9345),#9349);
#9345 = LINE('',#9346,#9347);
#9346 = CARTESIAN_POINT('',(0.,0.));
#9347 = VECTOR('',#9348,1.);
#9348 = DIRECTION('',(1.,0.));
#9349 = ( GEOMETRIC_REPRESENTATION_CONTEXT(2) 
PARAMETRIC_REPRESENTATION_CONTEXT() REPRESENTATION_CONTEXT('2D SPACE',''
  ) );
#9350 = ORIENTED_EDGE('',*,*,#9208,.F.);
#9351 = ADVANCED_FACE('',(#9352),#9167,.T.);
#9352 = FACE_BOUND('',#9353,.T.);
#9353 = EDGE_LOOP('',(#9354,#9375,#9376,#9397));
#9354 = ORIENTED_EDGE('',*,*,#9355,.F.);
#9355 = EDGE_CURVE('',#9124,#9239,#9356,.T.);
#9356 = SURFACE_CURVE('',#9357,(#9361,#9368),.PCURVE_S1.);
#9357 = LINE('',#9358,#9359);
#9358 = CARTESIAN_POINT('',(-25.,-2.5,-17.));
#9359 = VECTOR('',#9360,1.);
#9360 = DIRECTION('',(1.,0.,-0.));
#9361 = PCURVE('',#9167,#9362);
#9362 = DEFINITIONAL_REPRESENTATION('',(#9363),#9367);
#9363 = LINE('',#9364,#9365);
#9364 = CARTESIAN_POINT('',(0.,0.));
#9365 = VECTOR('',#9366,1.);
#9366 = DIRECTION('',(0.,1.));
#9367 = ( GEOMETRIC_REPRESENTATION_CONTEXT(2) 
PARAMETRIC_REPRESENTATION_CONTEXT() REPRESENTATION_CONTEXT('2D SPACE',''
  ) );
#9368 = PCURVE('',#9139,#9369);
#9369 = DEFINITIONAL_REPRESENTATION('',(#9370),#9374);
#9370 = LINE('',#9371,#9372);
#9371 = CARTESIAN_POINT('',(0.,11.5));
#9372 = VECTOR('',#9373,1.);
#9373 = DIRECTION('',(1.,0.));
#9374 = ( GEOMETRIC_REPRESENTATION_CONTEXT(2) 
PARAMETRIC_REPRESENTATION_CONTEXT() REPRESENTATION_CONTEXT('2D SPACE',''
  ) );
#9375 = ORIENTED_EDGE('',*,*,#9151,.T.);
#9376 = ORIENTED_EDGE('',*,*,#9377,.T.);
#9377 = EDGE_CURVE('',#9152,#9262,#9378,.T.);
#9378 = SURFACE_CURVE('',#9379,(#9383,#9390),.PCURVE_S1.);
#9379 = LINE('',#9380,#9381);
#9380 = CARTESIAN_POINT('',(-25.,-2.5,17.));
#9381 = VECTOR('',#9382,1.);
#9382 = DIRECTION('',(1.,0.,-0.));
#9383 = PCURVE('',#9167,#9384);
#9384 = DEFINITIONAL_REPRESENTATION('',(#9385),#9389);
#9385 = LINE('',#9386,#9387);
#9386 = CARTESIAN_POINT('',(34.,0.));
#9387 = VECTOR('',#9388,1.);
#9388 = DIRECTION('',(0.,1.));
#9389 = ( GEOMETRIC_REPRESENTATION_CONTEXT(2) 
PARAMETRIC_REPRESENTATION_CONTEXT() REPRESENTATION_CONTEXT('2D SPACE',''
  ) );
#9390 = PCURVE('',#9193,#9391);
#9391 = DEFINITIONAL_REPRESENTATION('',(#9392),#9396);
#9392 = LINE('',#9393,#9394);
#9393 = CARTESIAN_POINT('',(0.,11.5));
#9394 = VECTOR('',#9395,1.);
#9395 = DIRECTION('',(1.,0.));
#9396 = ( GEOMETRIC_REPRESENTATION_CONTEXT(2) 
PARAMETRIC_REPRESENTATION_CONTEXT() REPRESENTATION_CONTEXT('2D SPACE',''
  ) );
#9397 = ORIENTED_EDGE('',*,*,#9261,.F.);
#9398 = ADVANCED_FACE('',(#9399),#9139,.F.);
#9399 = FACE_BOUND('',#9400,.F.);
#9400 = EDGE_LOOP('',(#9401,#9402,#9403,#9404));
#9401 = ORIENTED_EDGE('',*,*,#9123,.F.);
#9402 = ORIENTED_EDGE('',*,*,#9308,.T.);
#9403 = ORIENTED_EDGE('',*,*,#9238,.T.);
#9404 = ORIENTED_EDGE('',*,*,#9355,.F.);
#9405 = ADVANCED_FACE('',(#9406),#9193,.T.);
#9406 = FACE_BOUND('',#9407,.T.);
#9407 = EDGE_LOOP('',(#9408,#9409,#9410,#9411));
#9408 = ORIENTED_EDGE('',*,*,#9179,.F.);
#9409 = ORIENTED_EDGE('',*,*,#9330,.T.);
#9410 = ORIENTED_EDGE('',*,*,#9284,.T.);
#9411 = ORIENTED_EDGE('',*,*,#9377,.F.);
#9412 = MANIFOLD_SOLID_BREP('',#9413);
#9413 = CLOSED_SHELL('',(#9414,#9534,#9956,#10010,#10060,#10367,#10394,
    #10421,#10448,#10475,#10482,#10529,#10556,#10583,#10610,#10637,
    #10664,#10691));
#9414 = ADVANCED_FACE('',(#9415),#9429,.F.);
#9415 = FACE_BOUND('',#9416,.F.);
#9416 = EDGE_LOOP('',(#9417,#9452,#9480,#9508));
#9417 = ORIENTED_EDGE('',*,*,#9418,.F.);
#9418 = EDGE_CURVE('',#9419,#9421,#9423,.T.);
#9419 = VERTEX_POINT('',#9420);
#9420 = CARTESIAN_POINT('',(-32.,-14.,-22.));
#9421 = VERTEX_POINT('',#9422);
#9422 = CARTESIAN_POINT('',(-32.,-14.,22.));
#9423 = SURFACE_CURVE('',#9424,(#9428,#9440),.PCURVE_S1.);
#9424 = LINE('',#9425,#9426);
#9425 = CARTESIAN_POINT('',(-32.,-14.,-26.));
#9426 = VECTOR('',#9427,1.);
#9427 = DIRECTION('',(0.,0.,1.));
#9428 = PCURVE('',#9429,#9434);
#9429 = PLANE('',#9430);
#9430 = AXIS2_PLACEMENT_3D('',#9431,#9432,#9433);
#9431 = CARTESIAN_POINT('',(-32.,-14.,-26.));
#9432 = DIRECTION('',(1.,0.,-0.));
#9433 = DIRECTION('',(0.,0.,1.));
#9434 = DEFINITIONAL_REPRESENTATION('',(#9435),#9439);
#9435 = LINE('',#9436,#9437);
#9436 = CARTESIAN_POINT('',(0.,0.));
#9437 = VECTOR('',#9438,1.);
#9438 = DIRECTION('',(1.,0.));
#9439 = ( GEOMETRIC_REPRESENTATION_CONTEXT(2) 
PARAMETRIC_REPRESENTATION_CONTEXT() REPRESENTATION_CONTEXT('2D SPACE',''
  ) );
#9440 = PCURVE('',#9441,#9446);
#9441 = PLANE('',#9442);
#9442 = AXIS2_PLACEMENT_3D('',#9443,#9444,#9445);
#9443 = CARTESIAN_POINT('',(-32.,-14.,-26.));
#9444 = DIRECTION('',(-0.,1.,0.));
#9445 = DIRECTION('',(0.,0.,1.));
#9446 = DEFINITIONAL_REPRESENTATION('',(#9447),#9451);
#9447 = LINE('',#9448,#9449);
#9448 = CARTESIAN_POINT('',(0.,0.));
#9449 = VECTOR('',#9450,1.);
#9450 = DIRECTION('',(1.,0.));
#9451 = ( GEOMETRIC_REPRESENTATION_CONTEXT(2) 
PARAMETRIC_REPRESENTATION_CONTEXT() REPRESENTATION_CONTEXT('2D SPACE',''
  ) );
#9452 = ORIENTED_EDGE('',*,*,#9453,.T.);
#9453 = EDGE_CURVE('',#9419,#9454,#9456,.T.);
#9454 = VERTEX_POINT('',#9455);
#9455 = CARTESIAN_POINT('',(-32.,-13.,-22.));
#9456 = SURFACE_CURVE('',#9457,(#9461,#9468),.PCURVE_S1.);
#9457 = LINE('',#9458,#9459);
#9458 = CARTESIAN_POINT('',(-32.,-14.,-22.));
#9459 = VECTOR('',#9460,1.);
#9460 = DIRECTION('',(-0.,1.,0.));
#9461 = PCURVE('',#9429,#9462);
#9462 = DEFINITIONAL_REPRESENTATION('',(#9463),#9467);
#9463 = LINE('',#9464,#9465);
#9464 = CARTESIAN_POINT('',(4.,0.));
#9465 = VECTOR('',#9466,1.);
#9466 = DIRECTION('',(0.,-1.));
#9467 = ( GEOMETRIC_REPRESENTATION_CONTEXT(2) 
PARAMETRIC_REPRESENTATION_CONTEXT() REPRESENTATION_CONTEXT('2D SPACE',''
  ) );
#9468 = PCURVE('',#9469,#9474);
#9469 = CYLINDRICAL_SURFACE('',#9470,4.);
#9470 = AXIS2_PLACEMENT_3D('',#9471,#9472,#9473);
#9471 = CARTESIAN_POINT('',(-28.,-14.,-22.));
#9472 = DIRECTION('',(-0.,1.,0.));
#9473 = DIRECTION('',(-1.,-0.,0.));
#9474 = DEFINITIONAL_REPRESENTATION('',(#9475),#9479);
#9475 = LINE('',#9476,#9477);
#9476 = CARTESIAN_POINT('',(-0.,0.));
#9477 = VECTOR('',#9478,1.);
#9478 = DIRECTION('',(-0.,1.));
#9479 = ( GEOMETRIC_REPRESENTATION_CONTEXT(2) 
PARAMETRIC_REPRESENTATION_CONTEXT() REPRESENTATION_CONTEXT('2D SPACE',''
  ) );
#9480 = ORIENTED_EDGE('',*,*,#9481,.T.);
#9481 = EDGE_CURVE('',#9454,#9482,#9484,.T.);
#9482 = VERTEX_POINT('',#9483);
#9483 = CARTESIAN_POINT('',(-32.,-13.,22.));
#9484 = SURFACE_CURVE('',#9485,(#9489,#9496),.PCURVE_S1.);
#9485 = LINE('',#9486,#9487);
#9486 = CARTESIAN_POINT('',(-32.,-13.,-26.));
#9487 = VECTOR('',#9488,1.);
#9488 = DIRECTION('',(0.,0.,1.));
#9489 = PCURVE('',#9429,#9490);
#9490 = DEFINITIONAL_REPRESENTATION('',(#9491),#9495);
#9491 = LINE('',#9492,#9493);
#9492 = CARTESIAN_POINT('',(0.,-1.));
#9493 = VECTOR('',#9494,1.);
#9494 = DIRECTION('',(1.,0.));
#9495 = ( GEOMETRIC_REPRESENTATION_CONTEXT(2) 
PARAMETRIC_REPRESENTATION_CONTEXT() REPRESENTATION_CONTEXT('2D SPACE',''
  ) );
#9496 = PCURVE('',#9497,#9502);
#9497 = PLANE('',#9498);
#9498 = AXIS2_PLACEMENT_3D('',#9499,#9500,#9501);
#9499 = CARTESIAN_POINT('',(-32.,-13.,-26.));
#9500 = DIRECTION('',(-0.,1.,0.));
#9501 = DIRECTION('',(0.,0.,1.));
#9502 = DEFINITIONAL_REPRESENTATION('',(#9503),#9507);
#9503 = LINE('',#9504,#9505);
#9504 = CARTESIAN_POINT('',(0.,0.));
#9505 = VECTOR('',#9506,1.);
#9506 = DIRECTION('',(1.,0.));
#9507 = ( GEOMETRIC_REPRESENTATION_CONTEXT(2) 
PARAMETRIC_REPRESENTATION_CONTEXT() REPRESENTATION_CONTEXT('2D SPACE',''
  ) );
#9508 = ORIENTED_EDGE('',*,*,#9509,.F.);
#9509 = EDGE_CURVE('',#9421,#9482,#9510,.T.);
#9510 = SURFACE_CURVE('',#9511,(#9515,#9522),.PCURVE_S1.);
#9511 = LINE('',#9512,#9513);
#9512 = CARTESIAN_POINT('',(-32.,-14.,22.));
#9513 = VECTOR('',#9514,1.);
#9514 = DIRECTION('',(-0.,1.,0.));
#9515 = PCURVE('',#9429,#9516);
#9516 = DEFINITIONAL_REPRESENTATION('',(#9517),#9521);
#9517 = LINE('',#9518,#9519);
#9518 = CARTESIAN_POINT('',(48.,0.));
#9519 = VECTOR('',#9520,1.);
#9520 = DIRECTION('',(0.,-1.));
#9521 = ( GEOMETRIC_REPRESENTATION_CONTEXT(2) 
PARAMETRIC_REPRESENTATION_CONTEXT() REPRESENTATION_CONTEXT('2D SPACE',''
  ) );
#9522 = PCURVE('',#9523,#9528);
#9523 = CYLINDRICAL_SURFACE('',#9524,4.);
#9524 = AXIS2_PLACEMENT_3D('',#9525,#9526,#9527);
#9525 = CARTESIAN_POINT('',(-28.,-14.,22.));
#9526 = DIRECTION('',(-0.,1.,0.));
#9527 = DIRECTION('',(-1.,-0.,0.));
#9528 = DEFINITIONAL_REPRESENTATION('',(#9529),#9533);
#9529 = LINE('',#9530,#9531);
#9530 = CARTESIAN_POINT('',(0.,0.));
#9531 = VECTOR('',#9532,1.);
#9532 = DIRECTION('',(0.,1.));
#9533 = ( GEOMETRIC_REPRESENTATION_CONTEXT(2) 
PARAMETRIC_REPRESENTATION_CONTEXT() REPRESENTATION_CONTEXT('2D SPACE',''
  ) );
#9534 = ADVANCED_FACE('',(#9535,#9734),#9441,.F.);
#9535 = FACE_BOUND('',#9536,.F.);
#9536 = EDGE_LOOP('',(#9537,#9567,#9593,#9594,#9618,#9646,#9679,#9707));
#9537 = ORIENTED_EDGE('',*,*,#9538,.F.);
#9538 = EDGE_CURVE('',#9539,#9541,#9543,.T.);
#9539 = VERTEX_POINT('',#9540);
#9540 = CARTESIAN_POINT('',(-28.,-14.,-26.));
#9541 = VERTEX_POINT('',#9542);
#9542 = CARTESIAN_POINT('',(28.,-14.,-26.));
#9543 = SURFACE_CURVE('',#9544,(#9548,#9555),.PCURVE_S1.);
#9544 = LINE('',#9545,#9546);
#9545 = CARTESIAN_POINT('',(-32.,-14.,-26.));
#9546 = VECTOR('',#9547,1.);
#9547 = DIRECTION('',(1.,0.,-0.));
#9548 = PCURVE('',#9441,#9549);
#9549 = DEFINITIONAL_REPRESENTATION('',(#9550),#9554);
#9550 = LINE('',#9551,#9552);
#9551 = CARTESIAN_POINT('',(0.,0.));
#9552 = VECTOR('',#9553,1.);
#9553 = DIRECTION('',(0.,1.));
#9554 = ( GEOMETRIC_REPRESENTATION_CONTEXT(2) 
PARAMETRIC_REPRESENTATION_CONTEXT() REPRESENTATION_CONTEXT('2D SPACE',''
  ) );
#9555 = PCURVE('',#9556,#9561);
#9556 = PLANE('',#9557);
#9557 = AXIS2_PLACEMENT_3D('',#9558,#9559,#9560);
#9558 = CARTESIAN_POINT('',(-32.,-14.,-26.));
#9559 = DIRECTION('',(0.,0.,1.));
#9560 = DIRECTION('',(1.,0.,-0.));
#9561 = DEFINITIONAL_REPRESENTATION('',(#9562),#9566);
#9562 = LINE('',#9563,#9564);
#9563 = CARTESIAN_POINT('',(0.,0.));
#9564 = VECTOR('',#9565,1.);
#9565 = DIRECTION('',(1.,0.));
#9566 = ( GEOMETRIC_REPRESENTATION_CONTEXT(2) 
PARAMETRIC_REPRESENTATION_CONTEXT() REPRESENTATION_CONTEXT('2D SPACE',''
  ) );
#9567 = ORIENTED_EDGE('',*,*,#9568,.F.);
#9568 = EDGE_CURVE('',#9419,#9539,#9569,.T.);
#9569 = SURFACE_CURVE('',#9570,(#9575,#9586),.PCURVE_S1.);
#9570 = CIRCLE('',#9571,4.);
#9571 = AXIS2_PLACEMENT_3D('',#9572,#9573,#9574);
#9572 = CARTESIAN_POINT('',(-28.,-14.,-22.));
#9573 = DIRECTION('',(0.,-1.,0.));
#9574 = DIRECTION('',(0.,0.,1.));
#9575 = PCURVE('',#9441,#9576);
#9576 = DEFINITIONAL_REPRESENTATION('',(#9577),#9585);
#9577 = ( BOUNDED_CURVE() B_SPLINE_CURVE(2,(#9578,#9579,#9580,#9581,
#9582,#9583,#9584),.UNSPECIFIED.,.T.,.F.) B_SPLINE_CURVE_WITH_KNOTS((1,2
    ,2,2,2,1),(-2.094395102393,0.,2.094395102393,4.188790204786,
6.28318530718,8.377580409573),.UNSPECIFIED.) CURVE() 
GEOMETRIC_REPRESENTATION_ITEM() RATIONAL_B_SPLINE_CURVE((1.,0.5,1.,0.5,
1.,0.5,1.)) REPRESENTATION_ITEM('') );
#9578 = CARTESIAN_POINT('',(8.,4.));
#9579 = CARTESIAN_POINT('',(8.,-2.928203230276));
#9580 = CARTESIAN_POINT('',(2.,0.535898384862));
#9581 = CARTESIAN_POINT('',(-4.,4.));
#9582 = CARTESIAN_POINT('',(2.,7.464101615138));
#9583 = CARTESIAN_POINT('',(8.,10.928203230276));
#9584 = CARTESIAN_POINT('',(8.,4.));
#9585 = ( GEOMETRIC_REPRESENTATION_CONTEXT(2) 
PARAMETRIC_REPRESENTATION_CONTEXT() REPRESENTATION_CONTEXT('2D SPACE',''
  ) );
#9586 = PCURVE('',#9469,#9587);
#9587 = DEFINITIONAL_REPRESENTATION('',(#9588),#9592);
#9588 = LINE('',#9589,#9590);
#9589 = CARTESIAN_POINT('',(1.570796326795,-0.));
#9590 = VECTOR('',#9591,1.);
#9591 = DIRECTION('',(-1.,0.));
#9592 = ( GEOMETRIC_REPRESENTATION_CONTEXT(2) 
PARAMETRIC_REPRESENTATION_CONTEXT() REPRESENTATION_CONTEXT('2D SPACE',''
  ) );
#9593 = ORIENTED_EDGE('',*,*,#9418,.T.);
#9594 = ORIENTED_EDGE('',*,*,#9595,.T.);
#9595 = EDGE_CURVE('',#9421,#9596,#9598,.T.);
#9596 = VERTEX_POINT('',#9597);
#9597 = CARTESIAN_POINT('',(-28.,-14.,26.));
#9598 = SURFACE_CURVE('',#9599,(#9604,#9611),.PCURVE_S1.);
#9599 = CIRCLE('',#9600,4.);
#9600 = AXIS2_PLACEMENT_3D('',#9601,#9602,#9603);
#9601 = CARTESIAN_POINT('',(-28.,-14.,22.));
#9602 = DIRECTION('',(-0.,1.,0.));
#9603 = DIRECTION('',(0.,0.,1.));
#9604 = PCURVE('',#9441,#9605);
#9605 = DEFINITIONAL_REPRESENTATION('',(#9606),#9610);
#9606 = CIRCLE('',#9607,4.);
#9607 = AXIS2_PLACEMENT_2D('',#9608,#9609);
#9608 = CARTESIAN_POINT('',(48.,4.));
#9609 = DIRECTION('',(1.,0.));
#9610 = ( GEOMETRIC_REPRESENTATION_CONTEXT(2) 
PARAMETRIC_REPRESENTATION_CONTEXT() REPRESENTATION_CONTEXT('2D SPACE',''
  ) );
#9611 = PCURVE('',#9523,#9612);
#9612 = DEFINITIONAL_REPRESENTATION('',(#9613),#9617);
#9613 = LINE('',#9614,#9615);
#9614 = CARTESIAN_POINT('',(-4.712388980385,0.));
#9615 = VECTOR('',#9616,1.);
#9616 = DIRECTION('',(1.,0.));
#9617 = ( GEOMETRIC_REPRESENTATION_CONTEXT(2) 
PARAMETRIC_REPRESENTATION_CONTEXT() REPRESENTATION_CONTEXT('2D SPACE',''
  ) );
#9618 = ORIENTED_EDGE('',*,*,#9619,.T.);
#9619 = EDGE_CURVE('',#9596,#9620,#9622,.T.);
#9620 = VERTEX_POINT('',#9621);
#9621 = CARTESIAN_POINT('',(28.,-14.,26.));
#9622 = SURFACE_CURVE('',#9623,(#9627,#9634),.PCURVE_S1.);
#9623 = LINE('',#9624,#9625);
#9624 = CARTESIAN_POINT('',(-32.,-14.,26.));
#9625 = VECTOR('',#9626,1.);
#9626 = DIRECTION('',(1.,0.,-0.));
#9627 = PCURVE('',#9441,#9628);
#9628 = DEFINITIONAL_REPRESENTATION('',(#9629),#9633);
#9629 = LINE('',#9630,#9631);
#9630 = CARTESIAN_POINT('',(52.,0.));
#9631 = VECTOR('',#9632,1.);
#9632 = DIRECTION('',(0.,1.));
#9633 = ( GEOMETRIC_REPRESENTATION_CONTEXT(2) 
PARAMETRIC_REPRESENTATION_CONTEXT() REPRESENTATION_CONTEXT('2D SPACE',''
  ) );
#9634 = PCURVE('',#9635,#9640);
#9635 = PLANE('',#9636);
#9636 = AXIS2_PLACEMENT_3D('',#9637,#9638,#9639);
#9637 = CARTESIAN_POINT('',(-32.,-14.,26.));
#9638 = DIRECTION('',(0.,0.,1.));
#9639 = DIRECTION('',(1.,0.,-0.));
#9640 = DEFINITIONAL_REPRESENTATION('',(#9641),#9645);
#9641 = LINE('',#9642,#9643);
#9642 = CARTESIAN_POINT('',(0.,0.));
#9643 = VECTOR('',#9644,1.);
#9644 = DIRECTION('',(1.,0.));
#9645 = ( GEOMETRIC_REPRESENTATION_CONTEXT(2) 
PARAMETRIC_REPRESENTATION_CONTEXT() REPRESENTATION_CONTEXT('2D SPACE',''
  ) );
#9646 = ORIENTED_EDGE('',*,*,#9647,.F.);
#9647 = EDGE_CURVE('',#9648,#9620,#9650,.T.);
#9648 = VERTEX_POINT('',#9649);
#9649 = CARTESIAN_POINT('',(32.,-14.,22.));
#9650 = SURFACE_CURVE('',#9651,(#9656,#9667),.PCURVE_S1.);
#9651 = CIRCLE('',#9652,4.);
#9652 = AXIS2_PLACEMENT_3D('',#9653,#9654,#9655);
#9653 = CARTESIAN_POINT('',(28.,-14.,22.));
#9654 = DIRECTION('',(0.,-1.,0.));
#9655 = DIRECTION('',(0.,0.,1.));
#9656 = PCURVE('',#9441,#9657);
#9657 = DEFINITIONAL_REPRESENTATION('',(#9658),#9666);
#9658 = ( BOUNDED_CURVE() B_SPLINE_CURVE(2,(#9659,#9660,#9661,#9662,
#9663,#9664,#9665),.UNSPECIFIED.,.T.,.F.) B_SPLINE_CURVE_WITH_KNOTS((1,2
    ,2,2,2,1),(-2.094395102393,0.,2.094395102393,4.188790204786,
6.28318530718,8.377580409573),.UNSPECIFIED.) CURVE() 
GEOMETRIC_REPRESENTATION_ITEM() RATIONAL_B_SPLINE_CURVE((1.,0.5,1.,0.5,
1.,0.5,1.)) REPRESENTATION_ITEM('') );
#9659 = CARTESIAN_POINT('',(52.,60.));
#9660 = CARTESIAN_POINT('',(52.,53.071796769724));
#9661 = CARTESIAN_POINT('',(46.,56.535898384862));
#9662 = CARTESIAN_POINT('',(40.,60.));
#9663 = CARTESIAN_POINT('',(46.,63.464101615138));
#9664 = CARTESIAN_POINT('',(52.,66.928203230276));
#9665 = CARTESIAN_POINT('',(52.,60.));
#9666 = ( GEOMETRIC_REPRESENTATION_CONTEXT(2) 
PARAMETRIC_REPRESENTATION_CONTEXT() REPRESENTATION_CONTEXT('2D SPACE',''
  ) );
#9667 = PCURVE('',#9668,#9673);
#9668 = CYLINDRICAL_SURFACE('',#9669,4.);
#9669 = AXIS2_PLACEMENT_3D('',#9670,#9671,#9672);
#9670 = CARTESIAN_POINT('',(28.,-14.,22.));
#9671 = DIRECTION('',(-0.,1.,0.));
#9672 = DIRECTION('',(1.,0.,-0.));
#9673 = DEFINITIONAL_REPRESENTATION('',(#9674),#9678);
#9674 = LINE('',#9675,#9676);
#9675 = CARTESIAN_POINT('',(4.712388980385,-0.));
#9676 = VECTOR('',#9677,1.);
#9677 = DIRECTION('',(-1.,0.));
#9678 = ( GEOMETRIC_REPRESENTATION_CONTEXT(2) 
PARAMETRIC_REPRESENTATION_CONTEXT() REPRESENTATION_CONTEXT('2D SPACE',''
  ) );
#9679 = ORIENTED_EDGE('',*,*,#9680,.F.);
#9680 = EDGE_CURVE('',#9681,#9648,#9683,.T.);
#9681 = VERTEX_POINT('',#9682);
#9682 = CARTESIAN_POINT('',(32.,-14.,-22.));
#9683 = SURFACE_CURVE('',#9684,(#9688,#9695),.PCURVE_S1.);
#9684 = LINE('',#9685,#9686);
#9685 = CARTESIAN_POINT('',(32.,-14.,-26.));
#9686 = VECTOR('',#9687,1.);
#9687 = DIRECTION('',(0.,0.,1.));
#9688 = PCURVE('',#9441,#9689);
#9689 = DEFINITIONAL_REPRESENTATION('',(#9690),#9694);
#9690 = LINE('',#9691,#9692);
#9691 = CARTESIAN_POINT('',(0.,64.));
#9692 = VECTOR('',#9693,1.);
#9693 = DIRECTION('',(1.,0.));
#9694 = ( GEOMETRIC_REPRESENTATION_CONTEXT(2) 
PARAMETRIC_REPRESENTATION_CONTEXT() REPRESENTATION_CONTEXT('2D SPACE',''
  ) );
#9695 = PCURVE('',#9696,#9701);
#9696 = PLANE('',#9697);
#9697 = AXIS2_PLACEMENT_3D('',#9698,#9699,#9700);
#9698 = CARTESIAN_POINT('',(32.,-14.,-26.));
#9699 = DIRECTION('',(1.,0.,-0.));
#9700 = DIRECTION('',(0.,0.,1.));
#9701 = DEFINITIONAL_REPRESENTATION('',(#9702),#9706);
#9702 = LINE('',#9703,#9704);
#9703 = CARTESIAN_POINT('',(0.,0.));
#9704 = VECTOR('',#9705,1.);
#9705 = DIRECTION('',(1.,0.));
#9706 = ( GEOMETRIC_REPRESENTATION_CONTEXT(2) 
PARAMETRIC_REPRESENTATION_CONTEXT() REPRESENTATION_CONTEXT('2D SPACE',''
  ) );
#9707 = ORIENTED_EDGE('',*,*,#9708,.T.);
#9708 = EDGE_CURVE('',#9681,#9541,#9709,.T.);
#9709 = SURFACE_CURVE('',#9710,(#9715,#9722),.PCURVE_S1.);
#9710 = CIRCLE('',#9711,4.);
#9711 = AXIS2_PLACEMENT_3D('',#9712,#9713,#9714);
#9712 = CARTESIAN_POINT('',(28.,-14.,-22.));
#9713 = DIRECTION('',(-0.,1.,0.));
#9714 = DIRECTION('',(0.,0.,1.));
#9715 = PCURVE('',#9441,#9716);
#9716 = DEFINITIONAL_REPRESENTATION('',(#9717),#9721);
#9717 = CIRCLE('',#9718,4.);
#9718 = AXIS2_PLACEMENT_2D('',#9719,#9720);
#9719 = CARTESIAN_POINT('',(4.,60.));
#9720 = DIRECTION('',(1.,0.));
#9721 = ( GEOMETRIC_REPRESENTATION_CONTEXT(2) 
PARAMETRIC_REPRESENTATION_CONTEXT() REPRESENTATION_CONTEXT('2D SPACE',''
  ) );
#9722 = PCURVE('',#9723,#9728);
#9723 = CYLINDRICAL_SURFACE('',#9724,4.);
#9724 = AXIS2_PLACEMENT_3D('',#9725,#9726,#9727);
#9725 = CARTESIAN_POINT('',(28.,-14.,-22.));
#9726 = DIRECTION('',(-0.,1.,0.));
#9727 = DIRECTION('',(1.,0.,-0.));
#9728 = DEFINITIONAL_REPRESENTATION('',(#9729),#9733);
#9729 = LINE('',#9730,#9731);
#9730 = CARTESIAN_POINT('',(-1.570796326795,0.));
#9731 = VECTOR('',#9732,1.);
#9732 = DIRECTION('',(1.,0.));
#9733 = ( GEOMETRIC_REPRESENTATION_CONTEXT(2) 
PARAMETRIC_REPRESENTATION_CONTEXT() REPRESENTATION_CONTEXT('2D SPACE',''
  ) );
#9734 = FACE_BOUND('',#9735,.F.);
#9735 = EDGE_LOOP('',(#9736,#9767,#9793,#9822,#9848,#9877,#9903,#9932));
#9736 = ORIENTED_EDGE('',*,*,#9737,.F.);
#9737 = EDGE_CURVE('',#9738,#9740,#9742,.T.);
#9738 = VERTEX_POINT('',#9739);
#9739 = CARTESIAN_POINT('',(-30.,-14.,22.));
#9740 = VERTEX_POINT('',#9741);
#9741 = CARTESIAN_POINT('',(-28.,-14.,24.));
#9742 = SURFACE_CURVE('',#9743,(#9748,#9755),.PCURVE_S1.);
#9743 = CIRCLE('',#9744,2.);
#9744 = AXIS2_PLACEMENT_3D('',#9745,#9746,#9747);
#9745 = CARTESIAN_POINT('',(-28.,-14.,22.));
#9746 = DIRECTION('',(-0.,1.,0.));
#9747 = DIRECTION('',(-1.,-0.,0.));
#9748 = PCURVE('',#9441,#9749);
#9749 = DEFINITIONAL_REPRESENTATION('',(#9750),#9754);
#9750 = CIRCLE('',#9751,2.);
#9751 = AXIS2_PLACEMENT_2D('',#9752,#9753);
#9752 = CARTESIAN_POINT('',(48.,4.));
#9753 = DIRECTION('',(0.,-1.));
#9754 = ( GEOMETRIC_REPRESENTATION_CONTEXT(2) 
PARAMETRIC_REPRESENTATION_CONTEXT() REPRESENTATION_CONTEXT('2D SPACE',''
  ) );
#9755 = PCURVE('',#9756,#9761);
#9756 = CYLINDRICAL_SURFACE('',#9757,2.);
#9757 = AXIS2_PLACEMENT_3D('',#9758,#9759,#9760);
#9758 = CARTESIAN_POINT('',(-28.,-14.5,22.));
#9759 = DIRECTION('',(-0.,1.,0.));
#9760 = DIRECTION('',(-1.,-0.,0.));
#9761 = DEFINITIONAL_REPRESENTATION('',(#9762),#9766);
#9762 = LINE('',#9763,#9764);
#9763 = CARTESIAN_POINT('',(0.,0.5));
#9764 = VECTOR('',#9765,1.);
#9765 = DIRECTION('',(1.,0.));
#9766 = ( GEOMETRIC_REPRESENTATION_CONTEXT(2) 
PARAMETRIC_REPRESENTATION_CONTEXT() REPRESENTATION_CONTEXT('2D SPACE',''
  ) );
#9767 = ORIENTED_EDGE('',*,*,#9768,.T.);
#9768 = EDGE_CURVE('',#9738,#9769,#9771,.T.);
#9769 = VERTEX_POINT('',#9770);
#9770 = CARTESIAN_POINT('',(-30.,-14.,-22.));
#9771 = SURFACE_CURVE('',#9772,(#9776,#9782),.PCURVE_S1.);
#9772 = LINE('',#9773,#9774);
#9773 = CARTESIAN_POINT('',(-30.,-14.,-25.));
#9774 = VECTOR('',#9775,1.);
#9775 = DIRECTION('',(-0.,0.,-1.));
#9776 = PCURVE('',#9441,#9777);
#9777 = DEFINITIONAL_REPRESENTATION('',(#9778),#9781);
#9778 = B_SPLINE_CURVE_WITH_KNOTS('',1,(#9779,#9780),.UNSPECIFIED.,.F.,
  .F.,(2,2),(-47.,-3.),.PIECEWISE_BEZIER_KNOTS.);
#9779 = CARTESIAN_POINT('',(48.,2.));
#9780 = CARTESIAN_POINT('',(4.,2.));
#9781 = ( GEOMETRIC_REPRESENTATION_CONTEXT(2) 
PARAMETRIC_REPRESENTATION_CONTEXT() REPRESENTATION_CONTEXT('2D SPACE',''
  ) );
#9782 = PCURVE('',#9783,#9788);
#9783 = PLANE('',#9784);
#9784 = AXIS2_PLACEMENT_3D('',#9785,#9786,#9787);
#9785 = CARTESIAN_POINT('',(-30.,-14.5,-24.));
#9786 = DIRECTION('',(1.,0.,-0.));
#9787 = DIRECTION('',(0.,0.,1.));
#9788 = DEFINITIONAL_REPRESENTATION('',(#9789),#9792);
#9789 = B_SPLINE_CURVE_WITH_KNOTS('',1,(#9790,#9791),.UNSPECIFIED.,.F.,
  .F.,(2,2),(-47.,-3.),.PIECEWISE_BEZIER_KNOTS.);
#9790 = CARTESIAN_POINT('',(46.,-0.5));
#9791 = CARTESIAN_POINT('',(2.,-0.5));
#9792 = ( GEOMETRIC_REPRESENTATION_CONTEXT(2) 
PARAMETRIC_REPRESENTATION_CONTEXT() REPRESENTATION_CONTEXT('2D SPACE',''
  ) );
#9793 = ORIENTED_EDGE('',*,*,#9794,.F.);
#9794 = EDGE_CURVE('',#9795,#9769,#9797,.T.);
#9795 = VERTEX_POINT('',#9796);
#9796 = CARTESIAN_POINT('',(-28.,-14.,-24.));
#9797 = SURFACE_CURVE('',#9798,(#9803,#9810),.PCURVE_S1.);
#9798 = CIRCLE('',#9799,2.);
#9799 = AXIS2_PLACEMENT_3D('',#9800,#9801,#9802);
#9800 = CARTESIAN_POINT('',(-28.,-14.,-22.));
#9801 = DIRECTION('',(-0.,1.,0.));
#9802 = DIRECTION('',(-1.,-0.,0.));
#9803 = PCURVE('',#9441,#9804);
#9804 = DEFINITIONAL_REPRESENTATION('',(#9805),#9809);
#9805 = CIRCLE('',#9806,2.);
#9806 = AXIS2_PLACEMENT_2D('',#9807,#9808);
#9807 = CARTESIAN_POINT('',(4.,4.));
#9808 = DIRECTION('',(0.,-1.));
#9809 = ( GEOMETRIC_REPRESENTATION_CONTEXT(2) 
PARAMETRIC_REPRESENTATION_CONTEXT() REPRESENTATION_CONTEXT('2D SPACE',''
  ) );
#9810 = PCURVE('',#9811,#9816);
#9811 = CYLINDRICAL_SURFACE('',#9812,2.);
#9812 = AXIS2_PLACEMENT_3D('',#9813,#9814,#9815);
#9813 = CARTESIAN_POINT('',(-28.,-14.5,-22.));
#9814 = DIRECTION('',(-0.,1.,0.));
#9815 = DIRECTION('',(-1.,-0.,0.));
#9816 = DEFINITIONAL_REPRESENTATION('',(#9817),#9821);
#9817 = LINE('',#9818,#9819);
#9818 = CARTESIAN_POINT('',(-6.28318530718,0.5));
#9819 = VECTOR('',#9820,1.);
#9820 = DIRECTION('',(1.,-0.));
#9821 = ( GEOMETRIC_REPRESENTATION_CONTEXT(2) 
PARAMETRIC_REPRESENTATION_CONTEXT() REPRESENTATION_CONTEXT('2D SPACE',''
  ) );
#9822 = ORIENTED_EDGE('',*,*,#9823,.T.);
#9823 = EDGE_CURVE('',#9795,#9824,#9826,.T.);
#9824 = VERTEX_POINT('',#9825);
#9825 = CARTESIAN_POINT('',(28.,-14.,-24.));
#9826 = SURFACE_CURVE('',#9827,(#9831,#9837),.PCURVE_S1.);
#9827 = LINE('',#9828,#9829);
#9828 = CARTESIAN_POINT('',(-31.,-14.,-24.));
#9829 = VECTOR('',#9830,1.);
#9830 = DIRECTION('',(1.,0.,-0.));
#9831 = PCURVE('',#9441,#9832);
#9832 = DEFINITIONAL_REPRESENTATION('',(#9833),#9836);
#9833 = B_SPLINE_CURVE_WITH_KNOTS('',1,(#9834,#9835),.UNSPECIFIED.,.F.,
  .F.,(2,2),(3.,59.),.PIECEWISE_BEZIER_KNOTS.);
#9834 = CARTESIAN_POINT('',(2.,4.));
#9835 = CARTESIAN_POINT('',(2.,60.));
#9836 = ( GEOMETRIC_REPRESENTATION_CONTEXT(2) 
PARAMETRIC_REPRESENTATION_CONTEXT() REPRESENTATION_CONTEXT('2D SPACE',''
  ) );
#9837 = PCURVE('',#9838,#9843);
#9838 = PLANE('',#9839);
#9839 = AXIS2_PLACEMENT_3D('',#9840,#9841,#9842);
#9840 = CARTESIAN_POINT('',(-30.,-14.5,-24.));
#9841 = DIRECTION('',(0.,0.,1.));
#9842 = DIRECTION('',(1.,0.,-0.));
#9843 = DEFINITIONAL_REPRESENTATION('',(#9844),#9847);
#9844 = B_SPLINE_CURVE_WITH_KNOTS('',1,(#9845,#9846),.UNSPECIFIED.,.F.,
  .F.,(2,2),(3.,59.),.PIECEWISE_BEZIER_KNOTS.);
#9845 = CARTESIAN_POINT('',(2.,0.5));
#9846 = CARTESIAN_POINT('',(58.,0.5));
#9847 = ( GEOMETRIC_REPRESENTATION_CONTEXT(2) 
PARAMETRIC_REPRESENTATION_CONTEXT() REPRESENTATION_CONTEXT('2D SPACE',''
  ) );
#9848 = ORIENTED_EDGE('',*,*,#9849,.F.);
#9849 = EDGE_CURVE('',#9850,#9824,#9852,.T.);
#9850 = VERTEX_POINT('',#9851);
#9851 = CARTESIAN_POINT('',(30.,-14.,-22.));
#9852 = SURFACE_CURVE('',#9853,(#9858,#9865),.PCURVE_S1.);
#9853 = CIRCLE('',#9854,2.);
#9854 = AXIS2_PLACEMENT_3D('',#9855,#9856,#9857);
#9855 = CARTESIAN_POINT('',(28.,-14.,-22.));
#9856 = DIRECTION('',(0.,1.,0.));
#9857 = DIRECTION('',(1.,0.,-0.));
#9858 = PCURVE('',#9441,#9859);
#9859 = DEFINITIONAL_REPRESENTATION('',(#9860),#9864);
#9860 = CIRCLE('',#9861,2.);
#9861 = AXIS2_PLACEMENT_2D('',#9862,#9863);
#9862 = CARTESIAN_POINT('',(4.,60.));
#9863 = DIRECTION('',(0.,1.));
#9864 = ( GEOMETRIC_REPRESENTATION_CONTEXT(2) 
PARAMETRIC_REPRESENTATION_CONTEXT() REPRESENTATION_CONTEXT('2D SPACE',''
  ) );
#9865 = PCURVE('',#9866,#9871);
#9866 = CYLINDRICAL_SURFACE('',#9867,2.);
#9867 = AXIS2_PLACEMENT_3D('',#9868,#9869,#9870);
#9868 = CARTESIAN_POINT('',(28.,-14.5,-22.));
#9869 = DIRECTION('',(-0.,1.,0.));
#9870 = DIRECTION('',(1.,0.,-0.));
#9871 = DEFINITIONAL_REPRESENTATION('',(#9872),#9876);
#9872 = LINE('',#9873,#9874);
#9873 = CARTESIAN_POINT('',(0.,0.5));
#9874 = VECTOR('',#9875,1.);
#9875 = DIRECTION('',(1.,0.));
#9876 = ( GEOMETRIC_REPRESENTATION_CONTEXT(2) 
PARAMETRIC_REPRESENTATION_CONTEXT() REPRESENTATION_CONTEXT('2D SPACE',''
  ) );
#9877 = ORIENTED_EDGE('',*,*,#9878,.F.);
#9878 = EDGE_CURVE('',#9879,#9850,#9881,.T.);
#9879 = VERTEX_POINT('',#9880);
#9880 = CARTESIAN_POINT('',(30.,-14.,22.));
#9881 = SURFACE_CURVE('',#9882,(#9886,#9892),.PCURVE_S1.);
#9882 = LINE('',#9883,#9884);
#9883 = CARTESIAN_POINT('',(30.,-14.,-25.));
#9884 = VECTOR('',#9885,1.);
#9885 = DIRECTION('',(-0.,0.,-1.));
#9886 = PCURVE('',#9441,#9887);
#9887 = DEFINITIONAL_REPRESENTATION('',(#9888),#9891);
#9888 = B_SPLINE_CURVE_WITH_KNOTS('',1,(#9889,#9890),.UNSPECIFIED.,.F.,
  .F.,(2,2),(-47.,-3.),.PIECEWISE_BEZIER_KNOTS.);
#9889 = CARTESIAN_POINT('',(48.,62.));
#9890 = CARTESIAN_POINT('',(4.,62.));
#9891 = ( GEOMETRIC_REPRESENTATION_CONTEXT(2) 
PARAMETRIC_REPRESENTATION_CONTEXT() REPRESENTATION_CONTEXT('2D SPACE',''
  ) );
#9892 = PCURVE('',#9893,#9898);
#9893 = PLANE('',#9894);
#9894 = AXIS2_PLACEMENT_3D('',#9895,#9896,#9897);
#9895 = CARTESIAN_POINT('',(30.,-14.5,-24.));
#9896 = DIRECTION('',(1.,0.,-0.));
#9897 = DIRECTION('',(0.,0.,1.));
#9898 = DEFINITIONAL_REPRESENTATION('',(#9899),#9902);
#9899 = B_SPLINE_CURVE_WITH_KNOTS('',1,(#9900,#9901),.UNSPECIFIED.,.F.,
  .F.,(2,2),(-47.,-3.),.PIECEWISE_BEZIER_KNOTS.);
#9900 = CARTESIAN_POINT('',(46.,-0.5));
#9901 = CARTESIAN_POINT('',(2.,-0.5));
#9902 = ( GEOMETRIC_REPRESENTATION_CONTEXT(2) 
PARAMETRIC_REPRESENTATION_CONTEXT() REPRESENTATION_CONTEXT('2D SPACE',''
  ) );
#9903 = ORIENTED_EDGE('',*,*,#9904,.F.);
#9904 = EDGE_CURVE('',#9905,#9879,#9907,.T.);
#9905 = VERTEX_POINT('',#9906);
#9906 = CARTESIAN_POINT('',(28.,-14.,24.));
#9907 = SURFACE_CURVE('',#9908,(#9913,#9920),.PCURVE_S1.);
#9908 = CIRCLE('',#9909,2.);
#9909 = AXIS2_PLACEMENT_3D('',#9910,#9911,#9912);
#9910 = CARTESIAN_POINT('',(28.,-14.,22.));
#9911 = DIRECTION('',(0.,1.,0.));
#9912 = DIRECTION('',(1.,0.,-0.));
#9913 = PCURVE('',#9441,#9914);
#9914 = DEFINITIONAL_REPRESENTATION('',(#9915),#9919);
#9915 = CIRCLE('',#9916,2.);
#9916 = AXIS2_PLACEMENT_2D('',#9917,#9918);
#9917 = CARTESIAN_POINT('',(48.,60.));
#9918 = DIRECTION('',(0.,1.));
#9919 = ( GEOMETRIC_REPRESENTATION_CONTEXT(2) 
PARAMETRIC_REPRESENTATION_CONTEXT() REPRESENTATION_CONTEXT('2D SPACE',''
  ) );
#9920 = PCURVE('',#9921,#9926);
#9921 = CYLINDRICAL_SURFACE('',#9922,2.);
#9922 = AXIS2_PLACEMENT_3D('',#9923,#9924,#9925);
#9923 = CARTESIAN_POINT('',(28.,-14.5,22.));
#9924 = DIRECTION('',(-0.,1.,0.));
#9925 = DIRECTION('',(1.,0.,-0.));
#9926 = DEFINITIONAL_REPRESENTATION('',(#9927),#9931);
#9927 = LINE('',#9928,#9929);
#9928 = CARTESIAN_POINT('',(-6.28318530718,0.5));
#9929 = VECTOR('',#9930,1.);
#9930 = DIRECTION('',(1.,-0.));
#9931 = ( GEOMETRIC_REPRESENTATION_CONTEXT(2) 
PARAMETRIC_REPRESENTATION_CONTEXT() REPRESENTATION_CONTEXT('2D SPACE',''
  ) );
#9932 = ORIENTED_EDGE('',*,*,#9933,.F.);
#9933 = EDGE_CURVE('',#9740,#9905,#9934,.T.);
#9934 = SURFACE_CURVE('',#9935,(#9939,#9945),.PCURVE_S1.);
#9935 = LINE('',#9936,#9937);
#9936 = CARTESIAN_POINT('',(-31.,-14.,24.));
#9937 = VECTOR('',#9938,1.);
#9938 = DIRECTION('',(1.,0.,-0.));
#9939 = PCURVE('',#9441,#9940);
#9940 = DEFINITIONAL_REPRESENTATION('',(#9941),#9944);
#9941 = B_SPLINE_CURVE_WITH_KNOTS('',1,(#9942,#9943),.UNSPECIFIED.,.F.,
  .F.,(2,2),(3.,59.),.PIECEWISE_BEZIER_KNOTS.);
#9942 = CARTESIAN_POINT('',(50.,4.));
#9943 = CARTESIAN_POINT('',(50.,60.));
#9944 = ( GEOMETRIC_REPRESENTATION_CONTEXT(2) 
PARAMETRIC_REPRESENTATION_CONTEXT() REPRESENTATION_CONTEXT('2D SPACE',''
  ) );
#9945 = PCURVE('',#9946,#9951);
#9946 = PLANE('',#9947);
#9947 = AXIS2_PLACEMENT_3D('',#9948,#9949,#9950);
#9948 = CARTESIAN_POINT('',(-30.,-14.5,24.));
#9949 = DIRECTION('',(0.,0.,1.));
#9950 = DIRECTION('',(1.,0.,-0.));
#9951 = DEFINITIONAL_REPRESENTATION('',(#9952),#9955);
#9952 = B_SPLINE_CURVE_WITH_KNOTS('',1,(#9953,#9954),.UNSPECIFIED.,.F.,
  .F.,(2,2),(3.,59.),.PIECEWISE_BEZIER_KNOTS.);
#9953 = CARTESIAN_POINT('',(2.,0.5));
#9954 = CARTESIAN_POINT('',(58.,0.5));
#9955 = ( GEOMETRIC_REPRESENTATION_CONTEXT(2) 
PARAMETRIC_REPRESENTATION_CONTEXT() REPRESENTATION_CONTEXT('2D SPACE',''
  ) );
#9956 = ADVANCED_FACE('',(#9957),#9469,.T.);
#9957 = FACE_BOUND('',#9958,.F.);
#9958 = EDGE_LOOP('',(#9959,#9960,#9983,#10009));
#9959 = ORIENTED_EDGE('',*,*,#9568,.T.);
#9960 = ORIENTED_EDGE('',*,*,#9961,.T.);
#9961 = EDGE_CURVE('',#9539,#9962,#9964,.T.);
#9962 = VERTEX_POINT('',#9963);
#9963 = CARTESIAN_POINT('',(-28.,-13.,-26.));
#9964 = SURFACE_CURVE('',#9965,(#9969,#9976),.PCURVE_S1.);
#9965 = LINE('',#9966,#9967);
#9966 = CARTESIAN_POINT('',(-28.,-14.,-26.));
#9967 = VECTOR('',#9968,1.);
#9968 = DIRECTION('',(-0.,1.,0.));
#9969 = PCURVE('',#9469,#9970);
#9970 = DEFINITIONAL_REPRESENTATION('',(#9971),#9975);
#9971 = LINE('',#9972,#9973);
#9972 = CARTESIAN_POINT('',(-1.570796326795,0.));
#9973 = VECTOR('',#9974,1.);
#9974 = DIRECTION('',(-0.,1.));
#9975 = ( GEOMETRIC_REPRESENTATION_CONTEXT(2) 
PARAMETRIC_REPRESENTATION_CONTEXT() REPRESENTATION_CONTEXT('2D SPACE',''
  ) );
#9976 = PCURVE('',#9556,#9977);
#9977 = DEFINITIONAL_REPRESENTATION('',(#9978),#9982);
#9978 = LINE('',#9979,#9980);
#9979 = CARTESIAN_POINT('',(4.,0.));
#9980 = VECTOR('',#9981,1.);
#9981 = DIRECTION('',(0.,1.));
#9982 = ( GEOMETRIC_REPRESENTATION_CONTEXT(2) 
PARAMETRIC_REPRESENTATION_CONTEXT() REPRESENTATION_CONTEXT('2D SPACE',''
  ) );
#9983 = ORIENTED_EDGE('',*,*,#9984,.F.);
#9984 = EDGE_CURVE('',#9454,#9962,#9985,.T.);
#9985 = SURFACE_CURVE('',#9986,(#9991,#9998),.PCURVE_S1.);
#9986 = CIRCLE('',#9987,4.);
#9987 = AXIS2_PLACEMENT_3D('',#9988,#9989,#9990);
#9988 = CARTESIAN_POINT('',(-28.,-13.,-22.));
#9989 = DIRECTION('',(0.,-1.,0.));
#9990 = DIRECTION('',(0.,0.,1.));
#9991 = PCURVE('',#9469,#9992);
#9992 = DEFINITIONAL_REPRESENTATION('',(#9993),#9997);
#9993 = LINE('',#9994,#9995);
#9994 = CARTESIAN_POINT('',(1.570796326795,1.));
#9995 = VECTOR('',#9996,1.);
#9996 = DIRECTION('',(-1.,0.));
#9997 = ( GEOMETRIC_REPRESENTATION_CONTEXT(2) 
PARAMETRIC_REPRESENTATION_CONTEXT() REPRESENTATION_CONTEXT('2D SPACE',''
  ) );
#9998 = PCURVE('',#9497,#9999);
#9999 = DEFINITIONAL_REPRESENTATION('',(#10000),#10008);
#10000 = ( BOUNDED_CURVE() B_SPLINE_CURVE(2,(#10001,#10002,#10003,#10004
    ,#10005,#10006,#10007),.UNSPECIFIED.,.T.,.F.) 
B_SPLINE_CURVE_WITH_KNOTS((1,2,2,2,2,1),(-2.094395102393,0.,
    2.094395102393,4.188790204786,6.28318530718,8.377580409573),
.UNSPECIFIED.) CURVE() GEOMETRIC_REPRESENTATION_ITEM() 
RATIONAL_B_SPLINE_CURVE((1.,0.5,1.,0.5,1.,0.5,1.)) REPRESENTATION_ITEM(
  '') );
#10001 = CARTESIAN_POINT('',(8.,4.));
#10002 = CARTESIAN_POINT('',(8.,-2.928203230276));
#10003 = CARTESIAN_POINT('',(2.,0.535898384862));
#10004 = CARTESIAN_POINT('',(-4.,4.));
#10005 = CARTESIAN_POINT('',(2.,7.464101615138));
#10006 = CARTESIAN_POINT('',(8.,10.928203230276));
#10007 = CARTESIAN_POINT('',(8.,4.));
#10008 = ( GEOMETRIC_REPRESENTATION_CONTEXT(2) 
PARAMETRIC_REPRESENTATION_CONTEXT() REPRESENTATION_CONTEXT('2D SPACE',''
  ) );
#10009 = ORIENTED_EDGE('',*,*,#9453,.F.);
#10010 = ADVANCED_FACE('',(#10011),#9523,.T.);
#10011 = FACE_BOUND('',#10012,.T.);
#10012 = EDGE_LOOP('',(#10013,#10014,#10037,#10059));
#10013 = ORIENTED_EDGE('',*,*,#9595,.T.);
#10014 = ORIENTED_EDGE('',*,*,#10015,.T.);
#10015 = EDGE_CURVE('',#9596,#10016,#10018,.T.);
#10016 = VERTEX_POINT('',#10017);
#10017 = CARTESIAN_POINT('',(-28.,-13.,26.));
#10018 = SURFACE_CURVE('',#10019,(#10023,#10030),.PCURVE_S1.);
#10019 = LINE('',#10020,#10021);
#10020 = CARTESIAN_POINT('',(-28.,-14.,26.));
#10021 = VECTOR('',#10022,1.);
#10022 = DIRECTION('',(-0.,1.,0.));
#10023 = PCURVE('',#9523,#10024);
#10024 = DEFINITIONAL_REPRESENTATION('',(#10025),#10029);
#10025 = LINE('',#10026,#10027);
#10026 = CARTESIAN_POINT('',(1.570796326795,0.));
#10027 = VECTOR('',#10028,1.);
#10028 = DIRECTION('',(0.,1.));
#10029 = ( GEOMETRIC_REPRESENTATION_CONTEXT(2) 
PARAMETRIC_REPRESENTATION_CONTEXT() REPRESENTATION_CONTEXT('2D SPACE',''
  ) );
#10030 = PCURVE('',#9635,#10031);
#10031 = DEFINITIONAL_REPRESENTATION('',(#10032),#10036);
#10032 = LINE('',#10033,#10034);
#10033 = CARTESIAN_POINT('',(4.,0.));
#10034 = VECTOR('',#10035,1.);
#10035 = DIRECTION('',(0.,1.));
#10036 = ( GEOMETRIC_REPRESENTATION_CONTEXT(2) 
PARAMETRIC_REPRESENTATION_CONTEXT() REPRESENTATION_CONTEXT('2D SPACE',''
  ) );
#10037 = ORIENTED_EDGE('',*,*,#10038,.F.);
#10038 = EDGE_CURVE('',#9482,#10016,#10039,.T.);
#10039 = SURFACE_CURVE('',#10040,(#10045,#10052),.PCURVE_S1.);
#10040 = CIRCLE('',#10041,4.);
#10041 = AXIS2_PLACEMENT_3D('',#10042,#10043,#10044);
#10042 = CARTESIAN_POINT('',(-28.,-13.,22.));
#10043 = DIRECTION('',(-0.,1.,0.));
#10044 = DIRECTION('',(0.,0.,1.));
#10045 = PCURVE('',#9523,#10046);
#10046 = DEFINITIONAL_REPRESENTATION('',(#10047),#10051);
#10047 = LINE('',#10048,#10049);
#10048 = CARTESIAN_POINT('',(-4.712388980385,1.));
#10049 = VECTOR('',#10050,1.);
#10050 = DIRECTION('',(1.,0.));
#10051 = ( GEOMETRIC_REPRESENTATION_CONTEXT(2) 
PARAMETRIC_REPRESENTATION_CONTEXT() REPRESENTATION_CONTEXT('2D SPACE',''
  ) );
#10052 = PCURVE('',#9497,#10053);
#10053 = DEFINITIONAL_REPRESENTATION('',(#10054),#10058);
#10054 = CIRCLE('',#10055,4.);
#10055 = AXIS2_PLACEMENT_2D('',#10056,#10057);
#10056 = CARTESIAN_POINT('',(48.,4.));
#10057 = DIRECTION('',(1.,0.));
#10058 = ( GEOMETRIC_REPRESENTATION_CONTEXT(2) 
PARAMETRIC_REPRESENTATION_CONTEXT() REPRESENTATION_CONTEXT('2D SPACE',''
  ) );
#10059 = ORIENTED_EDGE('',*,*,#9509,.F.);
#10060 = ADVANCED_FACE('',(#10061,#10185),#9497,.T.);
#10061 = FACE_BOUND('',#10062,.T.);
#10062 = EDGE_LOOP('',(#10063,#10086,#10087,#10088,#10089,#10112,#10140,
    #10163));
#10063 = ORIENTED_EDGE('',*,*,#10064,.F.);
#10064 = EDGE_CURVE('',#9962,#10065,#10067,.T.);
#10065 = VERTEX_POINT('',#10066);
#10066 = CARTESIAN_POINT('',(28.,-13.,-26.));
#10067 = SURFACE_CURVE('',#10068,(#10072,#10079),.PCURVE_S1.);
#10068 = LINE('',#10069,#10070);
#10069 = CARTESIAN_POINT('',(-32.,-13.,-26.));
#10070 = VECTOR('',#10071,1.);
#10071 = DIRECTION('',(1.,0.,-0.));
#10072 = PCURVE('',#9497,#10073);
#10073 = DEFINITIONAL_REPRESENTATION('',(#10074),#10078);
#10074 = LINE('',#10075,#10076);
#10075 = CARTESIAN_POINT('',(0.,0.));
#10076 = VECTOR('',#10077,1.);
#10077 = DIRECTION('',(0.,1.));
#10078 = ( GEOMETRIC_REPRESENTATION_CONTEXT(2) 
PARAMETRIC_REPRESENTATION_CONTEXT() REPRESENTATION_CONTEXT('2D SPACE',''
  ) );
#10079 = PCURVE('',#9556,#10080);
#10080 = DEFINITIONAL_REPRESENTATION('',(#10081),#10085);
#10081 = LINE('',#10082,#10083);
#10082 = CARTESIAN_POINT('',(0.,1.));
#10083 = VECTOR('',#10084,1.);
#10084 = DIRECTION('',(1.,0.));
#10085 = ( GEOMETRIC_REPRESENTATION_CONTEXT(2) 
PARAMETRIC_REPRESENTATION_CONTEXT() REPRESENTATION_CONTEXT('2D SPACE',''
  ) );
#10086 = ORIENTED_EDGE('',*,*,#9984,.F.);
#10087 = ORIENTED_EDGE('',*,*,#9481,.T.);
#10088 = ORIENTED_EDGE('',*,*,#10038,.T.);
#10089 = ORIENTED_EDGE('',*,*,#10090,.T.);
#10090 = EDGE_CURVE('',#10016,#10091,#10093,.T.);
#10091 = VERTEX_POINT('',#10092);
#10092 = CARTESIAN_POINT('',(28.,-13.,26.));
#10093 = SURFACE_CURVE('',#10094,(#10098,#10105),.PCURVE_S1.);
#10094 = LINE('',#10095,#10096);
#10095 = CARTESIAN_POINT('',(-32.,-13.,26.));
#10096 = VECTOR('',#10097,1.);
#10097 = DIRECTION('',(1.,0.,-0.));
#10098 = PCURVE('',#9497,#10099);
#10099 = DEFINITIONAL_REPRESENTATION('',(#10100),#10104);
#10100 = LINE('',#10101,#10102);
#10101 = CARTESIAN_POINT('',(52.,0.));
#10102 = VECTOR('',#10103,1.);
#10103 = DIRECTION('',(0.,1.));
#10104 = ( GEOMETRIC_REPRESENTATION_CONTEXT(2) 
PARAMETRIC_REPRESENTATION_CONTEXT() REPRESENTATION_CONTEXT('2D SPACE',''
  ) );
#10105 = PCURVE('',#9635,#10106);
#10106 = DEFINITIONAL_REPRESENTATION('',(#10107),#10111);
#10107 = LINE('',#10108,#10109);
#10108 = CARTESIAN_POINT('',(0.,1.));
#10109 = VECTOR('',#10110,1.);
#10110 = DIRECTION('',(1.,0.));
#10111 = ( GEOMETRIC_REPRESENTATION_CONTEXT(2) 
PARAMETRIC_REPRESENTATION_CONTEXT() REPRESENTATION_CONTEXT('2D SPACE',''
  ) );
#10112 = ORIENTED_EDGE('',*,*,#10113,.F.);
#10113 = EDGE_CURVE('',#10114,#10091,#10116,.T.);
#10114 = VERTEX_POINT('',#10115);
#10115 = CARTESIAN_POINT('',(32.,-13.,22.));
#10116 = SURFACE_CURVE('',#10117,(#10122,#10133),.PCURVE_S1.);
#10117 = CIRCLE('',#10118,4.);
#10118 = AXIS2_PLACEMENT_3D('',#10119,#10120,#10121);
#10119 = CARTESIAN_POINT('',(28.,-13.,22.));
#10120 = DIRECTION('',(0.,-1.,0.));
#10121 = DIRECTION('',(0.,0.,1.));
#10122 = PCURVE('',#9497,#10123);
#10123 = DEFINITIONAL_REPRESENTATION('',(#10124),#10132);
#10124 = ( BOUNDED_CURVE() B_SPLINE_CURVE(2,(#10125,#10126,#10127,#10128
    ,#10129,#10130,#10131),.UNSPECIFIED.,.T.,.F.) 
B_SPLINE_CURVE_WITH_KNOTS((1,2,2,2,2,1),(-2.094395102393,0.,
    2.094395102393,4.188790204786,6.28318530718,8.377580409573),
.UNSPECIFIED.) CURVE() GEOMETRIC_REPRESENTATION_ITEM() 
RATIONAL_B_SPLINE_CURVE((1.,0.5,1.,0.5,1.,0.5,1.)) REPRESENTATION_ITEM(
  '') );
#10125 = CARTESIAN_POINT('',(52.,60.));
#10126 = CARTESIAN_POINT('',(52.,53.071796769724));
#10127 = CARTESIAN_POINT('',(46.,56.535898384862));
#10128 = CARTESIAN_POINT('',(40.,60.));
#10129 = CARTESIAN_POINT('',(46.,63.464101615138));
#10130 = CARTESIAN_POINT('',(52.,66.928203230276));
#10131 = CARTESIAN_POINT('',(52.,60.));
#10132 = ( GEOMETRIC_REPRESENTATION_CONTEXT(2) 
PARAMETRIC_REPRESENTATION_CONTEXT() REPRESENTATION_CONTEXT('2D SPACE',''
  ) );
#10133 = PCURVE('',#9668,#10134);
#10134 = DEFINITIONAL_REPRESENTATION('',(#10135),#10139);
#10135 = LINE('',#10136,#10137);
#10136 = CARTESIAN_POINT('',(4.712388980385,1.));
#10137 = VECTOR('',#10138,1.);
#10138 = DIRECTION('',(-1.,0.));
#10139 = ( GEOMETRIC_REPRESENTATION_CONTEXT(2) 
PARAMETRIC_REPRESENTATION_CONTEXT() REPRESENTATION_CONTEXT('2D SPACE',''
  ) );
#10140 = ORIENTED_EDGE('',*,*,#10141,.F.);
#10141 = EDGE_CURVE('',#10142,#10114,#10144,.T.);
#10142 = VERTEX_POINT('',#10143);
#10143 = CARTESIAN_POINT('',(32.,-13.,-22.));
#10144 = SURFACE_CURVE('',#10145,(#10149,#10156),.PCURVE_S1.);
#10145 = LINE('',#10146,#10147);
#10146 = CARTESIAN_POINT('',(32.,-13.,-26.));
#10147 = VECTOR('',#10148,1.);
#10148 = DIRECTION('',(0.,0.,1.));
#10149 = PCURVE('',#9497,#10150);
#10150 = DEFINITIONAL_REPRESENTATION('',(#10151),#10155);
#10151 = LINE('',#10152,#10153);
#10152 = CARTESIAN_POINT('',(0.,64.));
#10153 = VECTOR('',#10154,1.);
#10154 = DIRECTION('',(1.,0.));
#10155 = ( GEOMETRIC_REPRESENTATION_CONTEXT(2) 
PARAMETRIC_REPRESENTATION_CONTEXT() REPRESENTATION_CONTEXT('2D SPACE',''
  ) );
#10156 = PCURVE('',#9696,#10157);
#10157 = DEFINITIONAL_REPRESENTATION('',(#10158),#10162);
#10158 = LINE('',#10159,#10160);
#10159 = CARTESIAN_POINT('',(0.,-1.));
#10160 = VECTOR('',#10161,1.);
#10161 = DIRECTION('',(1.,0.));
#10162 = ( GEOMETRIC_REPRESENTATION_CONTEXT(2) 
PARAMETRIC_REPRESENTATION_CONTEXT() REPRESENTATION_CONTEXT('2D SPACE',''
  ) );
#10163 = ORIENTED_EDGE('',*,*,#10164,.T.);
#10164 = EDGE_CURVE('',#10142,#10065,#10165,.T.);
#10165 = SURFACE_CURVE('',#10166,(#10171,#10178),.PCURVE_S1.);
#10166 = CIRCLE('',#10167,4.);
#10167 = AXIS2_PLACEMENT_3D('',#10168,#10169,#10170);
#10168 = CARTESIAN_POINT('',(28.,-13.,-22.));
#10169 = DIRECTION('',(-0.,1.,0.));
#10170 = DIRECTION('',(0.,0.,1.));
#10171 = PCURVE('',#9497,#10172);
#10172 = DEFINITIONAL_REPRESENTATION('',(#10173),#10177);
#10173 = CIRCLE('',#10174,4.);
#10174 = AXIS2_PLACEMENT_2D('',#10175,#10176);
#10175 = CARTESIAN_POINT('',(4.,60.));
#10176 = DIRECTION('',(1.,0.));
#10177 = ( GEOMETRIC_REPRESENTATION_CONTEXT(2) 
PARAMETRIC_REPRESENTATION_CONTEXT() REPRESENTATION_CONTEXT('2D SPACE',''
  ) );
#10178 = PCURVE('',#9723,#10179);
#10179 = DEFINITIONAL_REPRESENTATION('',(#10180),#10184);
#10180 = LINE('',#10181,#10182);
#10181 = CARTESIAN_POINT('',(-1.570796326795,1.));
#10182 = VECTOR('',#10183,1.);
#10183 = DIRECTION('',(1.,0.));
#10184 = ( GEOMETRIC_REPRESENTATION_CONTEXT(2) 
PARAMETRIC_REPRESENTATION_CONTEXT() REPRESENTATION_CONTEXT('2D SPACE',''
  ) );
#10185 = FACE_BOUND('',#10186,.T.);
#10186 = EDGE_LOOP('',(#10187,#10213,#10234,#10258,#10279,#10303,#10324,
    #10348));
#10187 = ORIENTED_EDGE('',*,*,#10188,.F.);
#10188 = EDGE_CURVE('',#10189,#10191,#10193,.T.);
#10189 = VERTEX_POINT('',#10190);
#10190 = CARTESIAN_POINT('',(-30.,-13.,22.));
#10191 = VERTEX_POINT('',#10192);
#10192 = CARTESIAN_POINT('',(-28.,-13.,24.));
#10193 = SURFACE_CURVE('',#10194,(#10199,#10206),.PCURVE_S1.);
#10194 = CIRCLE('',#10195,2.);
#10195 = AXIS2_PLACEMENT_3D('',#10196,#10197,#10198);
#10196 = CARTESIAN_POINT('',(-28.,-13.,22.));
#10197 = DIRECTION('',(-0.,1.,0.));
#10198 = DIRECTION('',(-1.,-0.,0.));
#10199 = PCURVE('',#9497,#10200);
#10200 = DEFINITIONAL_REPRESENTATION('',(#10201),#10205);
#10201 = CIRCLE('',#10202,2.);
#10202 = AXIS2_PLACEMENT_2D('',#10203,#10204);
#10203 = CARTESIAN_POINT('',(48.,4.));
#10204 = DIRECTION('',(0.,-1.));
#10205 = ( GEOMETRIC_REPRESENTATION_CONTEXT(2) 
PARAMETRIC_REPRESENTATION_CONTEXT() REPRESENTATION_CONTEXT('2D SPACE',''
  ) );
#10206 = PCURVE('',#9756,#10207);
#10207 = DEFINITIONAL_REPRESENTATION('',(#10208),#10212);
#10208 = LINE('',#10209,#10210);
#10209 = CARTESIAN_POINT('',(0.,1.5));
#10210 = VECTOR('',#10211,1.);
#10211 = DIRECTION('',(1.,0.));
#10212 = ( GEOMETRIC_REPRESENTATION_CONTEXT(2) 
PARAMETRIC_REPRESENTATION_CONTEXT() REPRESENTATION_CONTEXT('2D SPACE',''
  ) );
#10213 = ORIENTED_EDGE('',*,*,#10214,.T.);
#10214 = EDGE_CURVE('',#10189,#10215,#10217,.T.);
#10215 = VERTEX_POINT('',#10216);
#10216 = CARTESIAN_POINT('',(-30.,-13.,-22.));
#10217 = SURFACE_CURVE('',#10218,(#10222,#10228),.PCURVE_S1.);
#10218 = LINE('',#10219,#10220);
#10219 = CARTESIAN_POINT('',(-30.,-13.,-25.));
#10220 = VECTOR('',#10221,1.);
#10221 = DIRECTION('',(-0.,0.,-1.));
#10222 = PCURVE('',#9497,#10223);
#10223 = DEFINITIONAL_REPRESENTATION('',(#10224),#10227);
#10224 = B_SPLINE_CURVE_WITH_KNOTS('',1,(#10225,#10226),.UNSPECIFIED.,
  .F.,.F.,(2,2),(-47.,-3.),.PIECEWISE_BEZIER_KNOTS.);
#10225 = CARTESIAN_POINT('',(48.,2.));
#10226 = CARTESIAN_POINT('',(4.,2.));
#10227 = ( GEOMETRIC_REPRESENTATION_CONTEXT(2) 
PARAMETRIC_REPRESENTATION_CONTEXT() REPRESENTATION_CONTEXT('2D SPACE',''
  ) );
#10228 = PCURVE('',#9783,#10229);
#10229 = DEFINITIONAL_REPRESENTATION('',(#10230),#10233);
#10230 = B_SPLINE_CURVE_WITH_KNOTS('',1,(#10231,#10232),.UNSPECIFIED.,
  .F.,.F.,(2,2),(-47.,-3.),.PIECEWISE_BEZIER_KNOTS.);
#10231 = CARTESIAN_POINT('',(46.,-1.5));
#10232 = CARTESIAN_POINT('',(2.,-1.5));
#10233 = ( GEOMETRIC_REPRESENTATION_CONTEXT(2) 
PARAMETRIC_REPRESENTATION_CONTEXT() REPRESENTATION_CONTEXT('2D SPACE',''
  ) );
#10234 = ORIENTED_EDGE('',*,*,#10235,.F.);
#10235 = EDGE_CURVE('',#10236,#10215,#10238,.T.);
#10236 = VERTEX_POINT('',#10237);
#10237 = CARTESIAN_POINT('',(-28.,-13.,-24.));
#10238 = SURFACE_CURVE('',#10239,(#10244,#10251),.PCURVE_S1.);
#10239 = CIRCLE('',#10240,2.);
#10240 = AXIS2_PLACEMENT_3D('',#10241,#10242,#10243);
#10241 = CARTESIAN_POINT('',(-28.,-13.,-22.));
#10242 = DIRECTION('',(-0.,1.,0.));
#10243 = DIRECTION('',(-1.,-0.,0.));
#10244 = PCURVE('',#9497,#10245);
#10245 = DEFINITIONAL_REPRESENTATION('',(#10246),#10250);
#10246 = CIRCLE('',#10247,2.);
#10247 = AXIS2_PLACEMENT_2D('',#10248,#10249);
#10248 = CARTESIAN_POINT('',(4.,4.));
#10249 = DIRECTION('',(0.,-1.));
#10250 = ( GEOMETRIC_REPRESENTATION_CONTEXT(2) 
PARAMETRIC_REPRESENTATION_CONTEXT() REPRESENTATION_CONTEXT('2D SPACE',''
  ) );
#10251 = PCURVE('',#9811,#10252);
#10252 = DEFINITIONAL_REPRESENTATION('',(#10253),#10257);
#10253 = LINE('',#10254,#10255);
#10254 = CARTESIAN_POINT('',(-6.28318530718,1.5));
#10255 = VECTOR('',#10256,1.);
#10256 = DIRECTION('',(1.,-0.));
#10257 = ( GEOMETRIC_REPRESENTATION_CONTEXT(2) 
PARAMETRIC_REPRESENTATION_CONTEXT() REPRESENTATION_CONTEXT('2D SPACE',''
  ) );
#10258 = ORIENTED_EDGE('',*,*,#10259,.T.);
#10259 = EDGE_CURVE('',#10236,#10260,#10262,.T.);
#10260 = VERTEX_POINT('',#10261);
#10261 = CARTESIAN_POINT('',(28.,-13.,-24.));
#10262 = SURFACE_CURVE('',#10263,(#10267,#10273),.PCURVE_S1.);
#10263 = LINE('',#10264,#10265);
#10264 = CARTESIAN_POINT('',(-31.,-13.,-24.));
#10265 = VECTOR('',#10266,1.);
#10266 = DIRECTION('',(1.,0.,-0.));
#10267 = PCURVE('',#9497,#10268);
#10268 = DEFINITIONAL_REPRESENTATION('',(#10269),#10272);
#10269 = B_SPLINE_CURVE_WITH_KNOTS('',1,(#10270,#10271),.UNSPECIFIED.,
  .F.,.F.,(2,2),(3.,59.),.PIECEWISE_BEZIER_KNOTS.);
#10270 = CARTESIAN_POINT('',(2.,4.));
#10271 = CARTESIAN_POINT('',(2.,60.));
#10272 = ( GEOMETRIC_REPRESENTATION_CONTEXT(2) 
PARAMETRIC_REPRESENTATION_CONTEXT() REPRESENTATION_CONTEXT('2D SPACE',''
  ) );
#10273 = PCURVE('',#9838,#10274);
#10274 = DEFINITIONAL_REPRESENTATION('',(#10275),#10278);
#10275 = B_SPLINE_CURVE_WITH_KNOTS('',1,(#10276,#10277),.UNSPECIFIED.,
  .F.,.F.,(2,2),(3.,59.),.PIECEWISE_BEZIER_KNOTS.);
#10276 = CARTESIAN_POINT('',(2.,1.5));
#10277 = CARTESIAN_POINT('',(58.,1.5));
#10278 = ( GEOMETRIC_REPRESENTATION_CONTEXT(2) 
PARAMETRIC_REPRESENTATION_CONTEXT() REPRESENTATION_CONTEXT('2D SPACE',''
  ) );
#10279 = ORIENTED_EDGE('',*,*,#10280,.F.);
#10280 = EDGE_CURVE('',#10281,#10260,#10283,.T.);
#10281 = VERTEX_POINT('',#10282);
#10282 = CARTESIAN_POINT('',(30.,-13.,-22.));
#10283 = SURFACE_CURVE('',#10284,(#10289,#10296),.PCURVE_S1.);
#10284 = CIRCLE('',#10285,2.);
#10285 = AXIS2_PLACEMENT_3D('',#10286,#10287,#10288);
#10286 = CARTESIAN_POINT('',(28.,-13.,-22.));
#10287 = DIRECTION('',(0.,1.,0.));
#10288 = DIRECTION('',(1.,0.,-0.));
#10289 = PCURVE('',#9497,#10290);
#10290 = DEFINITIONAL_REPRESENTATION('',(#10291),#10295);
#10291 = CIRCLE('',#10292,2.);
#10292 = AXIS2_PLACEMENT_2D('',#10293,#10294);
#10293 = CARTESIAN_POINT('',(4.,60.));
#10294 = DIRECTION('',(0.,1.));
#10295 = ( GEOMETRIC_REPRESENTATION_CONTEXT(2) 
PARAMETRIC_REPRESENTATION_CONTEXT() REPRESENTATION_CONTEXT('2D SPACE',''
  ) );
#10296 = PCURVE('',#9866,#10297);
#10297 = DEFINITIONAL_REPRESENTATION('',(#10298),#10302);
#10298 = LINE('',#10299,#10300);
#10299 = CARTESIAN_POINT('',(0.,1.5));
#10300 = VECTOR('',#10301,1.);
#10301 = DIRECTION('',(1.,0.));
#10302 = ( GEOMETRIC_REPRESENTATION_CONTEXT(2) 
PARAMETRIC_REPRESENTATION_CONTEXT() REPRESENTATION_CONTEXT('2D SPACE',''
  ) );
#10303 = ORIENTED_EDGE('',*,*,#10304,.F.);
#10304 = EDGE_CURVE('',#10305,#10281,#10307,.T.);
#10305 = VERTEX_POINT('',#10306);
#10306 = CARTESIAN_POINT('',(30.,-13.,22.));
#10307 = SURFACE_CURVE('',#10308,(#10312,#10318),.PCURVE_S1.);
#10308 = LINE('',#10309,#10310);
#10309 = CARTESIAN_POINT('',(30.,-13.,-25.));
#10310 = VECTOR('',#10311,1.);
#10311 = DIRECTION('',(-0.,0.,-1.));
#10312 = PCURVE('',#9497,#10313);
#10313 = DEFINITIONAL_REPRESENTATION('',(#10314),#10317);
#10314 = B_SPLINE_CURVE_WITH_KNOTS('',1,(#10315,#10316),.UNSPECIFIED.,
  .F.,.F.,(2,2),(-47.,-3.),.PIECEWISE_BEZIER_KNOTS.);
#10315 = CARTESIAN_POINT('',(48.,62.));
#10316 = CARTESIAN_POINT('',(4.,62.));
#10317 = ( GEOMETRIC_REPRESENTATION_CONTEXT(2) 
PARAMETRIC_REPRESENTATION_CONTEXT() REPRESENTATION_CONTEXT('2D SPACE',''
  ) );
#10318 = PCURVE('',#9893,#10319);
#10319 = DEFINITIONAL_REPRESENTATION('',(#10320),#10323);
#10320 = B_SPLINE_CURVE_WITH_KNOTS('',1,(#10321,#10322),.UNSPECIFIED.,
  .F.,.F.,(2,2),(-47.,-3.),.PIECEWISE_BEZIER_KNOTS.);
#10321 = CARTESIAN_POINT('',(46.,-1.5));
#10322 = CARTESIAN_POINT('',(2.,-1.5));
#10323 = ( GEOMETRIC_REPRESENTATION_CONTEXT(2) 
PARAMETRIC_REPRESENTATION_CONTEXT() REPRESENTATION_CONTEXT('2D SPACE',''
  ) );
#10324 = ORIENTED_EDGE('',*,*,#10325,.F.);
#10325 = EDGE_CURVE('',#10326,#10305,#10328,.T.);
#10326 = VERTEX_POINT('',#10327);
#10327 = CARTESIAN_POINT('',(28.,-13.,24.));
#10328 = SURFACE_CURVE('',#10329,(#10334,#10341),.PCURVE_S1.);
#10329 = CIRCLE('',#10330,2.);
#10330 = AXIS2_PLACEMENT_3D('',#10331,#10332,#10333);
#10331 = CARTESIAN_POINT('',(28.,-13.,22.));
#10332 = DIRECTION('',(0.,1.,0.));
#10333 = DIRECTION('',(1.,0.,-0.));
#10334 = PCURVE('',#9497,#10335);
#10335 = DEFINITIONAL_REPRESENTATION('',(#10336),#10340);
#10336 = CIRCLE('',#10337,2.);
#10337 = AXIS2_PLACEMENT_2D('',#10338,#10339);
#10338 = CARTESIAN_POINT('',(48.,60.));
#10339 = DIRECTION('',(0.,1.));
#10340 = ( GEOMETRIC_REPRESENTATION_CONTEXT(2) 
PARAMETRIC_REPRESENTATION_CONTEXT() REPRESENTATION_CONTEXT('2D SPACE',''
  ) );
#10341 = PCURVE('',#9921,#10342);
#10342 = DEFINITIONAL_REPRESENTATION('',(#10343),#10347);
#10343 = LINE('',#10344,#10345);
#10344 = CARTESIAN_POINT('',(-6.28318530718,1.5));
#10345 = VECTOR('',#10346,1.);
#10346 = DIRECTION('',(1.,-0.));
#10347 = ( GEOMETRIC_REPRESENTATION_CONTEXT(2) 
PARAMETRIC_REPRESENTATION_CONTEXT() REPRESENTATION_CONTEXT('2D SPACE',''
  ) );
#10348 = ORIENTED_EDGE('',*,*,#10349,.F.);
#10349 = EDGE_CURVE('',#10191,#10326,#10350,.T.);
#10350 = SURFACE_CURVE('',#10351,(#10355,#10361),.PCURVE_S1.);
#10351 = LINE('',#10352,#10353);
#10352 = CARTESIAN_POINT('',(-31.,-13.,24.));
#10353 = VECTOR('',#10354,1.);
#10354 = DIRECTION('',(1.,0.,-0.));
#10355 = PCURVE('',#9497,#10356);
#10356 = DEFINITIONAL_REPRESENTATION('',(#10357),#10360);
#10357 = B_SPLINE_CURVE_WITH_KNOTS('',1,(#10358,#10359),.UNSPECIFIED.,
  .F.,.F.,(2,2),(3.,59.),.PIECEWISE_BEZIER_KNOTS.);
#10358 = CARTESIAN_POINT('',(50.,4.));
#10359 = CARTESIAN_POINT('',(50.,60.));
#10360 = ( GEOMETRIC_REPRESENTATION_CONTEXT(2) 
PARAMETRIC_REPRESENTATION_CONTEXT() REPRESENTATION_CONTEXT('2D SPACE',''
  ) );
#10361 = PCURVE('',#9946,#10362);
#10362 = DEFINITIONAL_REPRESENTATION('',(#10363),#10366);
#10363 = B_SPLINE_CURVE_WITH_KNOTS('',1,(#10364,#10365),.UNSPECIFIED.,
  .F.,.F.,(2,2),(3.,59.),.PIECEWISE_BEZIER_KNOTS.);
#10364 = CARTESIAN_POINT('',(2.,1.5));
#10365 = CARTESIAN_POINT('',(58.,1.5));
#10366 = ( GEOMETRIC_REPRESENTATION_CONTEXT(2) 
PARAMETRIC_REPRESENTATION_CONTEXT() REPRESENTATION_CONTEXT('2D SPACE',''
  ) );
#10367 = ADVANCED_FACE('',(#10368),#9556,.F.);
#10368 = FACE_BOUND('',#10369,.F.);
#10369 = EDGE_LOOP('',(#10370,#10371,#10372,#10373));
#10370 = ORIENTED_EDGE('',*,*,#10064,.F.);
#10371 = ORIENTED_EDGE('',*,*,#9961,.F.);
#10372 = ORIENTED_EDGE('',*,*,#9538,.T.);
#10373 = ORIENTED_EDGE('',*,*,#10374,.T.);
#10374 = EDGE_CURVE('',#9541,#10065,#10375,.T.);
#10375 = SURFACE_CURVE('',#10376,(#10380,#10387),.PCURVE_S1.);
#10376 = LINE('',#10377,#10378);
#10377 = CARTESIAN_POINT('',(28.,-14.,-26.));
#10378 = VECTOR('',#10379,1.);
#10379 = DIRECTION('',(-0.,1.,0.));
#10380 = PCURVE('',#9556,#10381);
#10381 = DEFINITIONAL_REPRESENTATION('',(#10382),#10386);
#10382 = LINE('',#10383,#10384);
#10383 = CARTESIAN_POINT('',(60.,0.));
#10384 = VECTOR('',#10385,1.);
#10385 = DIRECTION('',(0.,1.));
#10386 = ( GEOMETRIC_REPRESENTATION_CONTEXT(2) 
PARAMETRIC_REPRESENTATION_CONTEXT() REPRESENTATION_CONTEXT('2D SPACE',''
  ) );
#10387 = PCURVE('',#9723,#10388);
#10388 = DEFINITIONAL_REPRESENTATION('',(#10389),#10393);
#10389 = LINE('',#10390,#10391);
#10390 = CARTESIAN_POINT('',(1.570796326795,0.));
#10391 = VECTOR('',#10392,1.);
#10392 = DIRECTION('',(0.,1.));
#10393 = ( GEOMETRIC_REPRESENTATION_CONTEXT(2) 
PARAMETRIC_REPRESENTATION_CONTEXT() REPRESENTATION_CONTEXT('2D SPACE',''
  ) );
#10394 = ADVANCED_FACE('',(#10395),#9723,.T.);
#10395 = FACE_BOUND('',#10396,.T.);
#10396 = EDGE_LOOP('',(#10397,#10398,#10399,#10400));
#10397 = ORIENTED_EDGE('',*,*,#9708,.T.);
#10398 = ORIENTED_EDGE('',*,*,#10374,.T.);
#10399 = ORIENTED_EDGE('',*,*,#10164,.F.);
#10400 = ORIENTED_EDGE('',*,*,#10401,.F.);
#10401 = EDGE_CURVE('',#9681,#10142,#10402,.T.);
#10402 = SURFACE_CURVE('',#10403,(#10407,#10414),.PCURVE_S1.);
#10403 = LINE('',#10404,#10405);
#10404 = CARTESIAN_POINT('',(32.,-14.,-22.));
#10405 = VECTOR('',#10406,1.);
#10406 = DIRECTION('',(-0.,1.,0.));
#10407 = PCURVE('',#9723,#10408);
#10408 = DEFINITIONAL_REPRESENTATION('',(#10409),#10413);
#10409 = LINE('',#10410,#10411);
#10410 = CARTESIAN_POINT('',(0.,0.));
#10411 = VECTOR('',#10412,1.);
#10412 = DIRECTION('',(0.,1.));
#10413 = ( GEOMETRIC_REPRESENTATION_CONTEXT(2) 
PARAMETRIC_REPRESENTATION_CONTEXT() REPRESENTATION_CONTEXT('2D SPACE',''
  ) );
#10414 = PCURVE('',#9696,#10415);
#10415 = DEFINITIONAL_REPRESENTATION('',(#10416),#10420);
#10416 = LINE('',#10417,#10418);
#10417 = CARTESIAN_POINT('',(4.,0.));
#10418 = VECTOR('',#10419,1.);
#10419 = DIRECTION('',(0.,-1.));
#10420 = ( GEOMETRIC_REPRESENTATION_CONTEXT(2) 
PARAMETRIC_REPRESENTATION_CONTEXT() REPRESENTATION_CONTEXT('2D SPACE',''
  ) );
#10421 = ADVANCED_FACE('',(#10422),#9696,.T.);
#10422 = FACE_BOUND('',#10423,.T.);
#10423 = EDGE_LOOP('',(#10424,#10425,#10426,#10427));
#10424 = ORIENTED_EDGE('',*,*,#9680,.F.);
#10425 = ORIENTED_EDGE('',*,*,#10401,.T.);
#10426 = ORIENTED_EDGE('',*,*,#10141,.T.);
#10427 = ORIENTED_EDGE('',*,*,#10428,.F.);
#10428 = EDGE_CURVE('',#9648,#10114,#10429,.T.);
#10429 = SURFACE_CURVE('',#10430,(#10434,#10441),.PCURVE_S1.);
#10430 = LINE('',#10431,#10432);
#10431 = CARTESIAN_POINT('',(32.,-14.,22.));
#10432 = VECTOR('',#10433,1.);
#10433 = DIRECTION('',(-0.,1.,0.));
#10434 = PCURVE('',#9696,#10435);
#10435 = DEFINITIONAL_REPRESENTATION('',(#10436),#10440);
#10436 = LINE('',#10437,#10438);
#10437 = CARTESIAN_POINT('',(48.,0.));
#10438 = VECTOR('',#10439,1.);
#10439 = DIRECTION('',(0.,-1.));
#10440 = ( GEOMETRIC_REPRESENTATION_CONTEXT(2) 
PARAMETRIC_REPRESENTATION_CONTEXT() REPRESENTATION_CONTEXT('2D SPACE',''
  ) );
#10441 = PCURVE('',#9668,#10442);
#10442 = DEFINITIONAL_REPRESENTATION('',(#10443),#10447);
#10443 = LINE('',#10444,#10445);
#10444 = CARTESIAN_POINT('',(-0.,0.));
#10445 = VECTOR('',#10446,1.);
#10446 = DIRECTION('',(-0.,1.));
#10447 = ( GEOMETRIC_REPRESENTATION_CONTEXT(2) 
PARAMETRIC_REPRESENTATION_CONTEXT() REPRESENTATION_CONTEXT('2D SPACE',''
  ) );
#10448 = ADVANCED_FACE('',(#10449),#9668,.T.);
#10449 = FACE_BOUND('',#10450,.F.);
#10450 = EDGE_LOOP('',(#10451,#10452,#10473,#10474));
#10451 = ORIENTED_EDGE('',*,*,#9647,.T.);
#10452 = ORIENTED_EDGE('',*,*,#10453,.T.);
#10453 = EDGE_CURVE('',#9620,#10091,#10454,.T.);
#10454 = SURFACE_CURVE('',#10455,(#10459,#10466),.PCURVE_S1.);
#10455 = LINE('',#10456,#10457);
#10456 = CARTESIAN_POINT('',(28.,-14.,26.));
#10457 = VECTOR('',#10458,1.);
#10458 = DIRECTION('',(-0.,1.,0.));
#10459 = PCURVE('',#9668,#10460);
#10460 = DEFINITIONAL_REPRESENTATION('',(#10461),#10465);
#10461 = LINE('',#10462,#10463);
#10462 = CARTESIAN_POINT('',(-1.570796326795,0.));
#10463 = VECTOR('',#10464,1.);
#10464 = DIRECTION('',(-0.,1.));
#10465 = ( GEOMETRIC_REPRESENTATION_CONTEXT(2) 
PARAMETRIC_REPRESENTATION_CONTEXT() REPRESENTATION_CONTEXT('2D SPACE',''
  ) );
#10466 = PCURVE('',#9635,#10467);
#10467 = DEFINITIONAL_REPRESENTATION('',(#10468),#10472);
#10468 = LINE('',#10469,#10470);
#10469 = CARTESIAN_POINT('',(60.,0.));
#10470 = VECTOR('',#10471,1.);
#10471 = DIRECTION('',(0.,1.));
#10472 = ( GEOMETRIC_REPRESENTATION_CONTEXT(2) 
PARAMETRIC_REPRESENTATION_CONTEXT() REPRESENTATION_CONTEXT('2D SPACE',''
  ) );
#10473 = ORIENTED_EDGE('',*,*,#10113,.F.);
#10474 = ORIENTED_EDGE('',*,*,#10428,.F.);
#10475 = ADVANCED_FACE('',(#10476),#9635,.T.);
#10476 = FACE_BOUND('',#10477,.T.);
#10477 = EDGE_LOOP('',(#10478,#10479,#10480,#10481));
#10478 = ORIENTED_EDGE('',*,*,#10090,.F.);
#10479 = ORIENTED_EDGE('',*,*,#10015,.F.);
#10480 = ORIENTED_EDGE('',*,*,#9619,.T.);
#10481 = ORIENTED_EDGE('',*,*,#10453,.T.);
#10482 = ADVANCED_FACE('',(#10483),#9756,.F.);
#10483 = FACE_BOUND('',#10484,.F.);
#10484 = EDGE_LOOP('',(#10485,#10506,#10507,#10528));
#10485 = ORIENTED_EDGE('',*,*,#10486,.F.);
#10486 = EDGE_CURVE('',#9738,#10189,#10487,.T.);
#10487 = SURFACE_CURVE('',#10488,(#10492,#10499),.PCURVE_S1.);
#10488 = LINE('',#10489,#10490);
#10489 = CARTESIAN_POINT('',(-30.,-14.5,22.));
#10490 = VECTOR('',#10491,1.);
#10491 = DIRECTION('',(-0.,1.,0.));
#10492 = PCURVE('',#9756,#10493);
#10493 = DEFINITIONAL_REPRESENTATION('',(#10494),#10498);
#10494 = LINE('',#10495,#10496);
#10495 = CARTESIAN_POINT('',(0.,0.));
#10496 = VECTOR('',#10497,1.);
#10497 = DIRECTION('',(0.,1.));
#10498 = ( GEOMETRIC_REPRESENTATION_CONTEXT(2) 
PARAMETRIC_REPRESENTATION_CONTEXT() REPRESENTATION_CONTEXT('2D SPACE',''
  ) );
#10499 = PCURVE('',#9783,#10500);
#10500 = DEFINITIONAL_REPRESENTATION('',(#10501),#10505);
#10501 = LINE('',#10502,#10503);
#10502 = CARTESIAN_POINT('',(46.,0.));
#10503 = VECTOR('',#10504,1.);
#10504 = DIRECTION('',(0.,-1.));
#10505 = ( GEOMETRIC_REPRESENTATION_CONTEXT(2) 
PARAMETRIC_REPRESENTATION_CONTEXT() REPRESENTATION_CONTEXT('2D SPACE',''
  ) );
#10506 = ORIENTED_EDGE('',*,*,#9737,.T.);
#10507 = ORIENTED_EDGE('',*,*,#10508,.T.);
#10508 = EDGE_CURVE('',#9740,#10191,#10509,.T.);
#10509 = SURFACE_CURVE('',#10510,(#10514,#10521),.PCURVE_S1.);
#10510 = LINE('',#10511,#10512);
#10511 = CARTESIAN_POINT('',(-28.,-14.5,24.));
#10512 = VECTOR('',#10513,1.);
#10513 = DIRECTION('',(-0.,1.,0.));
#10514 = PCURVE('',#9756,#10515);
#10515 = DEFINITIONAL_REPRESENTATION('',(#10516),#10520);
#10516 = LINE('',#10517,#10518);
#10517 = CARTESIAN_POINT('',(1.570796326795,0.));
#10518 = VECTOR('',#10519,1.);
#10519 = DIRECTION('',(0.,1.));
#10520 = ( GEOMETRIC_REPRESENTATION_CONTEXT(2) 
PARAMETRIC_REPRESENTATION_CONTEXT() REPRESENTATION_CONTEXT('2D SPACE',''
  ) );
#10521 = PCURVE('',#9946,#10522);
#10522 = DEFINITIONAL_REPRESENTATION('',(#10523),#10527);
#10523 = LINE('',#10524,#10525);
#10524 = CARTESIAN_POINT('',(2.,0.));
#10525 = VECTOR('',#10526,1.);
#10526 = DIRECTION('',(0.,1.));
#10527 = ( GEOMETRIC_REPRESENTATION_CONTEXT(2) 
PARAMETRIC_REPRESENTATION_CONTEXT() REPRESENTATION_CONTEXT('2D SPACE',''
  ) );
#10528 = ORIENTED_EDGE('',*,*,#10188,.F.);
#10529 = ADVANCED_FACE('',(#10530),#9946,.F.);
#10530 = FACE_BOUND('',#10531,.F.);
#10531 = EDGE_LOOP('',(#10532,#10533,#10534,#10535));
#10532 = ORIENTED_EDGE('',*,*,#10349,.F.);
#10533 = ORIENTED_EDGE('',*,*,#10508,.F.);
#10534 = ORIENTED_EDGE('',*,*,#9933,.T.);
#10535 = ORIENTED_EDGE('',*,*,#10536,.T.);
#10536 = EDGE_CURVE('',#9905,#10326,#10537,.T.);
#10537 = SURFACE_CURVE('',#10538,(#10542,#10549),.PCURVE_S1.);
#10538 = LINE('',#10539,#10540);
#10539 = CARTESIAN_POINT('',(28.,-14.5,24.));
#10540 = VECTOR('',#10541,1.);
#10541 = DIRECTION('',(-0.,1.,0.));
#10542 = PCURVE('',#9946,#10543);
#10543 = DEFINITIONAL_REPRESENTATION('',(#10544),#10548);
#10544 = LINE('',#10545,#10546);
#10545 = CARTESIAN_POINT('',(58.,0.));
#10546 = VECTOR('',#10547,1.);
#10547 = DIRECTION('',(0.,1.));
#10548 = ( GEOMETRIC_REPRESENTATION_CONTEXT(2) 
PARAMETRIC_REPRESENTATION_CONTEXT() REPRESENTATION_CONTEXT('2D SPACE',''
  ) );
#10549 = PCURVE('',#9921,#10550);
#10550 = DEFINITIONAL_REPRESENTATION('',(#10551),#10555);
#10551 = LINE('',#10552,#10553);
#10552 = CARTESIAN_POINT('',(-1.570796326795,0.));
#10553 = VECTOR('',#10554,1.);
#10554 = DIRECTION('',(-0.,1.));
#10555 = ( GEOMETRIC_REPRESENTATION_CONTEXT(2) 
PARAMETRIC_REPRESENTATION_CONTEXT() REPRESENTATION_CONTEXT('2D SPACE',''
  ) );
#10556 = ADVANCED_FACE('',(#10557),#9921,.F.);
#10557 = FACE_BOUND('',#10558,.T.);
#10558 = EDGE_LOOP('',(#10559,#10580,#10581,#10582));
#10559 = ORIENTED_EDGE('',*,*,#10560,.F.);
#10560 = EDGE_CURVE('',#9879,#10305,#10561,.T.);
#10561 = SURFACE_CURVE('',#10562,(#10566,#10573),.PCURVE_S1.);
#10562 = LINE('',#10563,#10564);
#10563 = CARTESIAN_POINT('',(30.,-14.5,22.));
#10564 = VECTOR('',#10565,1.);
#10565 = DIRECTION('',(-0.,1.,0.));
#10566 = PCURVE('',#9921,#10567);
#10567 = DEFINITIONAL_REPRESENTATION('',(#10568),#10572);
#10568 = LINE('',#10569,#10570);
#10569 = CARTESIAN_POINT('',(-0.,0.));
#10570 = VECTOR('',#10571,1.);
#10571 = DIRECTION('',(-0.,1.));
#10572 = ( GEOMETRIC_REPRESENTATION_CONTEXT(2) 
PARAMETRIC_REPRESENTATION_CONTEXT() REPRESENTATION_CONTEXT('2D SPACE',''
  ) );
#10573 = PCURVE('',#9893,#10574);
#10574 = DEFINITIONAL_REPRESENTATION('',(#10575),#10579);
#10575 = LINE('',#10576,#10577);
#10576 = CARTESIAN_POINT('',(46.,0.));
#10577 = VECTOR('',#10578,1.);
#10578 = DIRECTION('',(0.,-1.));
#10579 = ( GEOMETRIC_REPRESENTATION_CONTEXT(2) 
PARAMETRIC_REPRESENTATION_CONTEXT() REPRESENTATION_CONTEXT('2D SPACE',''
  ) );
#10580 = ORIENTED_EDGE('',*,*,#9904,.F.);
#10581 = ORIENTED_EDGE('',*,*,#10536,.T.);
#10582 = ORIENTED_EDGE('',*,*,#10325,.T.);
#10583 = ADVANCED_FACE('',(#10584),#9893,.F.);
#10584 = FACE_BOUND('',#10585,.F.);
#10585 = EDGE_LOOP('',(#10586,#10587,#10608,#10609));
#10586 = ORIENTED_EDGE('',*,*,#9878,.T.);
#10587 = ORIENTED_EDGE('',*,*,#10588,.T.);
#10588 = EDGE_CURVE('',#9850,#10281,#10589,.T.);
#10589 = SURFACE_CURVE('',#10590,(#10594,#10601),.PCURVE_S1.);
#10590 = LINE('',#10591,#10592);
#10591 = CARTESIAN_POINT('',(30.,-14.5,-22.));
#10592 = VECTOR('',#10593,1.);
#10593 = DIRECTION('',(-0.,1.,0.));
#10594 = PCURVE('',#9893,#10595);
#10595 = DEFINITIONAL_REPRESENTATION('',(#10596),#10600);
#10596 = LINE('',#10597,#10598);
#10597 = CARTESIAN_POINT('',(2.,0.));
#10598 = VECTOR('',#10599,1.);
#10599 = DIRECTION('',(0.,-1.));
#10600 = ( GEOMETRIC_REPRESENTATION_CONTEXT(2) 
PARAMETRIC_REPRESENTATION_CONTEXT() REPRESENTATION_CONTEXT('2D SPACE',''
  ) );
#10601 = PCURVE('',#9866,#10602);
#10602 = DEFINITIONAL_REPRESENTATION('',(#10603),#10607);
#10603 = LINE('',#10604,#10605);
#10604 = CARTESIAN_POINT('',(0.,0.));
#10605 = VECTOR('',#10606,1.);
#10606 = DIRECTION('',(0.,1.));
#10607 = ( GEOMETRIC_REPRESENTATION_CONTEXT(2) 
PARAMETRIC_REPRESENTATION_CONTEXT() REPRESENTATION_CONTEXT('2D SPACE',''
  ) );
#10608 = ORIENTED_EDGE('',*,*,#10304,.F.);
#10609 = ORIENTED_EDGE('',*,*,#10560,.F.);
#10610 = ADVANCED_FACE('',(#10611),#9866,.F.);
#10611 = FACE_BOUND('',#10612,.F.);
#10612 = EDGE_LOOP('',(#10613,#10614,#10615,#10636));
#10613 = ORIENTED_EDGE('',*,*,#10588,.F.);
#10614 = ORIENTED_EDGE('',*,*,#9849,.T.);
#10615 = ORIENTED_EDGE('',*,*,#10616,.T.);
#10616 = EDGE_CURVE('',#9824,#10260,#10617,.T.);
#10617 = SURFACE_CURVE('',#10618,(#10622,#10629),.PCURVE_S1.);
#10618 = LINE('',#10619,#10620);
#10619 = CARTESIAN_POINT('',(28.,-14.5,-24.));
#10620 = VECTOR('',#10621,1.);
#10621 = DIRECTION('',(-0.,1.,0.));
#10622 = PCURVE('',#9866,#10623);
#10623 = DEFINITIONAL_REPRESENTATION('',(#10624),#10628);
#10624 = LINE('',#10625,#10626);
#10625 = CARTESIAN_POINT('',(1.570796326795,0.));
#10626 = VECTOR('',#10627,1.);
#10627 = DIRECTION('',(0.,1.));
#10628 = ( GEOMETRIC_REPRESENTATION_CONTEXT(2) 
PARAMETRIC_REPRESENTATION_CONTEXT() REPRESENTATION_CONTEXT('2D SPACE',''
  ) );
#10629 = PCURVE('',#9838,#10630);
#10630 = DEFINITIONAL_REPRESENTATION('',(#10631),#10635);
#10631 = LINE('',#10632,#10633);
#10632 = CARTESIAN_POINT('',(58.,0.));
#10633 = VECTOR('',#10634,1.);
#10634 = DIRECTION('',(0.,1.));
#10635 = ( GEOMETRIC_REPRESENTATION_CONTEXT(2) 
PARAMETRIC_REPRESENTATION_CONTEXT() REPRESENTATION_CONTEXT('2D SPACE',''
  ) );
#10636 = ORIENTED_EDGE('',*,*,#10280,.F.);
#10637 = ADVANCED_FACE('',(#10638),#9838,.T.);
#10638 = FACE_BOUND('',#10639,.T.);
#10639 = EDGE_LOOP('',(#10640,#10641,#10662,#10663));
#10640 = ORIENTED_EDGE('',*,*,#10259,.F.);
#10641 = ORIENTED_EDGE('',*,*,#10642,.F.);
#10642 = EDGE_CURVE('',#9795,#10236,#10643,.T.);
#10643 = SURFACE_CURVE('',#10644,(#10648,#10655),.PCURVE_S1.);
#10644 = LINE('',#10645,#10646);
#10645 = CARTESIAN_POINT('',(-28.,-14.5,-24.));
#10646 = VECTOR('',#10647,1.);
#10647 = DIRECTION('',(-0.,1.,0.));
#10648 = PCURVE('',#9838,#10649);
#10649 = DEFINITIONAL_REPRESENTATION('',(#10650),#10654);
#10650 = LINE('',#10651,#10652);
#10651 = CARTESIAN_POINT('',(2.,0.));
#10652 = VECTOR('',#10653,1.);
#10653 = DIRECTION('',(0.,1.));
#10654 = ( GEOMETRIC_REPRESENTATION_CONTEXT(2) 
PARAMETRIC_REPRESENTATION_CONTEXT() REPRESENTATION_CONTEXT('2D SPACE',''
  ) );
#10655 = PCURVE('',#9811,#10656);
#10656 = DEFINITIONAL_REPRESENTATION('',(#10657),#10661);
#10657 = LINE('',#10658,#10659);
#10658 = CARTESIAN_POINT('',(-1.570796326795,0.));
#10659 = VECTOR('',#10660,1.);
#10660 = DIRECTION('',(-0.,1.));
#10661 = ( GEOMETRIC_REPRESENTATION_CONTEXT(2) 
PARAMETRIC_REPRESENTATION_CONTEXT() REPRESENTATION_CONTEXT('2D SPACE',''
  ) );
#10662 = ORIENTED_EDGE('',*,*,#9823,.T.);
#10663 = ORIENTED_EDGE('',*,*,#10616,.T.);
#10664 = ADVANCED_FACE('',(#10665),#9811,.F.);
#10665 = FACE_BOUND('',#10666,.T.);
#10666 = EDGE_LOOP('',(#10667,#10688,#10689,#10690));
#10667 = ORIENTED_EDGE('',*,*,#10668,.F.);
#10668 = EDGE_CURVE('',#9769,#10215,#10669,.T.);
#10669 = SURFACE_CURVE('',#10670,(#10674,#10681),.PCURVE_S1.);
#10670 = LINE('',#10671,#10672);
#10671 = CARTESIAN_POINT('',(-30.,-14.5,-22.));
#10672 = VECTOR('',#10673,1.);
#10673 = DIRECTION('',(-0.,1.,0.));
#10674 = PCURVE('',#9811,#10675);
#10675 = DEFINITIONAL_REPRESENTATION('',(#10676),#10680);
#10676 = LINE('',#10677,#10678);
#10677 = CARTESIAN_POINT('',(-0.,0.));
#10678 = VECTOR('',#10679,1.);
#10679 = DIRECTION('',(-0.,1.));
#10680 = ( GEOMETRIC_REPRESENTATION_CONTEXT(2) 
PARAMETRIC_REPRESENTATION_CONTEXT() REPRESENTATION_CONTEXT('2D SPACE',''
  ) );
#10681 = PCURVE('',#9783,#10682);
#10682 = DEFINITIONAL_REPRESENTATION('',(#10683),#10687);
#10683 = LINE('',#10684,#10685);
#10684 = CARTESIAN_POINT('',(2.,0.));
#10685 = VECTOR('',#10686,1.);
#10686 = DIRECTION('',(0.,-1.));
#10687 = ( GEOMETRIC_REPRESENTATION_CONTEXT(2) 
PARAMETRIC_REPRESENTATION_CONTEXT() REPRESENTATION_CONTEXT('2D SPACE',''
  ) );
#10688 = ORIENTED_EDGE('',*,*,#9794,.F.);
#10689 = ORIENTED_EDGE('',*,*,#10642,.T.);
#10690 = ORIENTED_EDGE('',*,*,#10235,.T.);
#10691 = ADVANCED_FACE('',(#10692),#9783,.T.);
#10692 = FACE_BOUND('',#10693,.T.);
#10693 = EDGE_LOOP('',(#10694,#10695,#10696,#10697));
#10694 = ORIENTED_EDGE('',*,*,#9768,.T.);
#10695 = ORIENTED_EDGE('',*,*,#10668,.T.);
#10696 = ORIENTED_EDGE('',*,*,#10214,.F.);
#10697 = ORIENTED_EDGE('',*,*,#10486,.F.);
#10698 = MANIFOLD_SOLID_BREP('',#10699);
#10699 = CLOSED_SHELL('',(#10700,#10820,#11242,#11296,#11346,#11646,
    #11673,#11700,#11727,#11754,#11761,#11838,#11887,#11941,#11990,
    #12040,#12089,#12143,#12170,#12225,#12280,#12335,#12390,#12445,
    #13055,#13090,#13094,#13129,#13133,#13168,#13244,#13293,#13342,
    #13369,#13424,#13479,#13555,#13604,#13653,#13680,#13735,#13811,
    #13860,#13909,#13936,#14012,#14061,#14110,#14137,#14192,#14247,
    #14297,#14347,#14397,#14404,#14411,#14415,#14422,#14429,#14436,
    #14443,#14447));
#10700 = ADVANCED_FACE('',(#10701),#10715,.F.);
#10701 = FACE_BOUND('',#10702,.F.);
#10702 = EDGE_LOOP('',(#10703,#10738,#10766,#10794));
#10703 = ORIENTED_EDGE('',*,*,#10704,.F.);
#10704 = EDGE_CURVE('',#10705,#10707,#10709,.T.);
#10705 = VERTEX_POINT('',#10706);
#10706 = CARTESIAN_POINT('',(-32.,-13.,-22.));
#10707 = VERTEX_POINT('',#10708);
#10708 = CARTESIAN_POINT('',(-32.,-13.,22.));
#10709 = SURFACE_CURVE('',#10710,(#10714,#10726),.PCURVE_S1.);
#10710 = LINE('',#10711,#10712);
#10711 = CARTESIAN_POINT('',(-32.,-13.,-26.));
#10712 = VECTOR('',#10713,1.);
#10713 = DIRECTION('',(0.,0.,1.));
#10714 = PCURVE('',#10715,#10720);
#10715 = PLANE('',#10716);
#10716 = AXIS2_PLACEMENT_3D('',#10717,#10718,#10719);
#10717 = CARTESIAN_POINT('',(-32.,-13.,-26.));
#10718 = DIRECTION('',(1.,0.,-0.));
#10719 = DIRECTION('',(0.,0.,1.));
#10720 = DEFINITIONAL_REPRESENTATION('',(#10721),#10725);
#10721 = LINE('',#10722,#10723);
#10722 = CARTESIAN_POINT('',(0.,0.));
#10723 = VECTOR('',#10724,1.);
#10724 = DIRECTION('',(1.,0.));
#10725 = ( GEOMETRIC_REPRESENTATION_CONTEXT(2) 
PARAMETRIC_REPRESENTATION_CONTEXT() REPRESENTATION_CONTEXT('2D SPACE',''
  ) );
#10726 = PCURVE('',#10727,#10732);
#10727 = PLANE('',#10728);
#10728 = AXIS2_PLACEMENT_3D('',#10729,#10730,#10731);
#10729 = CARTESIAN_POINT('',(-32.,-13.,-26.));
#10730 = DIRECTION('',(-0.,1.,0.));
#10731 = DIRECTION('',(0.,0.,1.));
#10732 = DEFINITIONAL_REPRESENTATION('',(#10733),#10737);
#10733 = LINE('',#10734,#10735);
#10734 = CARTESIAN_POINT('',(0.,0.));
#10735 = VECTOR('',#10736,1.);
#10736 = DIRECTION('',(1.,0.));
#10737 = ( GEOMETRIC_REPRESENTATION_CONTEXT(2) 
PARAMETRIC_REPRESENTATION_CONTEXT() REPRESENTATION_CONTEXT('2D SPACE',''
  ) );
#10738 = ORIENTED_EDGE('',*,*,#10739,.T.);
#10739 = EDGE_CURVE('',#10705,#10740,#10742,.T.);
#10740 = VERTEX_POINT('',#10741);
#10741 = CARTESIAN_POINT('',(-32.,1.,-22.));
#10742 = SURFACE_CURVE('',#10743,(#10747,#10754),.PCURVE_S1.);
#10743 = LINE('',#10744,#10745);
#10744 = CARTESIAN_POINT('',(-32.,-13.,-22.));
#10745 = VECTOR('',#10746,1.);
#10746 = DIRECTION('',(-0.,1.,0.));
#10747 = PCURVE('',#10715,#10748);
#10748 = DEFINITIONAL_REPRESENTATION('',(#10749),#10753);
#10749 = LINE('',#10750,#10751);
#10750 = CARTESIAN_POINT('',(4.,0.));
#10751 = VECTOR('',#10752,1.);
#10752 = DIRECTION('',(0.,-1.));
#10753 = ( GEOMETRIC_REPRESENTATION_CONTEXT(2) 
PARAMETRIC_REPRESENTATION_CONTEXT() REPRESENTATION_CONTEXT('2D SPACE',''
  ) );
#10754 = PCURVE('',#10755,#10760);
#10755 = CYLINDRICAL_SURFACE('',#10756,4.);
#10756 = AXIS2_PLACEMENT_3D('',#10757,#10758,#10759);
#10757 = CARTESIAN_POINT('',(-28.,-13.,-22.));
#10758 = DIRECTION('',(-0.,1.,0.));
#10759 = DIRECTION('',(-1.,-0.,0.));
#10760 = DEFINITIONAL_REPRESENTATION('',(#10761),#10765);
#10761 = LINE('',#10762,#10763);
#10762 = CARTESIAN_POINT('',(-0.,0.));
#10763 = VECTOR('',#10764,1.);
#10764 = DIRECTION('',(-0.,1.));
#10765 = ( GEOMETRIC_REPRESENTATION_CONTEXT(2) 
PARAMETRIC_REPRESENTATION_CONTEXT() REPRESENTATION_CONTEXT('2D SPACE',''
  ) );
#10766 = ORIENTED_EDGE('',*,*,#10767,.T.);
#10767 = EDGE_CURVE('',#10740,#10768,#10770,.T.);
#10768 = VERTEX_POINT('',#10769);
#10769 = CARTESIAN_POINT('',(-32.,1.,22.));
#10770 = SURFACE_CURVE('',#10771,(#10775,#10782),.PCURVE_S1.);
#10771 = LINE('',#10772,#10773);
#10772 = CARTESIAN_POINT('',(-32.,1.,-26.));
#10773 = VECTOR('',#10774,1.);
#10774 = DIRECTION('',(0.,0.,1.));
#10775 = PCURVE('',#10715,#10776);
#10776 = DEFINITIONAL_REPRESENTATION('',(#10777),#10781);
#10777 = LINE('',#10778,#10779);
#10778 = CARTESIAN_POINT('',(0.,-14.));
#10779 = VECTOR('',#10780,1.);
#10780 = DIRECTION('',(1.,0.));
#10781 = ( GEOMETRIC_REPRESENTATION_CONTEXT(2) 
PARAMETRIC_REPRESENTATION_CONTEXT() REPRESENTATION_CONTEXT('2D SPACE',''
  ) );
#10782 = PCURVE('',#10783,#10788);
#10783 = PLANE('',#10784);
#10784 = AXIS2_PLACEMENT_3D('',#10785,#10786,#10787);
#10785 = CARTESIAN_POINT('',(-32.,1.,-26.));
#10786 = DIRECTION('',(-0.,1.,0.));
#10787 = DIRECTION('',(0.,0.,1.));
#10788 = DEFINITIONAL_REPRESENTATION('',(#10789),#10793);
#10789 = LINE('',#10790,#10791);
#10790 = CARTESIAN_POINT('',(0.,0.));
#10791 = VECTOR('',#10792,1.);
#10792 = DIRECTION('',(1.,0.));
#10793 = ( GEOMETRIC_REPRESENTATION_CONTEXT(2) 
PARAMETRIC_REPRESENTATION_CONTEXT() REPRESENTATION_CONTEXT('2D SPACE',''
  ) );
#10794 = ORIENTED_EDGE('',*,*,#10795,.F.);
#10795 = EDGE_CURVE('',#10707,#10768,#10796,.T.);
#10796 = SURFACE_CURVE('',#10797,(#10801,#10808),.PCURVE_S1.);
#10797 = LINE('',#10798,#10799);
#10798 = CARTESIAN_POINT('',(-32.,-13.,22.));
#10799 = VECTOR('',#10800,1.);
#10800 = DIRECTION('',(-0.,1.,0.));
#10801 = PCURVE('',#10715,#10802);
#10802 = DEFINITIONAL_REPRESENTATION('',(#10803),#10807);
#10803 = LINE('',#10804,#10805);
#10804 = CARTESIAN_POINT('',(48.,0.));
#10805 = VECTOR('',#10806,1.);
#10806 = DIRECTION('',(0.,-1.));
#10807 = ( GEOMETRIC_REPRESENTATION_CONTEXT(2) 
PARAMETRIC_REPRESENTATION_CONTEXT() REPRESENTATION_CONTEXT('2D SPACE',''
  ) );
#10808 = PCURVE('',#10809,#10814);
#10809 = CYLINDRICAL_SURFACE('',#10810,4.);
#10810 = AXIS2_PLACEMENT_3D('',#10811,#10812,#10813);
#10811 = CARTESIAN_POINT('',(-28.,-13.,22.));
#10812 = DIRECTION('',(-0.,1.,0.));
#10813 = DIRECTION('',(-1.,-0.,0.));
#10814 = DEFINITIONAL_REPRESENTATION('',(#10815),#10819);
#10815 = LINE('',#10816,#10817);
#10816 = CARTESIAN_POINT('',(0.,0.));
#10817 = VECTOR('',#10818,1.);
#10818 = DIRECTION('',(0.,1.));
#10819 = ( GEOMETRIC_REPRESENTATION_CONTEXT(2) 
PARAMETRIC_REPRESENTATION_CONTEXT() REPRESENTATION_CONTEXT('2D SPACE',''
  ) );
#10820 = ADVANCED_FACE('',(#10821,#11020),#10727,.F.);
#10821 = FACE_BOUND('',#10822,.F.);
#10822 = EDGE_LOOP('',(#10823,#10853,#10879,#10880,#10904,#10932,#10965,
    #10993));
#10823 = ORIENTED_EDGE('',*,*,#10824,.F.);
#10824 = EDGE_CURVE('',#10825,#10827,#10829,.T.);
#10825 = VERTEX_POINT('',#10826);
#10826 = CARTESIAN_POINT('',(-28.,-13.,-26.));
#10827 = VERTEX_POINT('',#10828);
#10828 = CARTESIAN_POINT('',(28.,-13.,-26.));
#10829 = SURFACE_CURVE('',#10830,(#10834,#10841),.PCURVE_S1.);
#10830 = LINE('',#10831,#10832);
#10831 = CARTESIAN_POINT('',(-32.,-13.,-26.));
#10832 = VECTOR('',#10833,1.);
#10833 = DIRECTION('',(1.,0.,-0.));
#10834 = PCURVE('',#10727,#10835);
#10835 = DEFINITIONAL_REPRESENTATION('',(#10836),#10840);
#10836 = LINE('',#10837,#10838);
#10837 = CARTESIAN_POINT('',(0.,0.));
#10838 = VECTOR('',#10839,1.);
#10839 = DIRECTION('',(0.,1.));
#10840 = ( GEOMETRIC_REPRESENTATION_CONTEXT(2) 
PARAMETRIC_REPRESENTATION_CONTEXT() REPRESENTATION_CONTEXT('2D SPACE',''
  ) );
#10841 = PCURVE('',#10842,#10847);
#10842 = PLANE('',#10843);
#10843 = AXIS2_PLACEMENT_3D('',#10844,#10845,#10846);
#10844 = CARTESIAN_POINT('',(-32.,-13.,-26.));
#10845 = DIRECTION('',(0.,0.,1.));
#10846 = DIRECTION('',(1.,0.,-0.));
#10847 = DEFINITIONAL_REPRESENTATION('',(#10848),#10852);
#10848 = LINE('',#10849,#10850);
#10849 = CARTESIAN_POINT('',(0.,0.));
#10850 = VECTOR('',#10851,1.);
#10851 = DIRECTION('',(1.,0.));
#10852 = ( GEOMETRIC_REPRESENTATION_CONTEXT(2) 
PARAMETRIC_REPRESENTATION_CONTEXT() REPRESENTATION_CONTEXT('2D SPACE',''
  ) );
#10853 = ORIENTED_EDGE('',*,*,#10854,.F.);
#10854 = EDGE_CURVE('',#10705,#10825,#10855,.T.);
#10855 = SURFACE_CURVE('',#10856,(#10861,#10872),.PCURVE_S1.);
#10856 = CIRCLE('',#10857,4.);
#10857 = AXIS2_PLACEMENT_3D('',#10858,#10859,#10860);
#10858 = CARTESIAN_POINT('',(-28.,-13.,-22.));
#10859 = DIRECTION('',(0.,-1.,0.));
#10860 = DIRECTION('',(0.,0.,1.));
#10861 = PCURVE('',#10727,#10862);
#10862 = DEFINITIONAL_REPRESENTATION('',(#10863),#10871);
#10863 = ( BOUNDED_CURVE() B_SPLINE_CURVE(2,(#10864,#10865,#10866,#10867
    ,#10868,#10869,#10870),.UNSPECIFIED.,.T.,.F.) 
B_SPLINE_CURVE_WITH_KNOTS((1,2,2,2,2,1),(-2.094395102393,0.,
    2.094395102393,4.188790204786,6.28318530718,8.377580409573),
.UNSPECIFIED.) CURVE() GEOMETRIC_REPRESENTATION_ITEM() 
RATIONAL_B_SPLINE_CURVE((1.,0.5,1.,0.5,1.,0.5,1.)) REPRESENTATION_ITEM(
  '') );
#10864 = CARTESIAN_POINT('',(8.,4.));
#10865 = CARTESIAN_POINT('',(8.,-2.928203230276));
#10866 = CARTESIAN_POINT('',(2.,0.535898384862));
#10867 = CARTESIAN_POINT('',(-4.,4.));
#10868 = CARTESIAN_POINT('',(2.,7.464101615138));
#10869 = CARTESIAN_POINT('',(8.,10.928203230276));
#10870 = CARTESIAN_POINT('',(8.,4.));
#10871 = ( GEOMETRIC_REPRESENTATION_CONTEXT(2) 
PARAMETRIC_REPRESENTATION_CONTEXT() REPRESENTATION_CONTEXT('2D SPACE',''
  ) );
#10872 = PCURVE('',#10755,#10873);
#10873 = DEFINITIONAL_REPRESENTATION('',(#10874),#10878);
#10874 = LINE('',#10875,#10876);
#10875 = CARTESIAN_POINT('',(1.570796326795,-0.));
#10876 = VECTOR('',#10877,1.);
#10877 = DIRECTION('',(-1.,0.));
#10878 = ( GEOMETRIC_REPRESENTATION_CONTEXT(2) 
PARAMETRIC_REPRESENTATION_CONTEXT() REPRESENTATION_CONTEXT('2D SPACE',''
  ) );
#10879 = ORIENTED_EDGE('',*,*,#10704,.T.);
#10880 = ORIENTED_EDGE('',*,*,#10881,.T.);
#10881 = EDGE_CURVE('',#10707,#10882,#10884,.T.);
#10882 = VERTEX_POINT('',#10883);
#10883 = CARTESIAN_POINT('',(-28.,-13.,26.));
#10884 = SURFACE_CURVE('',#10885,(#10890,#10897),.PCURVE_S1.);
#10885 = CIRCLE('',#10886,4.);
#10886 = AXIS2_PLACEMENT_3D('',#10887,#10888,#10889);
#10887 = CARTESIAN_POINT('',(-28.,-13.,22.));
#10888 = DIRECTION('',(-0.,1.,0.));
#10889 = DIRECTION('',(0.,0.,1.));
#10890 = PCURVE('',#10727,#10891);
#10891 = DEFINITIONAL_REPRESENTATION('',(#10892),#10896);
#10892 = CIRCLE('',#10893,4.);
#10893 = AXIS2_PLACEMENT_2D('',#10894,#10895);
#10894 = CARTESIAN_POINT('',(48.,4.));
#10895 = DIRECTION('',(1.,0.));
#10896 = ( GEOMETRIC_REPRESENTATION_CONTEXT(2) 
PARAMETRIC_REPRESENTATION_CONTEXT() REPRESENTATION_CONTEXT('2D SPACE',''
  ) );
#10897 = PCURVE('',#10809,#10898);
#10898 = DEFINITIONAL_REPRESENTATION('',(#10899),#10903);
#10899 = LINE('',#10900,#10901);
#10900 = CARTESIAN_POINT('',(-4.712388980385,0.));
#10901 = VECTOR('',#10902,1.);
#10902 = DIRECTION('',(1.,0.));
#10903 = ( GEOMETRIC_REPRESENTATION_CONTEXT(2) 
PARAMETRIC_REPRESENTATION_CONTEXT() REPRESENTATION_CONTEXT('2D SPACE',''
  ) );
#10904 = ORIENTED_EDGE('',*,*,#10905,.T.);
#10905 = EDGE_CURVE('',#10882,#10906,#10908,.T.);
#10906 = VERTEX_POINT('',#10907);
#10907 = CARTESIAN_POINT('',(28.,-13.,26.));
#10908 = SURFACE_CURVE('',#10909,(#10913,#10920),.PCURVE_S1.);
#10909 = LINE('',#10910,#10911);
#10910 = CARTESIAN_POINT('',(-32.,-13.,26.));
#10911 = VECTOR('',#10912,1.);
#10912 = DIRECTION('',(1.,0.,-0.));
#10913 = PCURVE('',#10727,#10914);
#10914 = DEFINITIONAL_REPRESENTATION('',(#10915),#10919);
#10915 = LINE('',#10916,#10917);
#10916 = CARTESIAN_POINT('',(52.,0.));
#10917 = VECTOR('',#10918,1.);
#10918 = DIRECTION('',(0.,1.));
#10919 = ( GEOMETRIC_REPRESENTATION_CONTEXT(2) 
PARAMETRIC_REPRESENTATION_CONTEXT() REPRESENTATION_CONTEXT('2D SPACE',''
  ) );
#10920 = PCURVE('',#10921,#10926);
#10921 = PLANE('',#10922);
#10922 = AXIS2_PLACEMENT_3D('',#10923,#10924,#10925);
#10923 = CARTESIAN_POINT('',(-32.,-13.,26.));
#10924 = DIRECTION('',(0.,0.,1.));
#10925 = DIRECTION('',(1.,0.,-0.));
#10926 = DEFINITIONAL_REPRESENTATION('',(#10927),#10931);
#10927 = LINE('',#10928,#10929);
#10928 = CARTESIAN_POINT('',(0.,0.));
#10929 = VECTOR('',#10930,1.);
#10930 = DIRECTION('',(1.,0.));
#10931 = ( GEOMETRIC_REPRESENTATION_CONTEXT(2) 
PARAMETRIC_REPRESENTATION_CONTEXT() REPRESENTATION_CONTEXT('2D SPACE',''
  ) );
#10932 = ORIENTED_EDGE('',*,*,#10933,.F.);
#10933 = EDGE_CURVE('',#10934,#10906,#10936,.T.);
#10934 = VERTEX_POINT('',#10935);
#10935 = CARTESIAN_POINT('',(32.,-13.,22.));
#10936 = SURFACE_CURVE('',#10937,(#10942,#10953),.PCURVE_S1.);
#10937 = CIRCLE('',#10938,4.);
#10938 = AXIS2_PLACEMENT_3D('',#10939,#10940,#10941);
#10939 = CARTESIAN_POINT('',(28.,-13.,22.));
#10940 = DIRECTION('',(0.,-1.,0.));
#10941 = DIRECTION('',(0.,0.,1.));
#10942 = PCURVE('',#10727,#10943);
#10943 = DEFINITIONAL_REPRESENTATION('',(#10944),#10952);
#10944 = ( BOUNDED_CURVE() B_SPLINE_CURVE(2,(#10945,#10946,#10947,#10948
    ,#10949,#10950,#10951),.UNSPECIFIED.,.T.,.F.) 
B_SPLINE_CURVE_WITH_KNOTS((1,2,2,2,2,1),(-2.094395102393,0.,
    2.094395102393,4.188790204786,6.28318530718,8.377580409573),
.UNSPECIFIED.) CURVE() GEOMETRIC_REPRESENTATION_ITEM() 
RATIONAL_B_SPLINE_CURVE((1.,0.5,1.,0.5,1.,0.5,1.)) REPRESENTATION_ITEM(
  '') );
#10945 = CARTESIAN_POINT('',(52.,60.));
#10946 = CARTESIAN_POINT('',(52.,53.071796769724));
#10947 = CARTESIAN_POINT('',(46.,56.535898384862));
#10948 = CARTESIAN_POINT('',(40.,60.));
#10949 = CARTESIAN_POINT('',(46.,63.464101615138));
#10950 = CARTESIAN_POINT('',(52.,66.928203230276));
#10951 = CARTESIAN_POINT('',(52.,60.));
#10952 = ( GEOMETRIC_REPRESENTATION_CONTEXT(2) 
PARAMETRIC_REPRESENTATION_CONTEXT() REPRESENTATION_CONTEXT('2D SPACE',''
  ) );
#10953 = PCURVE('',#10954,#10959);
#10954 = CYLINDRICAL_SURFACE('',#10955,4.);
#10955 = AXIS2_PLACEMENT_3D('',#10956,#10957,#10958);
#10956 = CARTESIAN_POINT('',(28.,-13.,22.));
#10957 = DIRECTION('',(-0.,1.,0.));
#10958 = DIRECTION('',(1.,0.,-0.));
#10959 = DEFINITIONAL_REPRESENTATION('',(#10960),#10964);
#10960 = LINE('',#10961,#10962);
#10961 = CARTESIAN_POINT('',(4.712388980385,-0.));
#10962 = VECTOR('',#10963,1.);
#10963 = DIRECTION('',(-1.,0.));
#10964 = ( GEOMETRIC_REPRESENTATION_CONTEXT(2) 
PARAMETRIC_REPRESENTATION_CONTEXT() REPRESENTATION_CONTEXT('2D SPACE',''
  ) );
#10965 = ORIENTED_EDGE('',*,*,#10966,.F.);
#10966 = EDGE_CURVE('',#10967,#10934,#10969,.T.);
#10967 = VERTEX_POINT('',#10968);
#10968 = CARTESIAN_POINT('',(32.,-13.,-22.));
#10969 = SURFACE_CURVE('',#10970,(#10974,#10981),.PCURVE_S1.);
#10970 = LINE('',#10971,#10972);
#10971 = CARTESIAN_POINT('',(32.,-13.,-26.));
#10972 = VECTOR('',#10973,1.);
#10973 = DIRECTION('',(0.,0.,1.));
#10974 = PCURVE('',#10727,#10975);
#10975 = DEFINITIONAL_REPRESENTATION('',(#10976),#10980);
#10976 = LINE('',#10977,#10978);
#10977 = CARTESIAN_POINT('',(0.,64.));
#10978 = VECTOR('',#10979,1.);
#10979 = DIRECTION('',(1.,0.));
#10980 = ( GEOMETRIC_REPRESENTATION_CONTEXT(2) 
PARAMETRIC_REPRESENTATION_CONTEXT() REPRESENTATION_CONTEXT('2D SPACE',''
  ) );
#10981 = PCURVE('',#10982,#10987);
#10982 = PLANE('',#10983);
#10983 = AXIS2_PLACEMENT_3D('',#10984,#10985,#10986);
#10984 = CARTESIAN_POINT('',(32.,-13.,-26.));
#10985 = DIRECTION('',(1.,0.,-0.));
#10986 = DIRECTION('',(0.,0.,1.));
#10987 = DEFINITIONAL_REPRESENTATION('',(#10988),#10992);
#10988 = LINE('',#10989,#10990);
#10989 = CARTESIAN_POINT('',(0.,0.));
#10990 = VECTOR('',#10991,1.);
#10991 = DIRECTION('',(1.,0.));
#10992 = ( GEOMETRIC_REPRESENTATION_CONTEXT(2) 
PARAMETRIC_REPRESENTATION_CONTEXT() REPRESENTATION_CONTEXT('2D SPACE',''
  ) );
#10993 = ORIENTED_EDGE('',*,*,#10994,.T.);
#10994 = EDGE_CURVE('',#10967,#10827,#10995,.T.);
#10995 = SURFACE_CURVE('',#10996,(#11001,#11008),.PCURVE_S1.);
#10996 = CIRCLE('',#10997,4.);
#10997 = AXIS2_PLACEMENT_3D('',#10998,#10999,#11000);
#10998 = CARTESIAN_POINT('',(28.,-13.,-22.));
#10999 = DIRECTION('',(-0.,1.,0.));
#11000 = DIRECTION('',(0.,0.,1.));
#11001 = PCURVE('',#10727,#11002);
#11002 = DEFINITIONAL_REPRESENTATION('',(#11003),#11007);
#11003 = CIRCLE('',#11004,4.);
#11004 = AXIS2_PLACEMENT_2D('',#11005,#11006);
#11005 = CARTESIAN_POINT('',(4.,60.));
#11006 = DIRECTION('',(1.,0.));
#11007 = ( GEOMETRIC_REPRESENTATION_CONTEXT(2) 
PARAMETRIC_REPRESENTATION_CONTEXT() REPRESENTATION_CONTEXT('2D SPACE',''
  ) );
#11008 = PCURVE('',#11009,#11014);
#11009 = CYLINDRICAL_SURFACE('',#11010,4.);
#11010 = AXIS2_PLACEMENT_3D('',#11011,#11012,#11013);
#11011 = CARTESIAN_POINT('',(28.,-13.,-22.));
#11012 = DIRECTION('',(-0.,1.,0.));
#11013 = DIRECTION('',(1.,0.,-0.));
#11014 = DEFINITIONAL_REPRESENTATION('',(#11015),#11019);
#11015 = LINE('',#11016,#11017);
#11016 = CARTESIAN_POINT('',(-1.570796326795,0.));
#11017 = VECTOR('',#11018,1.);
#11018 = DIRECTION('',(1.,0.));
#11019 = ( GEOMETRIC_REPRESENTATION_CONTEXT(2) 
PARAMETRIC_REPRESENTATION_CONTEXT() REPRESENTATION_CONTEXT('2D SPACE',''
  ) );
#11020 = FACE_BOUND('',#11021,.F.);
#11021 = EDGE_LOOP('',(#11022,#11053,#11079,#11108,#11134,#11163,#11189,
    #11218));
#11022 = ORIENTED_EDGE('',*,*,#11023,.F.);
#11023 = EDGE_CURVE('',#11024,#11026,#11028,.T.);
#11024 = VERTEX_POINT('',#11025);
#11025 = CARTESIAN_POINT('',(-30.,-13.,22.));
#11026 = VERTEX_POINT('',#11027);
#11027 = CARTESIAN_POINT('',(-28.,-13.,24.));
#11028 = SURFACE_CURVE('',#11029,(#11034,#11041),.PCURVE_S1.);
#11029 = CIRCLE('',#11030,2.);
#11030 = AXIS2_PLACEMENT_3D('',#11031,#11032,#11033);
#11031 = CARTESIAN_POINT('',(-28.,-13.,22.));
#11032 = DIRECTION('',(-0.,1.,0.));
#11033 = DIRECTION('',(-1.,-0.,0.));
#11034 = PCURVE('',#10727,#11035);
#11035 = DEFINITIONAL_REPRESENTATION('',(#11036),#11040);
#11036 = CIRCLE('',#11037,2.);
#11037 = AXIS2_PLACEMENT_2D('',#11038,#11039);
#11038 = CARTESIAN_POINT('',(48.,4.));
#11039 = DIRECTION('',(0.,-1.));
#11040 = ( GEOMETRIC_REPRESENTATION_CONTEXT(2) 
PARAMETRIC_REPRESENTATION_CONTEXT() REPRESENTATION_CONTEXT('2D SPACE',''
  ) );
#11041 = PCURVE('',#11042,#11047);
#11042 = CYLINDRICAL_SURFACE('',#11043,2.);
#11043 = AXIS2_PLACEMENT_3D('',#11044,#11045,#11046);
#11044 = CARTESIAN_POINT('',(-28.,-14.,22.));
#11045 = DIRECTION('',(-0.,1.,0.));
#11046 = DIRECTION('',(-1.,-0.,0.));
#11047 = DEFINITIONAL_REPRESENTATION('',(#11048),#11052);
#11048 = LINE('',#11049,#11050);
#11049 = CARTESIAN_POINT('',(0.,1.));
#11050 = VECTOR('',#11051,1.);
#11051 = DIRECTION('',(1.,0.));
#11052 = ( GEOMETRIC_REPRESENTATION_CONTEXT(2) 
PARAMETRIC_REPRESENTATION_CONTEXT() REPRESENTATION_CONTEXT('2D SPACE',''
  ) );
#11053 = ORIENTED_EDGE('',*,*,#11054,.T.);
#11054 = EDGE_CURVE('',#11024,#11055,#11057,.T.);
#11055 = VERTEX_POINT('',#11056);
#11056 = CARTESIAN_POINT('',(-30.,-13.,-22.));
#11057 = SURFACE_CURVE('',#11058,(#11062,#11068),.PCURVE_S1.);
#11058 = LINE('',#11059,#11060);
#11059 = CARTESIAN_POINT('',(-30.,-13.,-25.));
#11060 = VECTOR('',#11061,1.);
#11061 = DIRECTION('',(-0.,0.,-1.));
#11062 = PCURVE('',#10727,#11063);
#11063 = DEFINITIONAL_REPRESENTATION('',(#11064),#11067);
#11064 = B_SPLINE_CURVE_WITH_KNOTS('',1,(#11065,#11066),.UNSPECIFIED.,
  .F.,.F.,(2,2),(-47.,-3.),.PIECEWISE_BEZIER_KNOTS.);
#11065 = CARTESIAN_POINT('',(48.,2.));
#11066 = CARTESIAN_POINT('',(4.,2.));
#11067 = ( GEOMETRIC_REPRESENTATION_CONTEXT(2) 
PARAMETRIC_REPRESENTATION_CONTEXT() REPRESENTATION_CONTEXT('2D SPACE',''
  ) );
#11068 = PCURVE('',#11069,#11074);
#11069 = PLANE('',#11070);
#11070 = AXIS2_PLACEMENT_3D('',#11071,#11072,#11073);
#11071 = CARTESIAN_POINT('',(-30.,-14.,-24.));
#11072 = DIRECTION('',(1.,0.,-0.));
#11073 = DIRECTION('',(0.,0.,1.));
#11074 = DEFINITIONAL_REPRESENTATION('',(#11075),#11078);
#11075 = B_SPLINE_CURVE_WITH_KNOTS('',1,(#11076,#11077),.UNSPECIFIED.,
  .F.,.F.,(2,2),(-47.,-3.),.PIECEWISE_BEZIER_KNOTS.);
#11076 = CARTESIAN_POINT('',(46.,-1.));
#11077 = CARTESIAN_POINT('',(2.,-1.));
#11078 = ( GEOMETRIC_REPRESENTATION_CONTEXT(2) 
PARAMETRIC_REPRESENTATION_CONTEXT() REPRESENTATION_CONTEXT('2D SPACE',''
  ) );
#11079 = ORIENTED_EDGE('',*,*,#11080,.F.);
#11080 = EDGE_CURVE('',#11081,#11055,#11083,.T.);
#11081 = VERTEX_POINT('',#11082);
#11082 = CARTESIAN_POINT('',(-28.,-13.,-24.));
#11083 = SURFACE_CURVE('',#11084,(#11089,#11096),.PCURVE_S1.);
#11084 = CIRCLE('',#11085,2.);
#11085 = AXIS2_PLACEMENT_3D('',#11086,#11087,#11088);
#11086 = CARTESIAN_POINT('',(-28.,-13.,-22.));
#11087 = DIRECTION('',(-0.,1.,0.));
#11088 = DIRECTION('',(-1.,-0.,0.));
#11089 = PCURVE('',#10727,#11090);
#11090 = DEFINITIONAL_REPRESENTATION('',(#11091),#11095);
#11091 = CIRCLE('',#11092,2.);
#11092 = AXIS2_PLACEMENT_2D('',#11093,#11094);
#11093 = CARTESIAN_POINT('',(4.,4.));
#11094 = DIRECTION('',(0.,-1.));
#11095 = ( GEOMETRIC_REPRESENTATION_CONTEXT(2) 
PARAMETRIC_REPRESENTATION_CONTEXT() REPRESENTATION_CONTEXT('2D SPACE',''
  ) );
#11096 = PCURVE('',#11097,#11102);
#11097 = CYLINDRICAL_SURFACE('',#11098,2.);
#11098 = AXIS2_PLACEMENT_3D('',#11099,#11100,#11101);
#11099 = CARTESIAN_POINT('',(-28.,-14.,-22.));
#11100 = DIRECTION('',(-0.,1.,0.));
#11101 = DIRECTION('',(-1.,-0.,0.));
#11102 = DEFINITIONAL_REPRESENTATION('',(#11103),#11107);
#11103 = LINE('',#11104,#11105);
#11104 = CARTESIAN_POINT('',(-6.28318530718,1.));
#11105 = VECTOR('',#11106,1.);
#11106 = DIRECTION('',(1.,-0.));
#11107 = ( GEOMETRIC_REPRESENTATION_CONTEXT(2) 
PARAMETRIC_REPRESENTATION_CONTEXT() REPRESENTATION_CONTEXT('2D SPACE',''
  ) );
#11108 = ORIENTED_EDGE('',*,*,#11109,.T.);
#11109 = EDGE_CURVE('',#11081,#11110,#11112,.T.);
#11110 = VERTEX_POINT('',#11111);
#11111 = CARTESIAN_POINT('',(28.,-13.,-24.));
#11112 = SURFACE_CURVE('',#11113,(#11117,#11123),.PCURVE_S1.);
#11113 = LINE('',#11114,#11115);
#11114 = CARTESIAN_POINT('',(-31.,-13.,-24.));
#11115 = VECTOR('',#11116,1.);
#11116 = DIRECTION('',(1.,0.,-0.));
#11117 = PCURVE('',#10727,#11118);
#11118 = DEFINITIONAL_REPRESENTATION('',(#11119),#11122);
#11119 = B_SPLINE_CURVE_WITH_KNOTS('',1,(#11120,#11121),.UNSPECIFIED.,
  .F.,.F.,(2,2),(3.,59.),.PIECEWISE_BEZIER_KNOTS.);
#11120 = CARTESIAN_POINT('',(2.,4.));
#11121 = CARTESIAN_POINT('',(2.,60.));
#11122 = ( GEOMETRIC_REPRESENTATION_CONTEXT(2) 
PARAMETRIC_REPRESENTATION_CONTEXT() REPRESENTATION_CONTEXT('2D SPACE',''
  ) );
#11123 = PCURVE('',#11124,#11129);
#11124 = PLANE('',#11125);
#11125 = AXIS2_PLACEMENT_3D('',#11126,#11127,#11128);
#11126 = CARTESIAN_POINT('',(-30.,-14.,-24.));
#11127 = DIRECTION('',(0.,0.,1.));
#11128 = DIRECTION('',(1.,0.,-0.));
#11129 = DEFINITIONAL_REPRESENTATION('',(#11130),#11133);
#11130 = B_SPLINE_CURVE_WITH_KNOTS('',1,(#11131,#11132),.UNSPECIFIED.,
  .F.,.F.,(2,2),(3.,59.),.PIECEWISE_BEZIER_KNOTS.);
#11131 = CARTESIAN_POINT('',(2.,1.));
#11132 = CARTESIAN_POINT('',(58.,1.));
#11133 = ( GEOMETRIC_REPRESENTATION_CONTEXT(2) 
PARAMETRIC_REPRESENTATION_CONTEXT() REPRESENTATION_CONTEXT('2D SPACE',''
  ) );
#11134 = ORIENTED_EDGE('',*,*,#11135,.F.);
#11135 = EDGE_CURVE('',#11136,#11110,#11138,.T.);
#11136 = VERTEX_POINT('',#11137);
#11137 = CARTESIAN_POINT('',(30.,-13.,-22.));
#11138 = SURFACE_CURVE('',#11139,(#11144,#11151),.PCURVE_S1.);
#11139 = CIRCLE('',#11140,2.);
#11140 = AXIS2_PLACEMENT_3D('',#11141,#11142,#11143);
#11141 = CARTESIAN_POINT('',(28.,-13.,-22.));
#11142 = DIRECTION('',(0.,1.,0.));
#11143 = DIRECTION('',(1.,0.,-0.));
#11144 = PCURVE('',#10727,#11145);
#11145 = DEFINITIONAL_REPRESENTATION('',(#11146),#11150);
#11146 = CIRCLE('',#11147,2.);
#11147 = AXIS2_PLACEMENT_2D('',#11148,#11149);
#11148 = CARTESIAN_POINT('',(4.,60.));
#11149 = DIRECTION('',(0.,1.));
#11150 = ( GEOMETRIC_REPRESENTATION_CONTEXT(2) 
PARAMETRIC_REPRESENTATION_CONTEXT() REPRESENTATION_CONTEXT('2D SPACE',''
  ) );
#11151 = PCURVE('',#11152,#11157);
#11152 = CYLINDRICAL_SURFACE('',#11153,2.);
#11153 = AXIS2_PLACEMENT_3D('',#11154,#11155,#11156);
#11154 = CARTESIAN_POINT('',(28.,-14.,-22.));
#11155 = DIRECTION('',(-0.,1.,0.));
#11156 = DIRECTION('',(1.,0.,-0.));
#11157 = DEFINITIONAL_REPRESENTATION('',(#11158),#11162);
#11158 = LINE('',#11159,#11160);
#11159 = CARTESIAN_POINT('',(0.,1.));
#11160 = VECTOR('',#11161,1.);
#11161 = DIRECTION('',(1.,0.));
#11162 = ( GEOMETRIC_REPRESENTATION_CONTEXT(2) 
PARAMETRIC_REPRESENTATION_CONTEXT() REPRESENTATION_CONTEXT('2D SPACE',''
  ) );
#11163 = ORIENTED_EDGE('',*,*,#11164,.F.);
#11164 = EDGE_CURVE('',#11165,#11136,#11167,.T.);
#11165 = VERTEX_POINT('',#11166);
#11166 = CARTESIAN_POINT('',(30.,-13.,22.));
#11167 = SURFACE_CURVE('',#11168,(#11172,#11178),.PCURVE_S1.);
#11168 = LINE('',#11169,#11170);
#11169 = CARTESIAN_POINT('',(30.,-13.,-25.));
#11170 = VECTOR('',#11171,1.);
#11171 = DIRECTION('',(-0.,0.,-1.));
#11172 = PCURVE('',#10727,#11173);
#11173 = DEFINITIONAL_REPRESENTATION('',(#11174),#11177);
#11174 = B_SPLINE_CURVE_WITH_KNOTS('',1,(#11175,#11176),.UNSPECIFIED.,
  .F.,.F.,(2,2),(-47.,-3.),.PIECEWISE_BEZIER_KNOTS.);
#11175 = CARTESIAN_POINT('',(48.,62.));
#11176 = CARTESIAN_POINT('',(4.,62.));
#11177 = ( GEOMETRIC_REPRESENTATION_CONTEXT(2) 
PARAMETRIC_REPRESENTATION_CONTEXT() REPRESENTATION_CONTEXT('2D SPACE',''
  ) );
#11178 = PCURVE('',#11179,#11184);
#11179 = PLANE('',#11180);
#11180 = AXIS2_PLACEMENT_3D('',#11181,#11182,#11183);
#11181 = CARTESIAN_POINT('',(30.,-14.,-24.));
#11182 = DIRECTION('',(1.,0.,-0.));
#11183 = DIRECTION('',(0.,0.,1.));
#11184 = DEFINITIONAL_REPRESENTATION('',(#11185),#11188);
#11185 = B_SPLINE_CURVE_WITH_KNOTS('',1,(#11186,#11187),.UNSPECIFIED.,
  .F.,.F.,(2,2),(-47.,-3.),.PIECEWISE_BEZIER_KNOTS.);
#11186 = CARTESIAN_POINT('',(46.,-1.));
#11187 = CARTESIAN_POINT('',(2.,-1.));
#11188 = ( GEOMETRIC_REPRESENTATION_CONTEXT(2) 
PARAMETRIC_REPRESENTATION_CONTEXT() REPRESENTATION_CONTEXT('2D SPACE',''
  ) );
#11189 = ORIENTED_EDGE('',*,*,#11190,.F.);
#11190 = EDGE_CURVE('',#11191,#11165,#11193,.T.);
#11191 = VERTEX_POINT('',#11192);
#11192 = CARTESIAN_POINT('',(28.,-13.,24.));
#11193 = SURFACE_CURVE('',#11194,(#11199,#11206),.PCURVE_S1.);
#11194 = CIRCLE('',#11195,2.);
#11195 = AXIS2_PLACEMENT_3D('',#11196,#11197,#11198);
#11196 = CARTESIAN_POINT('',(28.,-13.,22.));
#11197 = DIRECTION('',(0.,1.,0.));
#11198 = DIRECTION('',(1.,0.,-0.));
#11199 = PCURVE('',#10727,#11200);
#11200 = DEFINITIONAL_REPRESENTATION('',(#11201),#11205);
#11201 = CIRCLE('',#11202,2.);
#11202 = AXIS2_PLACEMENT_2D('',#11203,#11204);
#11203 = CARTESIAN_POINT('',(48.,60.));
#11204 = DIRECTION('',(0.,1.));
#11205 = ( GEOMETRIC_REPRESENTATION_CONTEXT(2) 
PARAMETRIC_REPRESENTATION_CONTEXT() REPRESENTATION_CONTEXT('2D SPACE',''
  ) );
#11206 = PCURVE('',#11207,#11212);
#11207 = CYLINDRICAL_SURFACE('',#11208,2.);
#11208 = AXIS2_PLACEMENT_3D('',#11209,#11210,#11211);
#11209 = CARTESIAN_POINT('',(28.,-14.,22.));
#11210 = DIRECTION('',(-0.,1.,0.));
#11211 = DIRECTION('',(1.,0.,-0.));
#11212 = DEFINITIONAL_REPRESENTATION('',(#11213),#11217);
#11213 = LINE('',#11214,#11215);
#11214 = CARTESIAN_POINT('',(-6.28318530718,1.));
#11215 = VECTOR('',#11216,1.);
#11216 = DIRECTION('',(1.,-0.));
#11217 = ( GEOMETRIC_REPRESENTATION_CONTEXT(2) 
PARAMETRIC_REPRESENTATION_CONTEXT() REPRESENTATION_CONTEXT('2D SPACE',''
  ) );
#11218 = ORIENTED_EDGE('',*,*,#11219,.F.);
#11219 = EDGE_CURVE('',#11026,#11191,#11220,.T.);
#11220 = SURFACE_CURVE('',#11221,(#11225,#11231),.PCURVE_S1.);
#11221 = LINE('',#11222,#11223);
#11222 = CARTESIAN_POINT('',(-31.,-13.,24.));
#11223 = VECTOR('',#11224,1.);
#11224 = DIRECTION('',(1.,0.,-0.));
#11225 = PCURVE('',#10727,#11226);
#11226 = DEFINITIONAL_REPRESENTATION('',(#11227),#11230);
#11227 = B_SPLINE_CURVE_WITH_KNOTS('',1,(#11228,#11229),.UNSPECIFIED.,
  .F.,.F.,(2,2),(3.,59.),.PIECEWISE_BEZIER_KNOTS.);
#11228 = CARTESIAN_POINT('',(50.,4.));
#11229 = CARTESIAN_POINT('',(50.,60.));
#11230 = ( GEOMETRIC_REPRESENTATION_CONTEXT(2) 
PARAMETRIC_REPRESENTATION_CONTEXT() REPRESENTATION_CONTEXT('2D SPACE',''
  ) );
#11231 = PCURVE('',#11232,#11237);
#11232 = PLANE('',#11233);
#11233 = AXIS2_PLACEMENT_3D('',#11234,#11235,#11236);
#11234 = CARTESIAN_POINT('',(-30.,-14.,24.));
#11235 = DIRECTION('',(0.,0.,1.));
#11236 = DIRECTION('',(1.,0.,-0.));
#11237 = DEFINITIONAL_REPRESENTATION('',(#11238),#11241);
#11238 = B_SPLINE_CURVE_WITH_KNOTS('',1,(#11239,#11240),.UNSPECIFIED.,
  .F.,.F.,(2,2),(3.,59.),.PIECEWISE_BEZIER_KNOTS.);
#11239 = CARTESIAN_POINT('',(2.,1.));
#11240 = CARTESIAN_POINT('',(58.,1.));
#11241 = ( GEOMETRIC_REPRESENTATION_CONTEXT(2) 
PARAMETRIC_REPRESENTATION_CONTEXT() REPRESENTATION_CONTEXT('2D SPACE',''
  ) );
#11242 = ADVANCED_FACE('',(#11243),#10755,.T.);
#11243 = FACE_BOUND('',#11244,.F.);
#11244 = EDGE_LOOP('',(#11245,#11246,#11269,#11295));
#11245 = ORIENTED_EDGE('',*,*,#10854,.T.);
#11246 = ORIENTED_EDGE('',*,*,#11247,.T.);
#11247 = EDGE_CURVE('',#10825,#11248,#11250,.T.);
#11248 = VERTEX_POINT('',#11249);
#11249 = CARTESIAN_POINT('',(-28.,1.,-26.));
#11250 = SURFACE_CURVE('',#11251,(#11255,#11262),.PCURVE_S1.);
#11251 = LINE('',#11252,#11253);
#11252 = CARTESIAN_POINT('',(-28.,-13.,-26.));
#11253 = VECTOR('',#11254,1.);
#11254 = DIRECTION('',(-0.,1.,0.));
#11255 = PCURVE('',#10755,#11256);
#11256 = DEFINITIONAL_REPRESENTATION('',(#11257),#11261);
#11257 = LINE('',#11258,#11259);
#11258 = CARTESIAN_POINT('',(-1.570796326795,0.));
#11259 = VECTOR('',#11260,1.);
#11260 = DIRECTION('',(-0.,1.));
#11261 = ( GEOMETRIC_REPRESENTATION_CONTEXT(2) 
PARAMETRIC_REPRESENTATION_CONTEXT() REPRESENTATION_CONTEXT('2D SPACE',''
  ) );
#11262 = PCURVE('',#10842,#11263);
#11263 = DEFINITIONAL_REPRESENTATION('',(#11264),#11268);
#11264 = LINE('',#11265,#11266);
#11265 = CARTESIAN_POINT('',(4.,0.));
#11266 = VECTOR('',#11267,1.);
#11267 = DIRECTION('',(0.,1.));
#11268 = ( GEOMETRIC_REPRESENTATION_CONTEXT(2) 
PARAMETRIC_REPRESENTATION_CONTEXT() REPRESENTATION_CONTEXT('2D SPACE',''
  ) );
#11269 = ORIENTED_EDGE('',*,*,#11270,.F.);
#11270 = EDGE_CURVE('',#10740,#11248,#11271,.T.);
#11271 = SURFACE_CURVE('',#11272,(#11277,#11284),.PCURVE_S1.);
#11272 = CIRCLE('',#11273,4.);
#11273 = AXIS2_PLACEMENT_3D('',#11274,#11275,#11276);
#11274 = CARTESIAN_POINT('',(-28.,1.,-22.));
#11275 = DIRECTION('',(0.,-1.,0.));
#11276 = DIRECTION('',(0.,0.,1.));
#11277 = PCURVE('',#10755,#11278);
#11278 = DEFINITIONAL_REPRESENTATION('',(#11279),#11283);
#11279 = LINE('',#11280,#11281);
#11280 = CARTESIAN_POINT('',(1.570796326795,14.));
#11281 = VECTOR('',#11282,1.);
#11282 = DIRECTION('',(-1.,0.));
#11283 = ( GEOMETRIC_REPRESENTATION_CONTEXT(2) 
PARAMETRIC_REPRESENTATION_CONTEXT() REPRESENTATION_CONTEXT('2D SPACE',''
  ) );
#11284 = PCURVE('',#10783,#11285);
#11285 = DEFINITIONAL_REPRESENTATION('',(#11286),#11294);
#11286 = ( BOUNDED_CURVE() B_SPLINE_CURVE(2,(#11287,#11288,#11289,#11290
    ,#11291,#11292,#11293),.UNSPECIFIED.,.T.,.F.) 
B_SPLINE_CURVE_WITH_KNOTS((1,2,2,2,2,1),(-2.094395102393,0.,
    2.094395102393,4.188790204786,6.28318530718,8.377580409573),
.UNSPECIFIED.) CURVE() GEOMETRIC_REPRESENTATION_ITEM() 
RATIONAL_B_SPLINE_CURVE((1.,0.5,1.,0.5,1.,0.5,1.)) REPRESENTATION_ITEM(
  '') );
#11287 = CARTESIAN_POINT('',(8.,4.));
#11288 = CARTESIAN_POINT('',(8.,-2.928203230276));
#11289 = CARTESIAN_POINT('',(2.,0.535898384862));
#11290 = CARTESIAN_POINT('',(-4.,4.));
#11291 = CARTESIAN_POINT('',(2.,7.464101615138));
#11292 = CARTESIAN_POINT('',(8.,10.928203230276));
#11293 = CARTESIAN_POINT('',(8.,4.));
#11294 = ( GEOMETRIC_REPRESENTATION_CONTEXT(2) 
PARAMETRIC_REPRESENTATION_CONTEXT() REPRESENTATION_CONTEXT('2D SPACE',''
  ) );
#11295 = ORIENTED_EDGE('',*,*,#10739,.F.);
#11296 = ADVANCED_FACE('',(#11297),#10809,.T.);
#11297 = FACE_BOUND('',#11298,.T.);
#11298 = EDGE_LOOP('',(#11299,#11300,#11323,#11345));
#11299 = ORIENTED_EDGE('',*,*,#10881,.T.);
#11300 = ORIENTED_EDGE('',*,*,#11301,.T.);
#11301 = EDGE_CURVE('',#10882,#11302,#11304,.T.);
#11302 = VERTEX_POINT('',#11303);
#11303 = CARTESIAN_POINT('',(-28.,1.,26.));
#11304 = SURFACE_CURVE('',#11305,(#11309,#11316),.PCURVE_S1.);
#11305 = LINE('',#11306,#11307);
#11306 = CARTESIAN_POINT('',(-28.,-13.,26.));
#11307 = VECTOR('',#11308,1.);
#11308 = DIRECTION('',(-0.,1.,0.));
#11309 = PCURVE('',#10809,#11310);
#11310 = DEFINITIONAL_REPRESENTATION('',(#11311),#11315);
#11311 = LINE('',#11312,#11313);
#11312 = CARTESIAN_POINT('',(1.570796326795,0.));
#11313 = VECTOR('',#11314,1.);
#11314 = DIRECTION('',(0.,1.));
#11315 = ( GEOMETRIC_REPRESENTATION_CONTEXT(2) 
PARAMETRIC_REPRESENTATION_CONTEXT() REPRESENTATION_CONTEXT('2D SPACE',''
  ) );
#11316 = PCURVE('',#10921,#11317);
#11317 = DEFINITIONAL_REPRESENTATION('',(#11318),#11322);
#11318 = LINE('',#11319,#11320);
#11319 = CARTESIAN_POINT('',(4.,0.));
#11320 = VECTOR('',#11321,1.);
#11321 = DIRECTION('',(0.,1.));
#11322 = ( GEOMETRIC_REPRESENTATION_CONTEXT(2) 
PARAMETRIC_REPRESENTATION_CONTEXT() REPRESENTATION_CONTEXT('2D SPACE',''
  ) );
#11323 = ORIENTED_EDGE('',*,*,#11324,.F.);
#11324 = EDGE_CURVE('',#10768,#11302,#11325,.T.);
#11325 = SURFACE_CURVE('',#11326,(#11331,#11338),.PCURVE_S1.);
#11326 = CIRCLE('',#11327,4.);
#11327 = AXIS2_PLACEMENT_3D('',#11328,#11329,#11330);
#11328 = CARTESIAN_POINT('',(-28.,1.,22.));
#11329 = DIRECTION('',(-0.,1.,0.));
#11330 = DIRECTION('',(0.,0.,1.));
#11331 = PCURVE('',#10809,#11332);
#11332 = DEFINITIONAL_REPRESENTATION('',(#11333),#11337);
#11333 = LINE('',#11334,#11335);
#11334 = CARTESIAN_POINT('',(-4.712388980385,14.));
#11335 = VECTOR('',#11336,1.);
#11336 = DIRECTION('',(1.,0.));
#11337 = ( GEOMETRIC_REPRESENTATION_CONTEXT(2) 
PARAMETRIC_REPRESENTATION_CONTEXT() REPRESENTATION_CONTEXT('2D SPACE',''
  ) );
#11338 = PCURVE('',#10783,#11339);
#11339 = DEFINITIONAL_REPRESENTATION('',(#11340),#11344);
#11340 = CIRCLE('',#11341,4.);
#11341 = AXIS2_PLACEMENT_2D('',#11342,#11343);
#11342 = CARTESIAN_POINT('',(48.,4.));
#11343 = DIRECTION('',(1.,0.));
#11344 = ( GEOMETRIC_REPRESENTATION_CONTEXT(2) 
PARAMETRIC_REPRESENTATION_CONTEXT() REPRESENTATION_CONTEXT('2D SPACE',''
  ) );
#11345 = ORIENTED_EDGE('',*,*,#10795,.F.);
#11346 = ADVANCED_FACE('',(#11347,#11471,#11506,#11541,#11576,#11611),
  #10783,.T.);
#11347 = FACE_BOUND('',#11348,.T.);
#11348 = EDGE_LOOP('',(#11349,#11372,#11373,#11374,#11375,#11398,#11426,
    #11449));
#11349 = ORIENTED_EDGE('',*,*,#11350,.F.);
#11350 = EDGE_CURVE('',#11248,#11351,#11353,.T.);
#11351 = VERTEX_POINT('',#11352);
#11352 = CARTESIAN_POINT('',(28.,1.,-26.));
#11353 = SURFACE_CURVE('',#11354,(#11358,#11365),.PCURVE_S1.);
#11354 = LINE('',#11355,#11356);
#11355 = CARTESIAN_POINT('',(-32.,1.,-26.));
#11356 = VECTOR('',#11357,1.);
#11357 = DIRECTION('',(1.,0.,-0.));
#11358 = PCURVE('',#10783,#11359);
#11359 = DEFINITIONAL_REPRESENTATION('',(#11360),#11364);
#11360 = LINE('',#11361,#11362);
#11361 = CARTESIAN_POINT('',(0.,0.));
#11362 = VECTOR('',#11363,1.);
#11363 = DIRECTION('',(0.,1.));
#11364 = ( GEOMETRIC_REPRESENTATION_CONTEXT(2) 
PARAMETRIC_REPRESENTATION_CONTEXT() REPRESENTATION_CONTEXT('2D SPACE',''
  ) );
#11365 = PCURVE('',#10842,#11366);
#11366 = DEFINITIONAL_REPRESENTATION('',(#11367),#11371);
#11367 = LINE('',#11368,#11369);
#11368 = CARTESIAN_POINT('',(0.,14.));
#11369 = VECTOR('',#11370,1.);
#11370 = DIRECTION('',(1.,0.));
#11371 = ( GEOMETRIC_REPRESENTATION_CONTEXT(2) 
PARAMETRIC_REPRESENTATION_CONTEXT() REPRESENTATION_CONTEXT('2D SPACE',''
  ) );
#11372 = ORIENTED_EDGE('',*,*,#11270,.F.);
#11373 = ORIENTED_EDGE('',*,*,#10767,.T.);
#11374 = ORIENTED_EDGE('',*,*,#11324,.T.);
#11375 = ORIENTED_EDGE('',*,*,#11376,.T.);
#11376 = EDGE_CURVE('',#11302,#11377,#11379,.T.);
#11377 = VERTEX_POINT('',#11378);
#11378 = CARTESIAN_POINT('',(28.,1.,26.));
#11379 = SURFACE_CURVE('',#11380,(#11384,#11391),.PCURVE_S1.);
#11380 = LINE('',#11381,#11382);
#11381 = CARTESIAN_POINT('',(-32.,1.,26.));
#11382 = VECTOR('',#11383,1.);
#11383 = DIRECTION('',(1.,0.,-0.));
#11384 = PCURVE('',#10783,#11385);
#11385 = DEFINITIONAL_REPRESENTATION('',(#11386),#11390);
#11386 = LINE('',#11387,#11388);
#11387 = CARTESIAN_POINT('',(52.,0.));
#11388 = VECTOR('',#11389,1.);
#11389 = DIRECTION('',(0.,1.));
#11390 = ( GEOMETRIC_REPRESENTATION_CONTEXT(2) 
PARAMETRIC_REPRESENTATION_CONTEXT() REPRESENTATION_CONTEXT('2D SPACE',''
  ) );
#11391 = PCURVE('',#10921,#11392);
#11392 = DEFINITIONAL_REPRESENTATION('',(#11393),#11397);
#11393 = LINE('',#11394,#11395);
#11394 = CARTESIAN_POINT('',(0.,14.));
#11395 = VECTOR('',#11396,1.);
#11396 = DIRECTION('',(1.,0.));
#11397 = ( GEOMETRIC_REPRESENTATION_CONTEXT(2) 
PARAMETRIC_REPRESENTATION_CONTEXT() REPRESENTATION_CONTEXT('2D SPACE',''
  ) );
#11398 = ORIENTED_EDGE('',*,*,#11399,.F.);
#11399 = EDGE_CURVE('',#11400,#11377,#11402,.T.);
#11400 = VERTEX_POINT('',#11401);
#11401 = CARTESIAN_POINT('',(32.,1.,22.));
#11402 = SURFACE_CURVE('',#11403,(#11408,#11419),.PCURVE_S1.);
#11403 = CIRCLE('',#11404,4.);
#11404 = AXIS2_PLACEMENT_3D('',#11405,#11406,#11407);
#11405 = CARTESIAN_POINT('',(28.,1.,22.));
#11406 = DIRECTION('',(0.,-1.,0.));
#11407 = DIRECTION('',(0.,0.,1.));
#11408 = PCURVE('',#10783,#11409);
#11409 = DEFINITIONAL_REPRESENTATION('',(#11410),#11418);
#11410 = ( BOUNDED_CURVE() B_SPLINE_CURVE(2,(#11411,#11412,#11413,#11414
    ,#11415,#11416,#11417),.UNSPECIFIED.,.T.,.F.) 
B_SPLINE_CURVE_WITH_KNOTS((1,2,2,2,2,1),(-2.094395102393,0.,
    2.094395102393,4.188790204786,6.28318530718,8.377580409573),
.UNSPECIFIED.) CURVE() GEOMETRIC_REPRESENTATION_ITEM() 
RATIONAL_B_SPLINE_CURVE((1.,0.5,1.,0.5,1.,0.5,1.)) REPRESENTATION_ITEM(
  '') );
#11411 = CARTESIAN_POINT('',(52.,60.));
#11412 = CARTESIAN_POINT('',(52.,53.071796769724));
#11413 = CARTESIAN_POINT('',(46.,56.535898384862));
#11414 = CARTESIAN_POINT('',(40.,60.));
#11415 = CARTESIAN_POINT('',(46.,63.464101615138));
#11416 = CARTESIAN_POINT('',(52.,66.928203230276));
#11417 = CARTESIAN_POINT('',(52.,60.));
#11418 = ( GEOMETRIC_REPRESENTATION_CONTEXT(2) 
PARAMETRIC_REPRESENTATION_CONTEXT() REPRESENTATION_CONTEXT('2D SPACE',''
  ) );
#11419 = PCURVE('',#10954,#11420);
#11420 = DEFINITIONAL_REPRESENTATION('',(#11421),#11425);
#11421 = LINE('',#11422,#11423);
#11422 = CARTESIAN_POINT('',(4.712388980385,14.));
#11423 = VECTOR('',#11424,1.);
#11424 = DIRECTION('',(-1.,0.));
#11425 = ( GEOMETRIC_REPRESENTATION_CONTEXT(2) 
PARAMETRIC_REPRESENTATION_CONTEXT() REPRESENTATION_CONTEXT('2D SPACE',''
  ) );
#11426 = ORIENTED_EDGE('',*,*,#11427,.F.);
#11427 = EDGE_CURVE('',#11428,#11400,#11430,.T.);
#11428 = VERTEX_POINT('',#11429);
#11429 = CARTESIAN_POINT('',(32.,1.,-22.));
#11430 = SURFACE_CURVE('',#11431,(#11435,#11442),.PCURVE_S1.);
#11431 = LINE('',#11432,#11433);
#11432 = CARTESIAN_POINT('',(32.,1.,-26.));
#11433 = VECTOR('',#11434,1.);
#11434 = DIRECTION('',(0.,0.,1.));
#11435 = PCURVE('',#10783,#11436);
#11436 = DEFINITIONAL_REPRESENTATION('',(#11437),#11441);
#11437 = LINE('',#11438,#11439);
#11438 = CARTESIAN_POINT('',(0.,64.));
#11439 = VECTOR('',#11440,1.);
#11440 = DIRECTION('',(1.,0.));
#11441 = ( GEOMETRIC_REPRESENTATION_CONTEXT(2) 
PARAMETRIC_REPRESENTATION_CONTEXT() REPRESENTATION_CONTEXT('2D SPACE',''
  ) );
#11442 = PCURVE('',#10982,#11443);
#11443 = DEFINITIONAL_REPRESENTATION('',(#11444),#11448);
#11444 = LINE('',#11445,#11446);
#11445 = CARTESIAN_POINT('',(0.,-14.));
#11446 = VECTOR('',#11447,1.);
#11447 = DIRECTION('',(1.,0.));
#11448 = ( GEOMETRIC_REPRESENTATION_CONTEXT(2) 
PARAMETRIC_REPRESENTATION_CONTEXT() REPRESENTATION_CONTEXT('2D SPACE',''
  ) );
#11449 = ORIENTED_EDGE('',*,*,#11450,.T.);
#11450 = EDGE_CURVE('',#11428,#11351,#11451,.T.);
#11451 = SURFACE_CURVE('',#11452,(#11457,#11464),.PCURVE_S1.);
#11452 = CIRCLE('',#11453,4.);
#11453 = AXIS2_PLACEMENT_3D('',#11454,#11455,#11456);
#11454 = CARTESIAN_POINT('',(28.,1.,-22.));
#11455 = DIRECTION('',(-0.,1.,0.));
#11456 = DIRECTION('',(0.,0.,1.));
#11457 = PCURVE('',#10783,#11458);
#11458 = DEFINITIONAL_REPRESENTATION('',(#11459),#11463);
#11459 = CIRCLE('',#11460,4.);
#11460 = AXIS2_PLACEMENT_2D('',#11461,#11462);
#11461 = CARTESIAN_POINT('',(4.,60.));
#11462 = DIRECTION('',(1.,0.));
#11463 = ( GEOMETRIC_REPRESENTATION_CONTEXT(2) 
PARAMETRIC_REPRESENTATION_CONTEXT() REPRESENTATION_CONTEXT('2D SPACE',''
  ) );
#11464 = PCURVE('',#11009,#11465);
#11465 = DEFINITIONAL_REPRESENTATION('',(#11466),#11470);
#11466 = LINE('',#11467,#11468);
#11467 = CARTESIAN_POINT('',(-1.570796326795,14.));
#11468 = VECTOR('',#11469,1.);
#11469 = DIRECTION('',(1.,0.));
#11470 = ( GEOMETRIC_REPRESENTATION_CONTEXT(2) 
PARAMETRIC_REPRESENTATION_CONTEXT() REPRESENTATION_CONTEXT('2D SPACE',''
  ) );
#11471 = FACE_BOUND('',#11472,.T.);
#11472 = EDGE_LOOP('',(#11473));
#11473 = ORIENTED_EDGE('',*,*,#11474,.T.);
#11474 = EDGE_CURVE('',#11475,#11475,#11477,.T.);
#11475 = VERTEX_POINT('',#11476);
#11476 = CARTESIAN_POINT('',(-24.9,1.,21.));
#11477 = SURFACE_CURVE('',#11478,(#11483,#11494),.PCURVE_S1.);
#11478 = CIRCLE('',#11479,2.1);
#11479 = AXIS2_PLACEMENT_3D('',#11480,#11481,#11482);
#11480 = CARTESIAN_POINT('',(-27.,1.,21.));
#11481 = DIRECTION('',(0.,-1.,2.22044604925E-16));
#11482 = DIRECTION('',(1.,0.,0.));
#11483 = PCURVE('',#10783,#11484);
#11484 = DEFINITIONAL_REPRESENTATION('',(#11485),#11493);
#11485 = ( BOUNDED_CURVE() B_SPLINE_CURVE(2,(#11486,#11487,#11488,#11489
    ,#11490,#11491,#11492),.UNSPECIFIED.,.T.,.F.) 
B_SPLINE_CURVE_WITH_KNOTS((1,2,2,2,2,1),(-2.094395102393,0.,
    2.094395102393,4.188790204786,6.28318530718,8.377580409573),
.UNSPECIFIED.) CURVE() GEOMETRIC_REPRESENTATION_ITEM() 
RATIONAL_B_SPLINE_CURVE((1.,0.5,1.,0.5,1.,0.5,1.)) REPRESENTATION_ITEM(
  '') );
#11486 = CARTESIAN_POINT('',(47.,7.1));
#11487 = CARTESIAN_POINT('',(50.637306695895,7.1));
#11488 = CARTESIAN_POINT('',(48.818653347947,3.95));
#11489 = CARTESIAN_POINT('',(47.,0.8));
#11490 = CARTESIAN_POINT('',(45.181346652053,3.95));
#11491 = CARTESIAN_POINT('',(43.362693304105,7.1));
#11492 = CARTESIAN_POINT('',(47.,7.1));
#11493 = ( GEOMETRIC_REPRESENTATION_CONTEXT(2) 
PARAMETRIC_REPRESENTATION_CONTEXT() REPRESENTATION_CONTEXT('2D SPACE',''
  ) );
#11494 = PCURVE('',#11495,#11500);
#11495 = CYLINDRICAL_SURFACE('',#11496,2.1);
#11496 = AXIS2_PLACEMENT_3D('',#11497,#11498,#11499);
#11497 = CARTESIAN_POINT('',(-27.,2.,21.));
#11498 = DIRECTION('',(0.,-1.,2.22044604925E-16));
#11499 = DIRECTION('',(1.,0.,0.));
#11500 = DEFINITIONAL_REPRESENTATION('',(#11501),#11505);
#11501 = LINE('',#11502,#11503);
#11502 = CARTESIAN_POINT('',(0.,1.));
#11503 = VECTOR('',#11504,1.);
#11504 = DIRECTION('',(1.,0.));
#11505 = ( GEOMETRIC_REPRESENTATION_CONTEXT(2) 
PARAMETRIC_REPRESENTATION_CONTEXT() REPRESENTATION_CONTEXT('2D SPACE',''
  ) );
#11506 = FACE_BOUND('',#11507,.T.);
#11507 = EDGE_LOOP('',(#11508));
#11508 = ORIENTED_EDGE('',*,*,#11509,.T.);
#11509 = EDGE_CURVE('',#11510,#11510,#11512,.T.);
#11510 = VERTEX_POINT('',#11511);
#11511 = CARTESIAN_POINT('',(-5.,1.,21.));
#11512 = SURFACE_CURVE('',#11513,(#11518,#11529),.PCURVE_S1.);
#11513 = CIRCLE('',#11514,1.);
#11514 = AXIS2_PLACEMENT_3D('',#11515,#11516,#11517);
#11515 = CARTESIAN_POINT('',(-6.,1.,21.));
#11516 = DIRECTION('',(0.,-1.,2.22044604925E-16));
#11517 = DIRECTION('',(1.,0.,0.));
#11518 = PCURVE('',#10783,#11519);
#11519 = DEFINITIONAL_REPRESENTATION('',(#11520),#11528);
#11520 = ( BOUNDED_CURVE() B_SPLINE_CURVE(2,(#11521,#11522,#11523,#11524
    ,#11525,#11526,#11527),.UNSPECIFIED.,.T.,.F.) 
B_SPLINE_CURVE_WITH_KNOTS((1,2,2,2,2,1),(-2.094395102393,0.,
    2.094395102393,4.188790204786,6.28318530718,8.377580409573),
.UNSPECIFIED.) CURVE() GEOMETRIC_REPRESENTATION_ITEM() 
RATIONAL_B_SPLINE_CURVE((1.,0.5,1.,0.5,1.,0.5,1.)) REPRESENTATION_ITEM(
  '') );
#11521 = CARTESIAN_POINT('',(47.,27.));
#11522 = CARTESIAN_POINT('',(48.732050807569,27.));
#11523 = CARTESIAN_POINT('',(47.866025403784,25.5));
#11524 = CARTESIAN_POINT('',(47.,24.));
#11525 = CARTESIAN_POINT('',(46.133974596216,25.5));
#11526 = CARTESIAN_POINT('',(45.267949192431,27.));
#11527 = CARTESIAN_POINT('',(47.,27.));
#11528 = ( GEOMETRIC_REPRESENTATION_CONTEXT(2) 
PARAMETRIC_REPRESENTATION_CONTEXT() REPRESENTATION_CONTEXT('2D SPACE',''
  ) );
#11529 = PCURVE('',#11530,#11535);
#11530 = CYLINDRICAL_SURFACE('',#11531,1.);
#11531 = AXIS2_PLACEMENT_3D('',#11532,#11533,#11534);
#11532 = CARTESIAN_POINT('',(-6.,2.,21.));
#11533 = DIRECTION('',(0.,-1.,2.22044604925E-16));
#11534 = DIRECTION('',(1.,0.,0.));
#11535 = DEFINITIONAL_REPRESENTATION('',(#11536),#11540);
#11536 = LINE('',#11537,#11538);
#11537 = CARTESIAN_POINT('',(0.,1.));
#11538 = VECTOR('',#11539,1.);
#11539 = DIRECTION('',(1.,0.));
#11540 = ( GEOMETRIC_REPRESENTATION_CONTEXT(2) 
PARAMETRIC_REPRESENTATION_CONTEXT() REPRESENTATION_CONTEXT('2D SPACE',''
  ) );
#11541 = FACE_BOUND('',#11542,.T.);
#11542 = EDGE_LOOP('',(#11543));
#11543 = ORIENTED_EDGE('',*,*,#11544,.T.);
#11544 = EDGE_CURVE('',#11545,#11545,#11547,.T.);
#11545 = VERTEX_POINT('',#11546);
#11546 = CARTESIAN_POINT('',(29.1,1.,-21.));
#11547 = SURFACE_CURVE('',#11548,(#11553,#11564),.PCURVE_S1.);
#11548 = CIRCLE('',#11549,2.1);
#11549 = AXIS2_PLACEMENT_3D('',#11550,#11551,#11552);
#11550 = CARTESIAN_POINT('',(27.,1.,-21.));
#11551 = DIRECTION('',(0.,-1.,2.22044604925E-16));
#11552 = DIRECTION('',(1.,0.,0.));
#11553 = PCURVE('',#10783,#11554);
#11554 = DEFINITIONAL_REPRESENTATION('',(#11555),#11563);
#11555 = ( BOUNDED_CURVE() B_SPLINE_CURVE(2,(#11556,#11557,#11558,#11559
    ,#11560,#11561,#11562),.UNSPECIFIED.,.T.,.F.) 
B_SPLINE_CURVE_WITH_KNOTS((1,2,2,2,2,1),(-2.094395102393,0.,
    2.094395102393,4.188790204786,6.28318530718,8.377580409573),
.UNSPECIFIED.) CURVE() GEOMETRIC_REPRESENTATION_ITEM() 
RATIONAL_B_SPLINE_CURVE((1.,0.5,1.,0.5,1.,0.5,1.)) REPRESENTATION_ITEM(
  '') );
#11556 = CARTESIAN_POINT('',(5.,61.1));
#11557 = CARTESIAN_POINT('',(8.637306695895,61.1));
#11558 = CARTESIAN_POINT('',(6.818653347947,57.95));
#11559 = CARTESIAN_POINT('',(5.,54.8));
#11560 = CARTESIAN_POINT('',(3.181346652053,57.95));
#11561 = CARTESIAN_POINT('',(1.362693304105,61.1));
#11562 = CARTESIAN_POINT('',(5.,61.1));
#11563 = ( GEOMETRIC_REPRESENTATION_CONTEXT(2) 
PARAMETRIC_REPRESENTATION_CONTEXT() REPRESENTATION_CONTEXT('2D SPACE',''
  ) );
#11564 = PCURVE('',#11565,#11570);
#11565 = CYLINDRICAL_SURFACE('',#11566,2.1);
#11566 = AXIS2_PLACEMENT_3D('',#11567,#11568,#11569);
#11567 = CARTESIAN_POINT('',(27.,2.,-21.));
#11568 = DIRECTION('',(0.,-1.,2.22044604925E-16));
#11569 = DIRECTION('',(1.,0.,0.));
#11570 = DEFINITIONAL_REPRESENTATION('',(#11571),#11575);
#11571 = LINE('',#11572,#11573);
#11572 = CARTESIAN_POINT('',(0.,1.));
#11573 = VECTOR('',#11574,1.);
#11574 = DIRECTION('',(1.,0.));
#11575 = ( GEOMETRIC_REPRESENTATION_CONTEXT(2) 
PARAMETRIC_REPRESENTATION_CONTEXT() REPRESENTATION_CONTEXT('2D SPACE',''
  ) );
#11576 = FACE_BOUND('',#11577,.T.);
#11577 = EDGE_LOOP('',(#11578));
#11578 = ORIENTED_EDGE('',*,*,#11579,.T.);
#11579 = EDGE_CURVE('',#11580,#11580,#11582,.T.);
#11580 = VERTEX_POINT('',#11581);
#11581 = CARTESIAN_POINT('',(7.,1.,21.));
#11582 = SURFACE_CURVE('',#11583,(#11588,#11599),.PCURVE_S1.);
#11583 = CIRCLE('',#11584,1.);
#11584 = AXIS2_PLACEMENT_3D('',#11585,#11586,#11587);
#11585 = CARTESIAN_POINT('',(6.,1.,21.));
#11586 = DIRECTION('',(0.,-1.,2.22044604925E-16));
#11587 = DIRECTION('',(1.,0.,0.));
#11588 = PCURVE('',#10783,#11589);
#11589 = DEFINITIONAL_REPRESENTATION('',(#11590),#11598);
#11590 = ( BOUNDED_CURVE() B_SPLINE_CURVE(2,(#11591,#11592,#11593,#11594
    ,#11595,#11596,#11597),.UNSPECIFIED.,.T.,.F.) 
B_SPLINE_CURVE_WITH_KNOTS((1,2,2,2,2,1),(-2.094395102393,0.,
    2.094395102393,4.188790204786,6.28318530718,8.377580409573),
.UNSPECIFIED.) CURVE() GEOMETRIC_REPRESENTATION_ITEM() 
RATIONAL_B_SPLINE_CURVE((1.,0.5,1.,0.5,1.,0.5,1.)) REPRESENTATION_ITEM(
  '') );
#11591 = CARTESIAN_POINT('',(47.,39.));
#11592 = CARTESIAN_POINT('',(48.732050807569,39.));
#11593 = CARTESIAN_POINT('',(47.866025403784,37.5));
#11594 = CARTESIAN_POINT('',(47.,36.));
#11595 = CARTESIAN_POINT('',(46.133974596216,37.5));
#11596 = CARTESIAN_POINT('',(45.267949192431,39.));
#11597 = CARTESIAN_POINT('',(47.,39.));
#11598 = ( GEOMETRIC_REPRESENTATION_CONTEXT(2) 
PARAMETRIC_REPRESENTATION_CONTEXT() REPRESENTATION_CONTEXT('2D SPACE',''
  ) );
#11599 = PCURVE('',#11600,#11605);
#11600 = CYLINDRICAL_SURFACE('',#11601,1.);
#11601 = AXIS2_PLACEMENT_3D('',#11602,#11603,#11604);
#11602 = CARTESIAN_POINT('',(6.,2.,21.));
#11603 = DIRECTION('',(0.,-1.,2.22044604925E-16));
#11604 = DIRECTION('',(1.,0.,0.));
#11605 = DEFINITIONAL_REPRESENTATION('',(#11606),#11610);
#11606 = LINE('',#11607,#11608);
#11607 = CARTESIAN_POINT('',(0.,1.));
#11608 = VECTOR('',#11609,1.);
#11609 = DIRECTION('',(1.,0.));
#11610 = ( GEOMETRIC_REPRESENTATION_CONTEXT(2) 
PARAMETRIC_REPRESENTATION_CONTEXT() REPRESENTATION_CONTEXT('2D SPACE',''
  ) );
#11611 = FACE_BOUND('',#11612,.T.);
#11612 = EDGE_LOOP('',(#11613));
#11613 = ORIENTED_EDGE('',*,*,#11614,.T.);
#11614 = EDGE_CURVE('',#11615,#11615,#11617,.T.);
#11615 = VERTEX_POINT('',#11616);
#11616 = CARTESIAN_POINT('',(29.1,1.,21.));
#11617 = SURFACE_CURVE('',#11618,(#11623,#11634),.PCURVE_S1.);
#11618 = CIRCLE('',#11619,2.1);
#11619 = AXIS2_PLACEMENT_3D('',#11620,#11621,#11622);
#11620 = CARTESIAN_POINT('',(27.,1.,21.));
#11621 = DIRECTION('',(0.,-1.,2.22044604925E-16));
#11622 = DIRECTION('',(1.,0.,0.));
#11623 = PCURVE('',#10783,#11624);
#11624 = DEFINITIONAL_REPRESENTATION('',(#11625),#11633);
#11625 = ( BOUNDED_CURVE() B_SPLINE_CURVE(2,(#11626,#11627,#11628,#11629
    ,#11630,#11631,#11632),.UNSPECIFIED.,.T.,.F.) 
B_SPLINE_CURVE_WITH_KNOTS((1,2,2,2,2,1),(-2.094395102393,0.,
    2.094395102393,4.188790204786,6.28318530718,8.377580409573),
.UNSPECIFIED.) CURVE() GEOMETRIC_REPRESENTATION_ITEM() 
RATIONAL_B_SPLINE_CURVE((1.,0.5,1.,0.5,1.,0.5,1.)) REPRESENTATION_ITEM(
  '') );
#11626 = CARTESIAN_POINT('',(47.,61.1));
#11627 = CARTESIAN_POINT('',(50.637306695895,61.1));
#11628 = CARTESIAN_POINT('',(48.818653347947,57.95));
#11629 = CARTESIAN_POINT('',(47.,54.8));
#11630 = CARTESIAN_POINT('',(45.181346652053,57.95));
#11631 = CARTESIAN_POINT('',(43.362693304105,61.1));
#11632 = CARTESIAN_POINT('',(47.,61.1));
#11633 = ( GEOMETRIC_REPRESENTATION_CONTEXT(2) 
PARAMETRIC_REPRESENTATION_CONTEXT() REPRESENTATION_CONTEXT('2D SPACE',''
  ) );
#11634 = PCURVE('',#11635,#11640);
#11635 = CYLINDRICAL_SURFACE('',#11636,2.1);
#11636 = AXIS2_PLACEMENT_3D('',#11637,#11638,#11639);
#11637 = CARTESIAN_POINT('',(27.,2.,21.));
#11638 = DIRECTION('',(0.,-1.,2.22044604925E-16));
#11639 = DIRECTION('',(1.,0.,0.));
#11640 = DEFINITIONAL_REPRESENTATION('',(#11641),#11645);
#11641 = LINE('',#11642,#11643);
#11642 = CARTESIAN_POINT('',(0.,1.));
#11643 = VECTOR('',#11644,1.);
#11644 = DIRECTION('',(1.,0.));
#11645 = ( GEOMETRIC_REPRESENTATION_CONTEXT(2) 
PARAMETRIC_REPRESENTATION_CONTEXT() REPRESENTATION_CONTEXT('2D SPACE',''
  ) );
#11646 = ADVANCED_FACE('',(#11647),#10842,.F.);
#11647 = FACE_BOUND('',#11648,.F.);
#11648 = EDGE_LOOP('',(#11649,#11650,#11651,#11652));
#11649 = ORIENTED_EDGE('',*,*,#11350,.F.);
#11650 = ORIENTED_EDGE('',*,*,#11247,.F.);
#11651 = ORIENTED_EDGE('',*,*,#10824,.T.);
#11652 = ORIENTED_EDGE('',*,*,#11653,.T.);
#11653 = EDGE_CURVE('',#10827,#11351,#11654,.T.);
#11654 = SURFACE_CURVE('',#11655,(#11659,#11666),.PCURVE_S1.);
#11655 = LINE('',#11656,#11657);
#11656 = CARTESIAN_POINT('',(28.,-13.,-26.));
#11657 = VECTOR('',#11658,1.);
#11658 = DIRECTION('',(-0.,1.,0.));
#11659 = PCURVE('',#10842,#11660);
#11660 = DEFINITIONAL_REPRESENTATION('',(#11661),#11665);
#11661 = LINE('',#11662,#11663);
#11662 = CARTESIAN_POINT('',(60.,0.));
#11663 = VECTOR('',#11664,1.);
#11664 = DIRECTION('',(0.,1.));
#11665 = ( GEOMETRIC_REPRESENTATION_CONTEXT(2) 
PARAMETRIC_REPRESENTATION_CONTEXT() REPRESENTATION_CONTEXT('2D SPACE',''
  ) );
#11666 = PCURVE('',#11009,#11667);
#11667 = DEFINITIONAL_REPRESENTATION('',(#11668),#11672);
#11668 = LINE('',#11669,#11670);
#11669 = CARTESIAN_POINT('',(1.570796326795,0.));
#11670 = VECTOR('',#11671,1.);
#11671 = DIRECTION('',(0.,1.));
#11672 = ( GEOMETRIC_REPRESENTATION_CONTEXT(2) 
PARAMETRIC_REPRESENTATION_CONTEXT() REPRESENTATION_CONTEXT('2D SPACE',''
  ) );
#11673 = ADVANCED_FACE('',(#11674),#11009,.T.);
#11674 = FACE_BOUND('',#11675,.T.);
#11675 = EDGE_LOOP('',(#11676,#11677,#11678,#11679));
#11676 = ORIENTED_EDGE('',*,*,#10994,.T.);
#11677 = ORIENTED_EDGE('',*,*,#11653,.T.);
#11678 = ORIENTED_EDGE('',*,*,#11450,.F.);
#11679 = ORIENTED_EDGE('',*,*,#11680,.F.);
#11680 = EDGE_CURVE('',#10967,#11428,#11681,.T.);
#11681 = SURFACE_CURVE('',#11682,(#11686,#11693),.PCURVE_S1.);
#11682 = LINE('',#11683,#11684);
#11683 = CARTESIAN_POINT('',(32.,-13.,-22.));
#11684 = VECTOR('',#11685,1.);
#11685 = DIRECTION('',(-0.,1.,0.));
#11686 = PCURVE('',#11009,#11687);
#11687 = DEFINITIONAL_REPRESENTATION('',(#11688),#11692);
#11688 = LINE('',#11689,#11690);
#11689 = CARTESIAN_POINT('',(0.,0.));
#11690 = VECTOR('',#11691,1.);
#11691 = DIRECTION('',(0.,1.));
#11692 = ( GEOMETRIC_REPRESENTATION_CONTEXT(2) 
PARAMETRIC_REPRESENTATION_CONTEXT() REPRESENTATION_CONTEXT('2D SPACE',''
  ) );
#11693 = PCURVE('',#10982,#11694);
#11694 = DEFINITIONAL_REPRESENTATION('',(#11695),#11699);
#11695 = LINE('',#11696,#11697);
#11696 = CARTESIAN_POINT('',(4.,0.));
#11697 = VECTOR('',#11698,1.);
#11698 = DIRECTION('',(0.,-1.));
#11699 = ( GEOMETRIC_REPRESENTATION_CONTEXT(2) 
PARAMETRIC_REPRESENTATION_CONTEXT() REPRESENTATION_CONTEXT('2D SPACE',''
  ) );
#11700 = ADVANCED_FACE('',(#11701),#10982,.T.);
#11701 = FACE_BOUND('',#11702,.T.);
#11702 = EDGE_LOOP('',(#11703,#11704,#11705,#11706));
#11703 = ORIENTED_EDGE('',*,*,#10966,.F.);
#11704 = ORIENTED_EDGE('',*,*,#11680,.T.);
#11705 = ORIENTED_EDGE('',*,*,#11427,.T.);
#11706 = ORIENTED_EDGE('',*,*,#11707,.F.);
#11707 = EDGE_CURVE('',#10934,#11400,#11708,.T.);
#11708 = SURFACE_CURVE('',#11709,(#11713,#11720),.PCURVE_S1.);
#11709 = LINE('',#11710,#11711);
#11710 = CARTESIAN_POINT('',(32.,-13.,22.));
#11711 = VECTOR('',#11712,1.);
#11712 = DIRECTION('',(-0.,1.,0.));
#11713 = PCURVE('',#10982,#11714);
#11714 = DEFINITIONAL_REPRESENTATION('',(#11715),#11719);
#11715 = LINE('',#11716,#11717);
#11716 = CARTESIAN_POINT('',(48.,0.));
#11717 = VECTOR('',#11718,1.);
#11718 = DIRECTION('',(0.,-1.));
#11719 = ( GEOMETRIC_REPRESENTATION_CONTEXT(2) 
PARAMETRIC_REPRESENTATION_CONTEXT() REPRESENTATION_CONTEXT('2D SPACE',''
  ) );
#11720 = PCURVE('',#10954,#11721);
#11721 = DEFINITIONAL_REPRESENTATION('',(#11722),#11726);
#11722 = LINE('',#11723,#11724);
#11723 = CARTESIAN_POINT('',(-0.,0.));
#11724 = VECTOR('',#11725,1.);
#11725 = DIRECTION('',(-0.,1.));
#11726 = ( GEOMETRIC_REPRESENTATION_CONTEXT(2) 
PARAMETRIC_REPRESENTATION_CONTEXT() REPRESENTATION_CONTEXT('2D SPACE',''
  ) );
#11727 = ADVANCED_FACE('',(#11728),#10954,.T.);
#11728 = FACE_BOUND('',#11729,.F.);
#11729 = EDGE_LOOP('',(#11730,#11731,#11752,#11753));
#11730 = ORIENTED_EDGE('',*,*,#10933,.T.);
#11731 = ORIENTED_EDGE('',*,*,#11732,.T.);
#11732 = EDGE_CURVE('',#10906,#11377,#11733,.T.);
#11733 = SURFACE_CURVE('',#11734,(#11738,#11745),.PCURVE_S1.);
#11734 = LINE('',#11735,#11736);
#11735 = CARTESIAN_POINT('',(28.,-13.,26.));
#11736 = VECTOR('',#11737,1.);
#11737 = DIRECTION('',(-0.,1.,0.));
#11738 = PCURVE('',#10954,#11739);
#11739 = DEFINITIONAL_REPRESENTATION('',(#11740),#11744);
#11740 = LINE('',#11741,#11742);
#11741 = CARTESIAN_POINT('',(-1.570796326795,0.));
#11742 = VECTOR('',#11743,1.);
#11743 = DIRECTION('',(-0.,1.));
#11744 = ( GEOMETRIC_REPRESENTATION_CONTEXT(2) 
PARAMETRIC_REPRESENTATION_CONTEXT() REPRESENTATION_CONTEXT('2D SPACE',''
  ) );
#11745 = PCURVE('',#10921,#11746);
#11746 = DEFINITIONAL_REPRESENTATION('',(#11747),#11751);
#11747 = LINE('',#11748,#11749);
#11748 = CARTESIAN_POINT('',(60.,0.));
#11749 = VECTOR('',#11750,1.);
#11750 = DIRECTION('',(0.,1.));
#11751 = ( GEOMETRIC_REPRESENTATION_CONTEXT(2) 
PARAMETRIC_REPRESENTATION_CONTEXT() REPRESENTATION_CONTEXT('2D SPACE',''
  ) );
#11752 = ORIENTED_EDGE('',*,*,#11399,.F.);
#11753 = ORIENTED_EDGE('',*,*,#11707,.F.);
#11754 = ADVANCED_FACE('',(#11755),#10921,.T.);
#11755 = FACE_BOUND('',#11756,.T.);
#11756 = EDGE_LOOP('',(#11757,#11758,#11759,#11760));
#11757 = ORIENTED_EDGE('',*,*,#11376,.F.);
#11758 = ORIENTED_EDGE('',*,*,#11301,.F.);
#11759 = ORIENTED_EDGE('',*,*,#10905,.T.);
#11760 = ORIENTED_EDGE('',*,*,#11732,.T.);
#11761 = ADVANCED_FACE('',(#11762),#11042,.F.);
#11762 = FACE_BOUND('',#11763,.F.);
#11763 = EDGE_LOOP('',(#11764,#11787,#11788,#11811));
#11764 = ORIENTED_EDGE('',*,*,#11765,.F.);
#11765 = EDGE_CURVE('',#11024,#11766,#11768,.T.);
#11766 = VERTEX_POINT('',#11767);
#11767 = CARTESIAN_POINT('',(-30.,-1.,22.));
#11768 = SURFACE_CURVE('',#11769,(#11773,#11780),.PCURVE_S1.);
#11769 = LINE('',#11770,#11771);
#11770 = CARTESIAN_POINT('',(-30.,-14.,22.));
#11771 = VECTOR('',#11772,1.);
#11772 = DIRECTION('',(-0.,1.,0.));
#11773 = PCURVE('',#11042,#11774);
#11774 = DEFINITIONAL_REPRESENTATION('',(#11775),#11779);
#11775 = LINE('',#11776,#11777);
#11776 = CARTESIAN_POINT('',(0.,0.));
#11777 = VECTOR('',#11778,1.);
#11778 = DIRECTION('',(0.,1.));
#11779 = ( GEOMETRIC_REPRESENTATION_CONTEXT(2) 
PARAMETRIC_REPRESENTATION_CONTEXT() REPRESENTATION_CONTEXT('2D SPACE',''
  ) );
#11780 = PCURVE('',#11069,#11781);
#11781 = DEFINITIONAL_REPRESENTATION('',(#11782),#11786);
#11782 = LINE('',#11783,#11784);
#11783 = CARTESIAN_POINT('',(46.,0.));
#11784 = VECTOR('',#11785,1.);
#11785 = DIRECTION('',(0.,-1.));
#11786 = ( GEOMETRIC_REPRESENTATION_CONTEXT(2) 
PARAMETRIC_REPRESENTATION_CONTEXT() REPRESENTATION_CONTEXT('2D SPACE',''
  ) );
#11787 = ORIENTED_EDGE('',*,*,#11023,.T.);
#11788 = ORIENTED_EDGE('',*,*,#11789,.T.);
#11789 = EDGE_CURVE('',#11026,#11790,#11792,.T.);
#11790 = VERTEX_POINT('',#11791);
#11791 = CARTESIAN_POINT('',(-28.,-1.,24.));
#11792 = SURFACE_CURVE('',#11793,(#11797,#11804),.PCURVE_S1.);
#11793 = LINE('',#11794,#11795);
#11794 = CARTESIAN_POINT('',(-28.,-14.,24.));
#11795 = VECTOR('',#11796,1.);
#11796 = DIRECTION('',(-0.,1.,0.));
#11797 = PCURVE('',#11042,#11798);
#11798 = DEFINITIONAL_REPRESENTATION('',(#11799),#11803);
#11799 = LINE('',#11800,#11801);
#11800 = CARTESIAN_POINT('',(1.570796326795,0.));
#11801 = VECTOR('',#11802,1.);
#11802 = DIRECTION('',(0.,1.));
#11803 = ( GEOMETRIC_REPRESENTATION_CONTEXT(2) 
PARAMETRIC_REPRESENTATION_CONTEXT() REPRESENTATION_CONTEXT('2D SPACE',''
  ) );
#11804 = PCURVE('',#11232,#11805);
#11805 = DEFINITIONAL_REPRESENTATION('',(#11806),#11810);
#11806 = LINE('',#11807,#11808);
#11807 = CARTESIAN_POINT('',(2.,0.));
#11808 = VECTOR('',#11809,1.);
#11809 = DIRECTION('',(0.,1.));
#11810 = ( GEOMETRIC_REPRESENTATION_CONTEXT(2) 
PARAMETRIC_REPRESENTATION_CONTEXT() REPRESENTATION_CONTEXT('2D SPACE',''
  ) );
#11811 = ORIENTED_EDGE('',*,*,#11812,.F.);
#11812 = EDGE_CURVE('',#11766,#11790,#11813,.T.);
#11813 = SURFACE_CURVE('',#11814,(#11819,#11826),.PCURVE_S1.);
#11814 = CIRCLE('',#11815,2.);
#11815 = AXIS2_PLACEMENT_3D('',#11816,#11817,#11818);
#11816 = CARTESIAN_POINT('',(-28.,-1.,22.));
#11817 = DIRECTION('',(-0.,1.,0.));
#11818 = DIRECTION('',(0.,0.,1.));
#11819 = PCURVE('',#11042,#11820);
#11820 = DEFINITIONAL_REPRESENTATION('',(#11821),#11825);
#11821 = LINE('',#11822,#11823);
#11822 = CARTESIAN_POINT('',(-4.712388980385,13.));
#11823 = VECTOR('',#11824,1.);
#11824 = DIRECTION('',(1.,0.));
#11825 = ( GEOMETRIC_REPRESENTATION_CONTEXT(2) 
PARAMETRIC_REPRESENTATION_CONTEXT() REPRESENTATION_CONTEXT('2D SPACE',''
  ) );
#11826 = PCURVE('',#11827,#11832);
#11827 = PLANE('',#11828);
#11828 = AXIS2_PLACEMENT_3D('',#11829,#11830,#11831);
#11829 = CARTESIAN_POINT('',(-30.,-1.,-24.));
#11830 = DIRECTION('',(-0.,1.,0.));
#11831 = DIRECTION('',(0.,0.,1.));
#11832 = DEFINITIONAL_REPRESENTATION('',(#11833),#11837);
#11833 = CIRCLE('',#11834,2.);
#11834 = AXIS2_PLACEMENT_2D('',#11835,#11836);
#11835 = CARTESIAN_POINT('',(46.,2.));
#11836 = DIRECTION('',(1.,0.));
#11837 = ( GEOMETRIC_REPRESENTATION_CONTEXT(2) 
PARAMETRIC_REPRESENTATION_CONTEXT() REPRESENTATION_CONTEXT('2D SPACE',''
  ) );
#11838 = ADVANCED_FACE('',(#11839),#11232,.F.);
#11839 = FACE_BOUND('',#11840,.F.);
#11840 = EDGE_LOOP('',(#11841,#11864,#11865,#11866));
#11841 = ORIENTED_EDGE('',*,*,#11842,.F.);
#11842 = EDGE_CURVE('',#11790,#11843,#11845,.T.);
#11843 = VERTEX_POINT('',#11844);
#11844 = CARTESIAN_POINT('',(28.,-1.,24.));
#11845 = SURFACE_CURVE('',#11846,(#11850,#11857),.PCURVE_S1.);
#11846 = LINE('',#11847,#11848);
#11847 = CARTESIAN_POINT('',(-30.,-1.,24.));
#11848 = VECTOR('',#11849,1.);
#11849 = DIRECTION('',(1.,0.,-0.));
#11850 = PCURVE('',#11232,#11851);
#11851 = DEFINITIONAL_REPRESENTATION('',(#11852),#11856);
#11852 = LINE('',#11853,#11854);
#11853 = CARTESIAN_POINT('',(0.,13.));
#11854 = VECTOR('',#11855,1.);
#11855 = DIRECTION('',(1.,0.));
#11856 = ( GEOMETRIC_REPRESENTATION_CONTEXT(2) 
PARAMETRIC_REPRESENTATION_CONTEXT() REPRESENTATION_CONTEXT('2D SPACE',''
  ) );
#11857 = PCURVE('',#11827,#11858);
#11858 = DEFINITIONAL_REPRESENTATION('',(#11859),#11863);
#11859 = LINE('',#11860,#11861);
#11860 = CARTESIAN_POINT('',(48.,0.));
#11861 = VECTOR('',#11862,1.);
#11862 = DIRECTION('',(0.,1.));
#11863 = ( GEOMETRIC_REPRESENTATION_CONTEXT(2) 
PARAMETRIC_REPRESENTATION_CONTEXT() REPRESENTATION_CONTEXT('2D SPACE',''
  ) );
#11864 = ORIENTED_EDGE('',*,*,#11789,.F.);
#11865 = ORIENTED_EDGE('',*,*,#11219,.T.);
#11866 = ORIENTED_EDGE('',*,*,#11867,.T.);
#11867 = EDGE_CURVE('',#11191,#11843,#11868,.T.);
#11868 = SURFACE_CURVE('',#11869,(#11873,#11880),.PCURVE_S1.);
#11869 = LINE('',#11870,#11871);
#11870 = CARTESIAN_POINT('',(28.,-14.,24.));
#11871 = VECTOR('',#11872,1.);
#11872 = DIRECTION('',(-0.,1.,0.));
#11873 = PCURVE('',#11232,#11874);
#11874 = DEFINITIONAL_REPRESENTATION('',(#11875),#11879);
#11875 = LINE('',#11876,#11877);
#11876 = CARTESIAN_POINT('',(58.,0.));
#11877 = VECTOR('',#11878,1.);
#11878 = DIRECTION('',(0.,1.));
#11879 = ( GEOMETRIC_REPRESENTATION_CONTEXT(2) 
PARAMETRIC_REPRESENTATION_CONTEXT() REPRESENTATION_CONTEXT('2D SPACE',''
  ) );
#11880 = PCURVE('',#11207,#11881);
#11881 = DEFINITIONAL_REPRESENTATION('',(#11882),#11886);
#11882 = LINE('',#11883,#11884);
#11883 = CARTESIAN_POINT('',(-1.570796326795,0.));
#11884 = VECTOR('',#11885,1.);
#11885 = DIRECTION('',(-0.,1.));
#11886 = ( GEOMETRIC_REPRESENTATION_CONTEXT(2) 
PARAMETRIC_REPRESENTATION_CONTEXT() REPRESENTATION_CONTEXT('2D SPACE',''
  ) );
#11887 = ADVANCED_FACE('',(#11888),#11207,.F.);
#11888 = FACE_BOUND('',#11889,.T.);
#11889 = EDGE_LOOP('',(#11890,#11913,#11914,#11915));
#11890 = ORIENTED_EDGE('',*,*,#11891,.F.);
#11891 = EDGE_CURVE('',#11165,#11892,#11894,.T.);
#11892 = VERTEX_POINT('',#11893);
#11893 = CARTESIAN_POINT('',(30.,-1.,22.));
#11894 = SURFACE_CURVE('',#11895,(#11899,#11906),.PCURVE_S1.);
#11895 = LINE('',#11896,#11897);
#11896 = CARTESIAN_POINT('',(30.,-14.,22.));
#11897 = VECTOR('',#11898,1.);
#11898 = DIRECTION('',(-0.,1.,0.));
#11899 = PCURVE('',#11207,#11900);
#11900 = DEFINITIONAL_REPRESENTATION('',(#11901),#11905);
#11901 = LINE('',#11902,#11903);
#11902 = CARTESIAN_POINT('',(-0.,0.));
#11903 = VECTOR('',#11904,1.);
#11904 = DIRECTION('',(-0.,1.));
#11905 = ( GEOMETRIC_REPRESENTATION_CONTEXT(2) 
PARAMETRIC_REPRESENTATION_CONTEXT() REPRESENTATION_CONTEXT('2D SPACE',''
  ) );
#11906 = PCURVE('',#11179,#11907);
#11907 = DEFINITIONAL_REPRESENTATION('',(#11908),#11912);
#11908 = LINE('',#11909,#11910);
#11909 = CARTESIAN_POINT('',(46.,0.));
#11910 = VECTOR('',#11911,1.);
#11911 = DIRECTION('',(0.,-1.));
#11912 = ( GEOMETRIC_REPRESENTATION_CONTEXT(2) 
PARAMETRIC_REPRESENTATION_CONTEXT() REPRESENTATION_CONTEXT('2D SPACE',''
  ) );
#11913 = ORIENTED_EDGE('',*,*,#11190,.F.);
#11914 = ORIENTED_EDGE('',*,*,#11867,.T.);
#11915 = ORIENTED_EDGE('',*,*,#11916,.F.);
#11916 = EDGE_CURVE('',#11892,#11843,#11917,.T.);
#11917 = SURFACE_CURVE('',#11918,(#11923,#11930),.PCURVE_S1.);
#11918 = CIRCLE('',#11919,2.);
#11919 = AXIS2_PLACEMENT_3D('',#11920,#11921,#11922);
#11920 = CARTESIAN_POINT('',(28.,-1.,22.));
#11921 = DIRECTION('',(0.,-1.,0.));
#11922 = DIRECTION('',(0.,0.,1.));
#11923 = PCURVE('',#11207,#11924);
#11924 = DEFINITIONAL_REPRESENTATION('',(#11925),#11929);
#11925 = LINE('',#11926,#11927);
#11926 = CARTESIAN_POINT('',(4.712388980385,13.));
#11927 = VECTOR('',#11928,1.);
#11928 = DIRECTION('',(-1.,0.));
#11929 = ( GEOMETRIC_REPRESENTATION_CONTEXT(2) 
PARAMETRIC_REPRESENTATION_CONTEXT() REPRESENTATION_CONTEXT('2D SPACE',''
  ) );
#11930 = PCURVE('',#11827,#11931);
#11931 = DEFINITIONAL_REPRESENTATION('',(#11932),#11940);
#11932 = ( BOUNDED_CURVE() B_SPLINE_CURVE(2,(#11933,#11934,#11935,#11936
    ,#11937,#11938,#11939),.UNSPECIFIED.,.T.,.F.) 
B_SPLINE_CURVE_WITH_KNOTS((1,2,2,2,2,1),(-2.094395102393,0.,
    2.094395102393,4.188790204786,6.28318530718,8.377580409573),
.UNSPECIFIED.) CURVE() GEOMETRIC_REPRESENTATION_ITEM() 
RATIONAL_B_SPLINE_CURVE((1.,0.5,1.,0.5,1.,0.5,1.)) REPRESENTATION_ITEM(
  '') );
#11933 = CARTESIAN_POINT('',(48.,58.));
#11934 = CARTESIAN_POINT('',(48.,54.535898384862));
#11935 = CARTESIAN_POINT('',(45.,56.267949192431));
#11936 = CARTESIAN_POINT('',(42.,58.));
#11937 = CARTESIAN_POINT('',(45.,59.732050807569));
#11938 = CARTESIAN_POINT('',(48.,61.464101615138));
#11939 = CARTESIAN_POINT('',(48.,58.));
#11940 = ( GEOMETRIC_REPRESENTATION_CONTEXT(2) 
PARAMETRIC_REPRESENTATION_CONTEXT() REPRESENTATION_CONTEXT('2D SPACE',''
  ) );
#11941 = ADVANCED_FACE('',(#11942),#11179,.F.);
#11942 = FACE_BOUND('',#11943,.F.);
#11943 = EDGE_LOOP('',(#11944,#11945,#11968,#11989));
#11944 = ORIENTED_EDGE('',*,*,#11164,.T.);
#11945 = ORIENTED_EDGE('',*,*,#11946,.T.);
#11946 = EDGE_CURVE('',#11136,#11947,#11949,.T.);
#11947 = VERTEX_POINT('',#11948);
#11948 = CARTESIAN_POINT('',(30.,-1.,-22.));
#11949 = SURFACE_CURVE('',#11950,(#11954,#11961),.PCURVE_S1.);
#11950 = LINE('',#11951,#11952);
#11951 = CARTESIAN_POINT('',(30.,-14.,-22.));
#11952 = VECTOR('',#11953,1.);
#11953 = DIRECTION('',(-0.,1.,0.));
#11954 = PCURVE('',#11179,#11955);
#11955 = DEFINITIONAL_REPRESENTATION('',(#11956),#11960);
#11956 = LINE('',#11957,#11958);
#11957 = CARTESIAN_POINT('',(2.,0.));
#11958 = VECTOR('',#11959,1.);
#11959 = DIRECTION('',(0.,-1.));
#11960 = ( GEOMETRIC_REPRESENTATION_CONTEXT(2) 
PARAMETRIC_REPRESENTATION_CONTEXT() REPRESENTATION_CONTEXT('2D SPACE',''
  ) );
#11961 = PCURVE('',#11152,#11962);
#11962 = DEFINITIONAL_REPRESENTATION('',(#11963),#11967);
#11963 = LINE('',#11964,#11965);
#11964 = CARTESIAN_POINT('',(0.,0.));
#11965 = VECTOR('',#11966,1.);
#11966 = DIRECTION('',(0.,1.));
#11967 = ( GEOMETRIC_REPRESENTATION_CONTEXT(2) 
PARAMETRIC_REPRESENTATION_CONTEXT() REPRESENTATION_CONTEXT('2D SPACE',''
  ) );
#11968 = ORIENTED_EDGE('',*,*,#11969,.T.);
#11969 = EDGE_CURVE('',#11947,#11892,#11970,.T.);
#11970 = SURFACE_CURVE('',#11971,(#11975,#11982),.PCURVE_S1.);
#11971 = LINE('',#11972,#11973);
#11972 = CARTESIAN_POINT('',(30.,-1.,-24.));
#11973 = VECTOR('',#11974,1.);
#11974 = DIRECTION('',(0.,0.,1.));
#11975 = PCURVE('',#11179,#11976);
#11976 = DEFINITIONAL_REPRESENTATION('',(#11977),#11981);
#11977 = LINE('',#11978,#11979);
#11978 = CARTESIAN_POINT('',(0.,-13.));
#11979 = VECTOR('',#11980,1.);
#11980 = DIRECTION('',(1.,0.));
#11981 = ( GEOMETRIC_REPRESENTATION_CONTEXT(2) 
PARAMETRIC_REPRESENTATION_CONTEXT() REPRESENTATION_CONTEXT('2D SPACE',''
  ) );
#11982 = PCURVE('',#11827,#11983);
#11983 = DEFINITIONAL_REPRESENTATION('',(#11984),#11988);
#11984 = LINE('',#11985,#11986);
#11985 = CARTESIAN_POINT('',(0.,60.));
#11986 = VECTOR('',#11987,1.);
#11987 = DIRECTION('',(1.,0.));
#11988 = ( GEOMETRIC_REPRESENTATION_CONTEXT(2) 
PARAMETRIC_REPRESENTATION_CONTEXT() REPRESENTATION_CONTEXT('2D SPACE',''
  ) );
#11989 = ORIENTED_EDGE('',*,*,#11891,.F.);
#11990 = ADVANCED_FACE('',(#11991),#11152,.F.);
#11991 = FACE_BOUND('',#11992,.F.);
#11992 = EDGE_LOOP('',(#11993,#11994,#11995,#12018));
#11993 = ORIENTED_EDGE('',*,*,#11946,.F.);
#11994 = ORIENTED_EDGE('',*,*,#11135,.T.);
#11995 = ORIENTED_EDGE('',*,*,#11996,.T.);
#11996 = EDGE_CURVE('',#11110,#11997,#11999,.T.);
#11997 = VERTEX_POINT('',#11998);
#11998 = CARTESIAN_POINT('',(28.,-1.,-24.));
#11999 = SURFACE_CURVE('',#12000,(#12004,#12011),.PCURVE_S1.);
#12000 = LINE('',#12001,#12002);
#12001 = CARTESIAN_POINT('',(28.,-14.,-24.));
#12002 = VECTOR('',#12003,1.);
#12003 = DIRECTION('',(-0.,1.,0.));
#12004 = PCURVE('',#11152,#12005);
#12005 = DEFINITIONAL_REPRESENTATION('',(#12006),#12010);
#12006 = LINE('',#12007,#12008);
#12007 = CARTESIAN_POINT('',(1.570796326795,0.));
#12008 = VECTOR('',#12009,1.);
#12009 = DIRECTION('',(0.,1.));
#12010 = ( GEOMETRIC_REPRESENTATION_CONTEXT(2) 
PARAMETRIC_REPRESENTATION_CONTEXT() REPRESENTATION_CONTEXT('2D SPACE',''
  ) );
#12011 = PCURVE('',#11124,#12012);
#12012 = DEFINITIONAL_REPRESENTATION('',(#12013),#12017);
#12013 = LINE('',#12014,#12015);
#12014 = CARTESIAN_POINT('',(58.,0.));
#12015 = VECTOR('',#12016,1.);
#12016 = DIRECTION('',(0.,1.));
#12017 = ( GEOMETRIC_REPRESENTATION_CONTEXT(2) 
PARAMETRIC_REPRESENTATION_CONTEXT() REPRESENTATION_CONTEXT('2D SPACE',''
  ) );
#12018 = ORIENTED_EDGE('',*,*,#12019,.F.);
#12019 = EDGE_CURVE('',#11947,#11997,#12020,.T.);
#12020 = SURFACE_CURVE('',#12021,(#12026,#12033),.PCURVE_S1.);
#12021 = CIRCLE('',#12022,2.);
#12022 = AXIS2_PLACEMENT_3D('',#12023,#12024,#12025);
#12023 = CARTESIAN_POINT('',(28.,-1.,-22.));
#12024 = DIRECTION('',(-0.,1.,0.));
#12025 = DIRECTION('',(0.,0.,1.));
#12026 = PCURVE('',#11152,#12027);
#12027 = DEFINITIONAL_REPRESENTATION('',(#12028),#12032);
#12028 = LINE('',#12029,#12030);
#12029 = CARTESIAN_POINT('',(-1.570796326795,13.));
#12030 = VECTOR('',#12031,1.);
#12031 = DIRECTION('',(1.,0.));
#12032 = ( GEOMETRIC_REPRESENTATION_CONTEXT(2) 
PARAMETRIC_REPRESENTATION_CONTEXT() REPRESENTATION_CONTEXT('2D SPACE',''
  ) );
#12033 = PCURVE('',#11827,#12034);
#12034 = DEFINITIONAL_REPRESENTATION('',(#12035),#12039);
#12035 = CIRCLE('',#12036,2.);
#12036 = AXIS2_PLACEMENT_2D('',#12037,#12038);
#12037 = CARTESIAN_POINT('',(2.,58.));
#12038 = DIRECTION('',(1.,0.));
#12039 = ( GEOMETRIC_REPRESENTATION_CONTEXT(2) 
PARAMETRIC_REPRESENTATION_CONTEXT() REPRESENTATION_CONTEXT('2D SPACE',''
  ) );
#12040 = ADVANCED_FACE('',(#12041),#11124,.T.);
#12041 = FACE_BOUND('',#12042,.T.);
#12042 = EDGE_LOOP('',(#12043,#12066,#12087,#12088));
#12043 = ORIENTED_EDGE('',*,*,#12044,.F.);
#12044 = EDGE_CURVE('',#12045,#11997,#12047,.T.);
#12045 = VERTEX_POINT('',#12046);
#12046 = CARTESIAN_POINT('',(-28.,-1.,-24.));
#12047 = SURFACE_CURVE('',#12048,(#12052,#12059),.PCURVE_S1.);
#12048 = LINE('',#12049,#12050);
#12049 = CARTESIAN_POINT('',(-30.,-1.,-24.));
#12050 = VECTOR('',#12051,1.);
#12051 = DIRECTION('',(1.,0.,-0.));
#12052 = PCURVE('',#11124,#12053);
#12053 = DEFINITIONAL_REPRESENTATION('',(#12054),#12058);
#12054 = LINE('',#12055,#12056);
#12055 = CARTESIAN_POINT('',(0.,13.));
#12056 = VECTOR('',#12057,1.);
#12057 = DIRECTION('',(1.,0.));
#12058 = ( GEOMETRIC_REPRESENTATION_CONTEXT(2) 
PARAMETRIC_REPRESENTATION_CONTEXT() REPRESENTATION_CONTEXT('2D SPACE',''
  ) );
#12059 = PCURVE('',#11827,#12060);
#12060 = DEFINITIONAL_REPRESENTATION('',(#12061),#12065);
#12061 = LINE('',#12062,#12063);
#12062 = CARTESIAN_POINT('',(0.,0.));
#12063 = VECTOR('',#12064,1.);
#12064 = DIRECTION('',(0.,1.));
#12065 = ( GEOMETRIC_REPRESENTATION_CONTEXT(2) 
PARAMETRIC_REPRESENTATION_CONTEXT() REPRESENTATION_CONTEXT('2D SPACE',''
  ) );
#12066 = ORIENTED_EDGE('',*,*,#12067,.F.);
#12067 = EDGE_CURVE('',#11081,#12045,#12068,.T.);
#12068 = SURFACE_CURVE('',#12069,(#12073,#12080),.PCURVE_S1.);
#12069 = LINE('',#12070,#12071);
#12070 = CARTESIAN_POINT('',(-28.,-14.,-24.));
#12071 = VECTOR('',#12072,1.);
#12072 = DIRECTION('',(-0.,1.,0.));
#12073 = PCURVE('',#11124,#12074);
#12074 = DEFINITIONAL_REPRESENTATION('',(#12075),#12079);
#12075 = LINE('',#12076,#12077);
#12076 = CARTESIAN_POINT('',(2.,0.));
#12077 = VECTOR('',#12078,1.);
#12078 = DIRECTION('',(0.,1.));
#12079 = ( GEOMETRIC_REPRESENTATION_CONTEXT(2) 
PARAMETRIC_REPRESENTATION_CONTEXT() REPRESENTATION_CONTEXT('2D SPACE',''
  ) );
#12080 = PCURVE('',#11097,#12081);
#12081 = DEFINITIONAL_REPRESENTATION('',(#12082),#12086);
#12082 = LINE('',#12083,#12084);
#12083 = CARTESIAN_POINT('',(-1.570796326795,0.));
#12084 = VECTOR('',#12085,1.);
#12085 = DIRECTION('',(-0.,1.));
#12086 = ( GEOMETRIC_REPRESENTATION_CONTEXT(2) 
PARAMETRIC_REPRESENTATION_CONTEXT() REPRESENTATION_CONTEXT('2D SPACE',''
  ) );
#12087 = ORIENTED_EDGE('',*,*,#11109,.T.);
#12088 = ORIENTED_EDGE('',*,*,#11996,.T.);
#12089 = ADVANCED_FACE('',(#12090),#11097,.F.);
#12090 = FACE_BOUND('',#12091,.T.);
#12091 = EDGE_LOOP('',(#12092,#12115,#12116,#12117));
#12092 = ORIENTED_EDGE('',*,*,#12093,.F.);
#12093 = EDGE_CURVE('',#11055,#12094,#12096,.T.);
#12094 = VERTEX_POINT('',#12095);
#12095 = CARTESIAN_POINT('',(-30.,-1.,-22.));
#12096 = SURFACE_CURVE('',#12097,(#12101,#12108),.PCURVE_S1.);
#12097 = LINE('',#12098,#12099);
#12098 = CARTESIAN_POINT('',(-30.,-14.,-22.));
#12099 = VECTOR('',#12100,1.);
#12100 = DIRECTION('',(-0.,1.,0.));
#12101 = PCURVE('',#11097,#12102);
#12102 = DEFINITIONAL_REPRESENTATION('',(#12103),#12107);
#12103 = LINE('',#12104,#12105);
#12104 = CARTESIAN_POINT('',(-0.,0.));
#12105 = VECTOR('',#12106,1.);
#12106 = DIRECTION('',(-0.,1.));
#12107 = ( GEOMETRIC_REPRESENTATION_CONTEXT(2) 
PARAMETRIC_REPRESENTATION_CONTEXT() REPRESENTATION_CONTEXT('2D SPACE',''
  ) );
#12108 = PCURVE('',#11069,#12109);
#12109 = DEFINITIONAL_REPRESENTATION('',(#12110),#12114);
#12110 = LINE('',#12111,#12112);
#12111 = CARTESIAN_POINT('',(2.,0.));
#12112 = VECTOR('',#12113,1.);
#12113 = DIRECTION('',(0.,-1.));
#12114 = ( GEOMETRIC_REPRESENTATION_CONTEXT(2) 
PARAMETRIC_REPRESENTATION_CONTEXT() REPRESENTATION_CONTEXT('2D SPACE',''
  ) );
#12115 = ORIENTED_EDGE('',*,*,#11080,.F.);
#12116 = ORIENTED_EDGE('',*,*,#12067,.T.);
#12117 = ORIENTED_EDGE('',*,*,#12118,.F.);
#12118 = EDGE_CURVE('',#12094,#12045,#12119,.T.);
#12119 = SURFACE_CURVE('',#12120,(#12125,#12132),.PCURVE_S1.);
#12120 = CIRCLE('',#12121,2.);
#12121 = AXIS2_PLACEMENT_3D('',#12122,#12123,#12124);
#12122 = CARTESIAN_POINT('',(-28.,-1.,-22.));
#12123 = DIRECTION('',(0.,-1.,0.));
#12124 = DIRECTION('',(0.,0.,1.));
#12125 = PCURVE('',#11097,#12126);
#12126 = DEFINITIONAL_REPRESENTATION('',(#12127),#12131);
#12127 = LINE('',#12128,#12129);
#12128 = CARTESIAN_POINT('',(1.570796326795,13.));
#12129 = VECTOR('',#12130,1.);
#12130 = DIRECTION('',(-1.,0.));
#12131 = ( GEOMETRIC_REPRESENTATION_CONTEXT(2) 
PARAMETRIC_REPRESENTATION_CONTEXT() REPRESENTATION_CONTEXT('2D SPACE',''
  ) );
#12132 = PCURVE('',#11827,#12133);
#12133 = DEFINITIONAL_REPRESENTATION('',(#12134),#12142);
#12134 = ( BOUNDED_CURVE() B_SPLINE_CURVE(2,(#12135,#12136,#12137,#12138
    ,#12139,#12140,#12141),.UNSPECIFIED.,.T.,.F.) 
B_SPLINE_CURVE_WITH_KNOTS((1,2,2,2,2,1),(-2.094395102393,0.,
    2.094395102393,4.188790204786,6.28318530718,8.377580409573),
.UNSPECIFIED.) CURVE() GEOMETRIC_REPRESENTATION_ITEM() 
RATIONAL_B_SPLINE_CURVE((1.,0.5,1.,0.5,1.,0.5,1.)) REPRESENTATION_ITEM(
  '') );
#12135 = CARTESIAN_POINT('',(4.,2.));
#12136 = CARTESIAN_POINT('',(4.,-1.464101615138));
#12137 = CARTESIAN_POINT('',(1.,0.267949192431));
#12138 = CARTESIAN_POINT('',(-2.,2.));
#12139 = CARTESIAN_POINT('',(1.,3.732050807569));
#12140 = CARTESIAN_POINT('',(4.,5.464101615138));
#12141 = CARTESIAN_POINT('',(4.,2.));
#12142 = ( GEOMETRIC_REPRESENTATION_CONTEXT(2) 
PARAMETRIC_REPRESENTATION_CONTEXT() REPRESENTATION_CONTEXT('2D SPACE',''
  ) );
#12143 = ADVANCED_FACE('',(#12144),#11069,.T.);
#12144 = FACE_BOUND('',#12145,.T.);
#12145 = EDGE_LOOP('',(#12146,#12147,#12148,#12169));
#12146 = ORIENTED_EDGE('',*,*,#11054,.T.);
#12147 = ORIENTED_EDGE('',*,*,#12093,.T.);
#12148 = ORIENTED_EDGE('',*,*,#12149,.T.);
#12149 = EDGE_CURVE('',#12094,#11766,#12150,.T.);
#12150 = SURFACE_CURVE('',#12151,(#12155,#12162),.PCURVE_S1.);
#12151 = LINE('',#12152,#12153);
#12152 = CARTESIAN_POINT('',(-30.,-1.,-24.));
#12153 = VECTOR('',#12154,1.);
#12154 = DIRECTION('',(0.,0.,1.));
#12155 = PCURVE('',#11069,#12156);
#12156 = DEFINITIONAL_REPRESENTATION('',(#12157),#12161);
#12157 = LINE('',#12158,#12159);
#12158 = CARTESIAN_POINT('',(0.,-13.));
#12159 = VECTOR('',#12160,1.);
#12160 = DIRECTION('',(1.,0.));
#12161 = ( GEOMETRIC_REPRESENTATION_CONTEXT(2) 
PARAMETRIC_REPRESENTATION_CONTEXT() REPRESENTATION_CONTEXT('2D SPACE',''
  ) );
#12162 = PCURVE('',#11827,#12163);
#12163 = DEFINITIONAL_REPRESENTATION('',(#12164),#12168);
#12164 = LINE('',#12165,#12166);
#12165 = CARTESIAN_POINT('',(0.,0.));
#12166 = VECTOR('',#12167,1.);
#12167 = DIRECTION('',(1.,0.));
#12168 = ( GEOMETRIC_REPRESENTATION_CONTEXT(2) 
PARAMETRIC_REPRESENTATION_CONTEXT() REPRESENTATION_CONTEXT('2D SPACE',''
  ) );
#12169 = ORIENTED_EDGE('',*,*,#11765,.F.);
#12170 = ADVANCED_FACE('',(#12171),#11495,.F.);
#12171 = FACE_BOUND('',#12172,.F.);
#12172 = EDGE_LOOP('',(#12173,#12196,#12223,#12224));
#12173 = ORIENTED_EDGE('',*,*,#12174,.T.);
#12174 = EDGE_CURVE('',#11475,#12175,#12177,.T.);
#12175 = VERTEX_POINT('',#12176);
#12176 = CARTESIAN_POINT('',(-24.9,-0.4,21.));
#12177 = SEAM_CURVE('',#12178,(#12182,#12189),.PCURVE_S1.);
#12178 = LINE('',#12179,#12180);
#12179 = CARTESIAN_POINT('',(-24.9,2.,21.));
#12180 = VECTOR('',#12181,1.);
#12181 = DIRECTION('',(0.,-1.,2.22044604925E-16));
#12182 = PCURVE('',#11495,#12183);
#12183 = DEFINITIONAL_REPRESENTATION('',(#12184),#12188);
#12184 = LINE('',#12185,#12186);
#12185 = CARTESIAN_POINT('',(6.28318530718,-0.));
#12186 = VECTOR('',#12187,1.);
#12187 = DIRECTION('',(0.,1.));
#12188 = ( GEOMETRIC_REPRESENTATION_CONTEXT(2) 
PARAMETRIC_REPRESENTATION_CONTEXT() REPRESENTATION_CONTEXT('2D SPACE',''
  ) );
#12189 = PCURVE('',#11495,#12190);
#12190 = DEFINITIONAL_REPRESENTATION('',(#12191),#12195);
#12191 = LINE('',#12192,#12193);
#12192 = CARTESIAN_POINT('',(0.,-0.));
#12193 = VECTOR('',#12194,1.);
#12194 = DIRECTION('',(0.,1.));
#12195 = ( GEOMETRIC_REPRESENTATION_CONTEXT(2) 
PARAMETRIC_REPRESENTATION_CONTEXT() REPRESENTATION_CONTEXT('2D SPACE',''
  ) );
#12196 = ORIENTED_EDGE('',*,*,#12197,.F.);
#12197 = EDGE_CURVE('',#12175,#12175,#12198,.T.);
#12198 = SURFACE_CURVE('',#12199,(#12204,#12211),.PCURVE_S1.);
#12199 = CIRCLE('',#12200,2.1);
#12200 = AXIS2_PLACEMENT_3D('',#12201,#12202,#12203);
#12201 = CARTESIAN_POINT('',(-27.,-0.4,21.));
#12202 = DIRECTION('',(0.,-1.,2.22044604925E-16));
#12203 = DIRECTION('',(1.,0.,0.));
#12204 = PCURVE('',#11495,#12205);
#12205 = DEFINITIONAL_REPRESENTATION('',(#12206),#12210);
#12206 = LINE('',#12207,#12208);
#12207 = CARTESIAN_POINT('',(0.,2.4));
#12208 = VECTOR('',#12209,1.);
#12209 = DIRECTION('',(1.,0.));
#12210 = ( GEOMETRIC_REPRESENTATION_CONTEXT(2) 
PARAMETRIC_REPRESENTATION_CONTEXT() REPRESENTATION_CONTEXT('2D SPACE',''
  ) );
#12211 = PCURVE('',#12212,#12217);
#12212 = PLANE('',#12213);
#12213 = AXIS2_PLACEMENT_3D('',#12214,#12215,#12216);
#12214 = CARTESIAN_POINT('',(-27.,-0.4,21.));
#12215 = DIRECTION('',(0.,-1.,2.22044604925E-16));
#12216 = DIRECTION('',(1.,0.,0.));
#12217 = DEFINITIONAL_REPRESENTATION('',(#12218),#12222);
#12218 = CIRCLE('',#12219,2.1);
#12219 = AXIS2_PLACEMENT_2D('',#12220,#12221);
#12220 = CARTESIAN_POINT('',(0.,0.));
#12221 = DIRECTION('',(1.,0.));
#12222 = ( GEOMETRIC_REPRESENTATION_CONTEXT(2) 
PARAMETRIC_REPRESENTATION_CONTEXT() REPRESENTATION_CONTEXT('2D SPACE',''
  ) );
#12223 = ORIENTED_EDGE('',*,*,#12174,.F.);
#12224 = ORIENTED_EDGE('',*,*,#11474,.T.);
#12225 = ADVANCED_FACE('',(#12226),#11530,.F.);
#12226 = FACE_BOUND('',#12227,.F.);
#12227 = EDGE_LOOP('',(#12228,#12251,#12278,#12279));
#12228 = ORIENTED_EDGE('',*,*,#12229,.T.);
#12229 = EDGE_CURVE('',#11510,#12230,#12232,.T.);
#12230 = VERTEX_POINT('',#12231);
#12231 = CARTESIAN_POINT('',(-5.,-6.,21.));
#12232 = SEAM_CURVE('',#12233,(#12237,#12244),.PCURVE_S1.);
#12233 = LINE('',#12234,#12235);
#12234 = CARTESIAN_POINT('',(-5.,2.,21.));
#12235 = VECTOR('',#12236,1.);
#12236 = DIRECTION('',(0.,-1.,2.22044604925E-16));
#12237 = PCURVE('',#11530,#12238);
#12238 = DEFINITIONAL_REPRESENTATION('',(#12239),#12243);
#12239 = LINE('',#12240,#12241);
#12240 = CARTESIAN_POINT('',(6.28318530718,-0.));
#12241 = VECTOR('',#12242,1.);
#12242 = DIRECTION('',(0.,1.));
#12243 = ( GEOMETRIC_REPRESENTATION_CONTEXT(2) 
PARAMETRIC_REPRESENTATION_CONTEXT() REPRESENTATION_CONTEXT('2D SPACE',''
  ) );
#12244 = PCURVE('',#11530,#12245);
#12245 = DEFINITIONAL_REPRESENTATION('',(#12246),#12250);
#12246 = LINE('',#12247,#12248);
#12247 = CARTESIAN_POINT('',(0.,-0.));
#12248 = VECTOR('',#12249,1.);
#12249 = DIRECTION('',(0.,1.));
#12250 = ( GEOMETRIC_REPRESENTATION_CONTEXT(2) 
PARAMETRIC_REPRESENTATION_CONTEXT() REPRESENTATION_CONTEXT('2D SPACE',''
  ) );
#12251 = ORIENTED_EDGE('',*,*,#12252,.F.);
#12252 = EDGE_CURVE('',#12230,#12230,#12253,.T.);
#12253 = SURFACE_CURVE('',#12254,(#12259,#12266),.PCURVE_S1.);
#12254 = CIRCLE('',#12255,1.);
#12255 = AXIS2_PLACEMENT_3D('',#12256,#12257,#12258);
#12256 = CARTESIAN_POINT('',(-6.,-6.,21.));
#12257 = DIRECTION('',(0.,-1.,2.22044604925E-16));
#12258 = DIRECTION('',(1.,0.,0.));
#12259 = PCURVE('',#11530,#12260);
#12260 = DEFINITIONAL_REPRESENTATION('',(#12261),#12265);
#12261 = LINE('',#12262,#12263);
#12262 = CARTESIAN_POINT('',(0.,8.));
#12263 = VECTOR('',#12264,1.);
#12264 = DIRECTION('',(1.,0.));
#12265 = ( GEOMETRIC_REPRESENTATION_CONTEXT(2) 
PARAMETRIC_REPRESENTATION_CONTEXT() REPRESENTATION_CONTEXT('2D SPACE',''
  ) );
#12266 = PCURVE('',#12267,#12272);
#12267 = PLANE('',#12268);
#12268 = AXIS2_PLACEMENT_3D('',#12269,#12270,#12271);
#12269 = CARTESIAN_POINT('',(-6.,-6.,21.));
#12270 = DIRECTION('',(0.,-1.,2.22044604925E-16));
#12271 = DIRECTION('',(1.,0.,0.));
#12272 = DEFINITIONAL_REPRESENTATION('',(#12273),#12277);
#12273 = CIRCLE('',#12274,1.);
#12274 = AXIS2_PLACEMENT_2D('',#12275,#12276);
#12275 = CARTESIAN_POINT('',(0.,0.));
#12276 = DIRECTION('',(1.,0.));
#12277 = ( GEOMETRIC_REPRESENTATION_CONTEXT(2) 
PARAMETRIC_REPRESENTATION_CONTEXT() REPRESENTATION_CONTEXT('2D SPACE',''
  ) );
#12278 = ORIENTED_EDGE('',*,*,#12229,.F.);
#12279 = ORIENTED_EDGE('',*,*,#11509,.T.);
#12280 = ADVANCED_FACE('',(#12281),#11565,.F.);
#12281 = FACE_BOUND('',#12282,.F.);
#12282 = EDGE_LOOP('',(#12283,#12306,#12333,#12334));
#12283 = ORIENTED_EDGE('',*,*,#12284,.T.);
#12284 = EDGE_CURVE('',#11545,#12285,#12287,.T.);
#12285 = VERTEX_POINT('',#12286);
#12286 = CARTESIAN_POINT('',(29.1,-0.4,-21.));
#12287 = SEAM_CURVE('',#12288,(#12292,#12299),.PCURVE_S1.);
#12288 = LINE('',#12289,#12290);
#12289 = CARTESIAN_POINT('',(29.1,2.,-21.));
#12290 = VECTOR('',#12291,1.);
#12291 = DIRECTION('',(0.,-1.,2.22044604925E-16));
#12292 = PCURVE('',#11565,#12293);
#12293 = DEFINITIONAL_REPRESENTATION('',(#12294),#12298);
#12294 = LINE('',#12295,#12296);
#12295 = CARTESIAN_POINT('',(6.28318530718,-0.));
#12296 = VECTOR('',#12297,1.);
#12297 = DIRECTION('',(0.,1.));
#12298 = ( GEOMETRIC_REPRESENTATION_CONTEXT(2) 
PARAMETRIC_REPRESENTATION_CONTEXT() REPRESENTATION_CONTEXT('2D SPACE',''
  ) );
#12299 = PCURVE('',#11565,#12300);
#12300 = DEFINITIONAL_REPRESENTATION('',(#12301),#12305);
#12301 = LINE('',#12302,#12303);
#12302 = CARTESIAN_POINT('',(0.,-0.));
#12303 = VECTOR('',#12304,1.);
#12304 = DIRECTION('',(0.,1.));
#12305 = ( GEOMETRIC_REPRESENTATION_CONTEXT(2) 
PARAMETRIC_REPRESENTATION_CONTEXT() REPRESENTATION_CONTEXT('2D SPACE',''
  ) );
#12306 = ORIENTED_EDGE('',*,*,#12307,.F.);
#12307 = EDGE_CURVE('',#12285,#12285,#12308,.T.);
#12308 = SURFACE_CURVE('',#12309,(#12314,#12321),.PCURVE_S1.);
#12309 = CIRCLE('',#12310,2.1);
#12310 = AXIS2_PLACEMENT_3D('',#12311,#12312,#12313);
#12311 = CARTESIAN_POINT('',(27.,-0.4,-21.));
#12312 = DIRECTION('',(0.,-1.,2.22044604925E-16));
#12313 = DIRECTION('',(1.,0.,0.));
#12314 = PCURVE('',#11565,#12315);
#12315 = DEFINITIONAL_REPRESENTATION('',(#12316),#12320);
#12316 = LINE('',#12317,#12318);
#12317 = CARTESIAN_POINT('',(0.,2.4));
#12318 = VECTOR('',#12319,1.);
#12319 = DIRECTION('',(1.,0.));
#12320 = ( GEOMETRIC_REPRESENTATION_CONTEXT(2) 
PARAMETRIC_REPRESENTATION_CONTEXT() REPRESENTATION_CONTEXT('2D SPACE',''
  ) );
#12321 = PCURVE('',#12322,#12327);
#12322 = PLANE('',#12323);
#12323 = AXIS2_PLACEMENT_3D('',#12324,#12325,#12326);
#12324 = CARTESIAN_POINT('',(27.,-0.4,-21.));
#12325 = DIRECTION('',(0.,-1.,2.22044604925E-16));
#12326 = DIRECTION('',(1.,0.,0.));
#12327 = DEFINITIONAL_REPRESENTATION('',(#12328),#12332);
#12328 = CIRCLE('',#12329,2.1);
#12329 = AXIS2_PLACEMENT_2D('',#12330,#12331);
#12330 = CARTESIAN_POINT('',(0.,0.));
#12331 = DIRECTION('',(1.,0.));
#12332 = ( GEOMETRIC_REPRESENTATION_CONTEXT(2) 
PARAMETRIC_REPRESENTATION_CONTEXT() REPRESENTATION_CONTEXT('2D SPACE',''
  ) );
#12333 = ORIENTED_EDGE('',*,*,#12284,.F.);
#12334 = ORIENTED_EDGE('',*,*,#11544,.T.);
#12335 = ADVANCED_FACE('',(#12336),#11600,.F.);
#12336 = FACE_BOUND('',#12337,.F.);
#12337 = EDGE_LOOP('',(#12338,#12361,#12388,#12389));
#12338 = ORIENTED_EDGE('',*,*,#12339,.T.);
#12339 = EDGE_CURVE('',#11580,#12340,#12342,.T.);
#12340 = VERTEX_POINT('',#12341);
#12341 = CARTESIAN_POINT('',(7.,-6.,21.));
#12342 = SEAM_CURVE('',#12343,(#12347,#12354),.PCURVE_S1.);
#12343 = LINE('',#12344,#12345);
#12344 = CARTESIAN_POINT('',(7.,2.,21.));
#12345 = VECTOR('',#12346,1.);
#12346 = DIRECTION('',(0.,-1.,2.22044604925E-16));
#12347 = PCURVE('',#11600,#12348);
#12348 = DEFINITIONAL_REPRESENTATION('',(#12349),#12353);
#12349 = LINE('',#12350,#12351);
#12350 = CARTESIAN_POINT('',(6.28318530718,-0.));
#12351 = VECTOR('',#12352,1.);
#12352 = DIRECTION('',(0.,1.));
#12353 = ( GEOMETRIC_REPRESENTATION_CONTEXT(2) 
PARAMETRIC_REPRESENTATION_CONTEXT() REPRESENTATION_CONTEXT('2D SPACE',''
  ) );
#12354 = PCURVE('',#11600,#12355);
#12355 = DEFINITIONAL_REPRESENTATION('',(#12356),#12360);
#12356 = LINE('',#12357,#12358);
#12357 = CARTESIAN_POINT('',(0.,-0.));
#12358 = VECTOR('',#12359,1.);
#12359 = DIRECTION('',(0.,1.));
#12360 = ( GEOMETRIC_REPRESENTATION_CONTEXT(2) 
PARAMETRIC_REPRESENTATION_CONTEXT() REPRESENTATION_CONTEXT('2D SPACE',''
  ) );
#12361 = ORIENTED_EDGE('',*,*,#12362,.F.);
#12362 = EDGE_CURVE('',#12340,#12340,#12363,.T.);
#12363 = SURFACE_CURVE('',#12364,(#12369,#12376),.PCURVE_S1.);
#12364 = CIRCLE('',#12365,1.);
#12365 = AXIS2_PLACEMENT_3D('',#12366,#12367,#12368);
#12366 = CARTESIAN_POINT('',(6.,-6.,21.));
#12367 = DIRECTION('',(0.,-1.,2.22044604925E-16));
#12368 = DIRECTION('',(1.,0.,0.));
#12369 = PCURVE('',#11600,#12370);
#12370 = DEFINITIONAL_REPRESENTATION('',(#12371),#12375);
#12371 = LINE('',#12372,#12373);
#12372 = CARTESIAN_POINT('',(0.,8.));
#12373 = VECTOR('',#12374,1.);
#12374 = DIRECTION('',(1.,0.));
#12375 = ( GEOMETRIC_REPRESENTATION_CONTEXT(2) 
PARAMETRIC_REPRESENTATION_CONTEXT() REPRESENTATION_CONTEXT('2D SPACE',''
  ) );
#12376 = PCURVE('',#12377,#12382);
#12377 = PLANE('',#12378);
#12378 = AXIS2_PLACEMENT_3D('',#12379,#12380,#12381);
#12379 = CARTESIAN_POINT('',(6.,-6.,21.));
#12380 = DIRECTION('',(0.,-1.,2.22044604925E-16));
#12381 = DIRECTION('',(1.,0.,0.));
#12382 = DEFINITIONAL_REPRESENTATION('',(#12383),#12387);
#12383 = CIRCLE('',#12384,1.);
#12384 = AXIS2_PLACEMENT_2D('',#12385,#12386);
#12385 = CARTESIAN_POINT('',(0.,0.));
#12386 = DIRECTION('',(1.,0.));
#12387 = ( GEOMETRIC_REPRESENTATION_CONTEXT(2) 
PARAMETRIC_REPRESENTATION_CONTEXT() REPRESENTATION_CONTEXT('2D SPACE',''
  ) );
#12388 = ORIENTED_EDGE('',*,*,#12339,.F.);
#12389 = ORIENTED_EDGE('',*,*,#11579,.T.);
#12390 = ADVANCED_FACE('',(#12391),#11635,.F.);
#12391 = FACE_BOUND('',#12392,.F.);
#12392 = EDGE_LOOP('',(#12393,#12416,#12443,#12444));
#12393 = ORIENTED_EDGE('',*,*,#12394,.T.);
#12394 = EDGE_CURVE('',#11615,#12395,#12397,.T.);
#12395 = VERTEX_POINT('',#12396);
#12396 = CARTESIAN_POINT('',(29.1,-0.4,21.));
#12397 = SEAM_CURVE('',#12398,(#12402,#12409),.PCURVE_S1.);
#12398 = LINE('',#12399,#12400);
#12399 = CARTESIAN_POINT('',(29.1,2.,21.));
#12400 = VECTOR('',#12401,1.);
#12401 = DIRECTION('',(0.,-1.,2.22044604925E-16));
#12402 = PCURVE('',#11635,#12403);
#12403 = DEFINITIONAL_REPRESENTATION('',(#12404),#12408);
#12404 = LINE('',#12405,#12406);
#12405 = CARTESIAN_POINT('',(6.28318530718,-0.));
#12406 = VECTOR('',#12407,1.);
#12407 = DIRECTION('',(0.,1.));
#12408 = ( GEOMETRIC_REPRESENTATION_CONTEXT(2) 
PARAMETRIC_REPRESENTATION_CONTEXT() REPRESENTATION_CONTEXT('2D SPACE',''
  ) );
#12409 = PCURVE('',#11635,#12410);
#12410 = DEFINITIONAL_REPRESENTATION('',(#12411),#12415);
#12411 = LINE('',#12412,#12413);
#12412 = CARTESIAN_POINT('',(0.,-0.));
#12413 = VECTOR('',#12414,1.);
#12414 = DIRECTION('',(0.,1.));
#12415 = ( GEOMETRIC_REPRESENTATION_CONTEXT(2) 
PARAMETRIC_REPRESENTATION_CONTEXT() REPRESENTATION_CONTEXT('2D SPACE',''
  ) );
#12416 = ORIENTED_EDGE('',*,*,#12417,.F.);
#12417 = EDGE_CURVE('',#12395,#12395,#12418,.T.);
#12418 = SURFACE_CURVE('',#12419,(#12424,#12431),.PCURVE_S1.);
#12419 = CIRCLE('',#12420,2.1);
#12420 = AXIS2_PLACEMENT_3D('',#12421,#12422,#12423);
#12421 = CARTESIAN_POINT('',(27.,-0.4,21.));
#12422 = DIRECTION('',(0.,-1.,2.22044604925E-16));
#12423 = DIRECTION('',(1.,0.,0.));
#12424 = PCURVE('',#11635,#12425);
#12425 = DEFINITIONAL_REPRESENTATION('',(#12426),#12430);
#12426 = LINE('',#12427,#12428);
#12427 = CARTESIAN_POINT('',(0.,2.4));
#12428 = VECTOR('',#12429,1.);
#12429 = DIRECTION('',(1.,0.));
#12430 = ( GEOMETRIC_REPRESENTATION_CONTEXT(2) 
PARAMETRIC_REPRESENTATION_CONTEXT() REPRESENTATION_CONTEXT('2D SPACE',''
  ) );
#12431 = PCURVE('',#12432,#12437);
#12432 = PLANE('',#12433);
#12433 = AXIS2_PLACEMENT_3D('',#12434,#12435,#12436);
#12434 = CARTESIAN_POINT('',(27.,-0.4,21.));
#12435 = DIRECTION('',(0.,-1.,2.22044604925E-16));
#12436 = DIRECTION('',(1.,0.,0.));
#12437 = DEFINITIONAL_REPRESENTATION('',(#12438),#12442);
#12438 = CIRCLE('',#12439,2.1);
#12439 = AXIS2_PLACEMENT_2D('',#12440,#12441);
#12440 = CARTESIAN_POINT('',(0.,0.));
#12441 = DIRECTION('',(1.,0.));
#12442 = ( GEOMETRIC_REPRESENTATION_CONTEXT(2) 
PARAMETRIC_REPRESENTATION_CONTEXT() REPRESENTATION_CONTEXT('2D SPACE',''
  ) );
#12443 = ORIENTED_EDGE('',*,*,#12394,.F.);
#12444 = ORIENTED_EDGE('',*,*,#11614,.T.);
#12445 = ADVANCED_FACE('',(#12446,#12456,#12562,#12597,#12632,#12738,
    #12773,#12879,#12985,#13020),#11827,.F.);
#12446 = FACE_BOUND('',#12447,.F.);
#12447 = EDGE_LOOP('',(#12448,#12449,#12450,#12451,#12452,#12453,#12454,
    #12455));
#12448 = ORIENTED_EDGE('',*,*,#12044,.F.);
#12449 = ORIENTED_EDGE('',*,*,#12118,.F.);
#12450 = ORIENTED_EDGE('',*,*,#12149,.T.);
#12451 = ORIENTED_EDGE('',*,*,#11812,.T.);
#12452 = ORIENTED_EDGE('',*,*,#11842,.T.);
#12453 = ORIENTED_EDGE('',*,*,#11916,.F.);
#12454 = ORIENTED_EDGE('',*,*,#11969,.F.);
#12455 = ORIENTED_EDGE('',*,*,#12019,.T.);
#12456 = FACE_BOUND('',#12457,.F.);
#12457 = EDGE_LOOP('',(#12458,#12486,#12512,#12538));
#12458 = ORIENTED_EDGE('',*,*,#12459,.F.);
#12459 = EDGE_CURVE('',#12460,#12462,#12464,.T.);
#12460 = VERTEX_POINT('',#12461);
#12461 = CARTESIAN_POINT('',(-26.4,-1.,6.));
#12462 = VERTEX_POINT('',#12463);
#12463 = CARTESIAN_POINT('',(-25.2,-1.,6.));
#12464 = SURFACE_CURVE('',#12465,(#12469,#12475),.PCURVE_S1.);
#12465 = LINE('',#12466,#12467);
#12466 = CARTESIAN_POINT('',(-28.2,-1.,6.));
#12467 = VECTOR('',#12468,1.);
#12468 = DIRECTION('',(1.,0.,-0.));
#12469 = PCURVE('',#11827,#12470);
#12470 = DEFINITIONAL_REPRESENTATION('',(#12471),#12474);
#12471 = B_SPLINE_CURVE_WITH_KNOTS('',1,(#12472,#12473),.UNSPECIFIED.,
  .F.,.F.,(2,2),(1.8,3.),.PIECEWISE_BEZIER_KNOTS.);
#12472 = CARTESIAN_POINT('',(30.,3.6));
#12473 = CARTESIAN_POINT('',(30.,4.8));
#12474 = ( GEOMETRIC_REPRESENTATION_CONTEXT(2) 
PARAMETRIC_REPRESENTATION_CONTEXT() REPRESENTATION_CONTEXT('2D SPACE',''
  ) );
#12475 = PCURVE('',#12476,#12481);
#12476 = PLANE('',#12477);
#12477 = AXIS2_PLACEMENT_3D('',#12478,#12479,#12480);
#12478 = CARTESIAN_POINT('',(-26.4,-5.,6.));
#12479 = DIRECTION('',(0.,0.,1.));
#12480 = DIRECTION('',(1.,0.,-0.));
#12481 = DEFINITIONAL_REPRESENTATION('',(#12482),#12485);
#12482 = B_SPLINE_CURVE_WITH_KNOTS('',1,(#12483,#12484),.UNSPECIFIED.,
  .F.,.F.,(2,2),(1.8,3.),.PIECEWISE_BEZIER_KNOTS.);
#12483 = CARTESIAN_POINT('',(0.,4.));
#12484 = CARTESIAN_POINT('',(1.2,4.));
#12485 = ( GEOMETRIC_REPRESENTATION_CONTEXT(2) 
PARAMETRIC_REPRESENTATION_CONTEXT() REPRESENTATION_CONTEXT('2D SPACE',''
  ) );
#12486 = ORIENTED_EDGE('',*,*,#12487,.T.);
#12487 = EDGE_CURVE('',#12460,#12488,#12490,.T.);
#12488 = VERTEX_POINT('',#12489);
#12489 = CARTESIAN_POINT('',(-26.4,-1.,-6.));
#12490 = SURFACE_CURVE('',#12491,(#12495,#12501),.PCURVE_S1.);
#12491 = LINE('',#12492,#12493);
#12492 = CARTESIAN_POINT('',(-26.4,-1.,-15.));
#12493 = VECTOR('',#12494,1.);
#12494 = DIRECTION('',(-0.,0.,-1.));
#12495 = PCURVE('',#11827,#12496);
#12496 = DEFINITIONAL_REPRESENTATION('',(#12497),#12500);
#12497 = B_SPLINE_CURVE_WITH_KNOTS('',1,(#12498,#12499),.UNSPECIFIED.,
  .F.,.F.,(2,2),(-21.,-9.),.PIECEWISE_BEZIER_KNOTS.);
#12498 = CARTESIAN_POINT('',(30.,3.6));
#12499 = CARTESIAN_POINT('',(18.,3.6));
#12500 = ( GEOMETRIC_REPRESENTATION_CONTEXT(2) 
PARAMETRIC_REPRESENTATION_CONTEXT() REPRESENTATION_CONTEXT('2D SPACE',''
  ) );
#12501 = PCURVE('',#12502,#12507);
#12502 = PLANE('',#12503);
#12503 = AXIS2_PLACEMENT_3D('',#12504,#12505,#12506);
#12504 = CARTESIAN_POINT('',(-26.4,-5.,-6.));
#12505 = DIRECTION('',(1.,0.,-0.));
#12506 = DIRECTION('',(0.,0.,1.));
#12507 = DEFINITIONAL_REPRESENTATION('',(#12508),#12511);
#12508 = B_SPLINE_CURVE_WITH_KNOTS('',1,(#12509,#12510),.UNSPECIFIED.,
  .F.,.F.,(2,2),(-21.,-9.),.PIECEWISE_BEZIER_KNOTS.);
#12509 = CARTESIAN_POINT('',(12.,-4.));
#12510 = CARTESIAN_POINT('',(0.,-4.));
#12511 = ( GEOMETRIC_REPRESENTATION_CONTEXT(2) 
PARAMETRIC_REPRESENTATION_CONTEXT() REPRESENTATION_CONTEXT('2D SPACE',''
  ) );
#12512 = ORIENTED_EDGE('',*,*,#12513,.T.);
#12513 = EDGE_CURVE('',#12488,#12514,#12516,.T.);
#12514 = VERTEX_POINT('',#12515);
#12515 = CARTESIAN_POINT('',(-25.2,-1.,-6.));
#12516 = SURFACE_CURVE('',#12517,(#12521,#12527),.PCURVE_S1.);
#12517 = LINE('',#12518,#12519);
#12518 = CARTESIAN_POINT('',(-28.2,-1.,-6.));
#12519 = VECTOR('',#12520,1.);
#12520 = DIRECTION('',(1.,0.,-0.));
#12521 = PCURVE('',#11827,#12522);
#12522 = DEFINITIONAL_REPRESENTATION('',(#12523),#12526);
#12523 = B_SPLINE_CURVE_WITH_KNOTS('',1,(#12524,#12525),.UNSPECIFIED.,
  .F.,.F.,(2,2),(1.8,3.),.PIECEWISE_BEZIER_KNOTS.);
#12524 = CARTESIAN_POINT('',(18.,3.6));
#12525 = CARTESIAN_POINT('',(18.,4.8));
#12526 = ( GEOMETRIC_REPRESENTATION_CONTEXT(2) 
PARAMETRIC_REPRESENTATION_CONTEXT() REPRESENTATION_CONTEXT('2D SPACE',''
  ) );
#12527 = PCURVE('',#12528,#12533);
#12528 = PLANE('',#12529);
#12529 = AXIS2_PLACEMENT_3D('',#12530,#12531,#12532);
#12530 = CARTESIAN_POINT('',(-26.4,-5.,-6.));
#12531 = DIRECTION('',(0.,0.,1.));
#12532 = DIRECTION('',(1.,0.,-0.));
#12533 = DEFINITIONAL_REPRESENTATION('',(#12534),#12537);
#12534 = B_SPLINE_CURVE_WITH_KNOTS('',1,(#12535,#12536),.UNSPECIFIED.,
  .F.,.F.,(2,2),(1.8,3.),.PIECEWISE_BEZIER_KNOTS.);
#12535 = CARTESIAN_POINT('',(0.,4.));
#12536 = CARTESIAN_POINT('',(1.2,4.));
#12537 = ( GEOMETRIC_REPRESENTATION_CONTEXT(2) 
PARAMETRIC_REPRESENTATION_CONTEXT() REPRESENTATION_CONTEXT('2D SPACE',''
  ) );
#12538 = ORIENTED_EDGE('',*,*,#12539,.F.);
#12539 = EDGE_CURVE('',#12462,#12514,#12540,.T.);
#12540 = SURFACE_CURVE('',#12541,(#12545,#12551),.PCURVE_S1.);
#12541 = LINE('',#12542,#12543);
#12542 = CARTESIAN_POINT('',(-25.2,-1.,-15.));
#12543 = VECTOR('',#12544,1.);
#12544 = DIRECTION('',(-0.,0.,-1.));
#12545 = PCURVE('',#11827,#12546);
#12546 = DEFINITIONAL_REPRESENTATION('',(#12547),#12550);
#12547 = B_SPLINE_CURVE_WITH_KNOTS('',1,(#12548,#12549),.UNSPECIFIED.,
  .F.,.F.,(2,2),(-21.,-9.),.PIECEWISE_BEZIER_KNOTS.);
#12548 = CARTESIAN_POINT('',(30.,4.8));
#12549 = CARTESIAN_POINT('',(18.,4.8));
#12550 = ( GEOMETRIC_REPRESENTATION_CONTEXT(2) 
PARAMETRIC_REPRESENTATION_CONTEXT() REPRESENTATION_CONTEXT('2D SPACE',''
  ) );
#12551 = PCURVE('',#12552,#12557);
#12552 = PLANE('',#12553);
#12553 = AXIS2_PLACEMENT_3D('',#12554,#12555,#12556);
#12554 = CARTESIAN_POINT('',(-25.2,-5.,-6.));
#12555 = DIRECTION('',(1.,0.,-0.));
#12556 = DIRECTION('',(0.,0.,1.));
#12557 = DEFINITIONAL_REPRESENTATION('',(#12558),#12561);
#12558 = B_SPLINE_CURVE_WITH_KNOTS('',1,(#12559,#12560),.UNSPECIFIED.,
  .F.,.F.,(2,2),(-21.,-9.),.PIECEWISE_BEZIER_KNOTS.);
#12559 = CARTESIAN_POINT('',(12.,-4.));
#12560 = CARTESIAN_POINT('',(0.,-4.));
#12561 = ( GEOMETRIC_REPRESENTATION_CONTEXT(2) 
PARAMETRIC_REPRESENTATION_CONTEXT() REPRESENTATION_CONTEXT('2D SPACE',''
  ) );
#12562 = FACE_BOUND('',#12563,.F.);
#12563 = EDGE_LOOP('',(#12564));
#12564 = ORIENTED_EDGE('',*,*,#12565,.T.);
#12565 = EDGE_CURVE('',#12566,#12566,#12568,.T.);
#12566 = VERTEX_POINT('',#12567);
#12567 = CARTESIAN_POINT('',(-24.75,-1.,21.));
#12568 = SURFACE_CURVE('',#12569,(#12574,#12585),.PCURVE_S1.);
#12569 = CIRCLE('',#12570,2.25);
#12570 = AXIS2_PLACEMENT_3D('',#12571,#12572,#12573);
#12571 = CARTESIAN_POINT('',(-27.,-1.,21.));
#12572 = DIRECTION('',(0.,-1.,2.22044604925E-16));
#12573 = DIRECTION('',(1.,0.,0.));
#12574 = PCURVE('',#11827,#12575);
#12575 = DEFINITIONAL_REPRESENTATION('',(#12576),#12584);
#12576 = ( BOUNDED_CURVE() B_SPLINE_CURVE(2,(#12577,#12578,#12579,#12580
    ,#12581,#12582,#12583),.UNSPECIFIED.,.T.,.F.) 
B_SPLINE_CURVE_WITH_KNOTS((1,2,2,2,2,1),(-2.094395102393,0.,
    2.094395102393,4.188790204786,6.28318530718,8.377580409573),
.UNSPECIFIED.) CURVE() GEOMETRIC_REPRESENTATION_ITEM() 
RATIONAL_B_SPLINE_CURVE((1.,0.5,1.,0.5,1.,0.5,1.)) REPRESENTATION_ITEM(
  '') );
#12577 = CARTESIAN_POINT('',(45.,5.25));
#12578 = CARTESIAN_POINT('',(48.89711431703,5.25));
#12579 = CARTESIAN_POINT('',(46.948557158515,1.875));
#12580 = CARTESIAN_POINT('',(45.,-1.5));
#12581 = CARTESIAN_POINT('',(43.051442841485,1.875));
#12582 = CARTESIAN_POINT('',(41.10288568297,5.25));
#12583 = CARTESIAN_POINT('',(45.,5.25));
#12584 = ( GEOMETRIC_REPRESENTATION_CONTEXT(2) 
PARAMETRIC_REPRESENTATION_CONTEXT() REPRESENTATION_CONTEXT('2D SPACE',''
  ) );
#12585 = PCURVE('',#12586,#12591);
#12586 = CYLINDRICAL_SURFACE('',#12587,2.25);
#12587 = AXIS2_PLACEMENT_3D('',#12588,#12589,#12590);
#12588 = CARTESIAN_POINT('',(-27.,-0.99,21.));
#12589 = DIRECTION('',(0.,-1.,2.22044604925E-16));
#12590 = DIRECTION('',(1.,0.,0.));
#12591 = DEFINITIONAL_REPRESENTATION('',(#12592),#12596);
#12592 = LINE('',#12593,#12594);
#12593 = CARTESIAN_POINT('',(0.,1.E-02));
#12594 = VECTOR('',#12595,1.);
#12595 = DIRECTION('',(1.,0.));
#12596 = ( GEOMETRIC_REPRESENTATION_CONTEXT(2) 
PARAMETRIC_REPRESENTATION_CONTEXT() REPRESENTATION_CONTEXT('2D SPACE',''
  ) );
#12597 = FACE_BOUND('',#12598,.F.);
#12598 = EDGE_LOOP('',(#12599));
#12599 = ORIENTED_EDGE('',*,*,#12600,.T.);
#12600 = EDGE_CURVE('',#12601,#12601,#12603,.T.);
#12601 = VERTEX_POINT('',#12602);
#12602 = CARTESIAN_POINT('',(-3.5,-1.,21.));
#12603 = SURFACE_CURVE('',#12604,(#12609,#12620),.PCURVE_S1.);
#12604 = CIRCLE('',#12605,2.5);
#12605 = AXIS2_PLACEMENT_3D('',#12606,#12607,#12608);
#12606 = CARTESIAN_POINT('',(-6.,-1.,21.));
#12607 = DIRECTION('',(0.,-1.,2.22044604925E-16));
#12608 = DIRECTION('',(1.,0.,0.));
#12609 = PCURVE('',#11827,#12610);
#12610 = DEFINITIONAL_REPRESENTATION('',(#12611),#12619);
#12611 = ( BOUNDED_CURVE() B_SPLINE_CURVE(2,(#12612,#12613,#12614,#12615
    ,#12616,#12617,#12618),.UNSPECIFIED.,.T.,.F.) 
B_SPLINE_CURVE_WITH_KNOTS((1,2,2,2,2,1),(-2.094395102393,0.,
    2.094395102393,4.188790204786,6.28318530718,8.377580409573),
.UNSPECIFIED.) CURVE() GEOMETRIC_REPRESENTATION_ITEM() 
RATIONAL_B_SPLINE_CURVE((1.,0.5,1.,0.5,1.,0.5,1.)) REPRESENTATION_ITEM(
  '') );
#12612 = CARTESIAN_POINT('',(45.,26.5));
#12613 = CARTESIAN_POINT('',(49.330127018922,26.5));
#12614 = CARTESIAN_POINT('',(47.165063509461,22.75));
#12615 = CARTESIAN_POINT('',(45.,19.));
#12616 = CARTESIAN_POINT('',(42.834936490539,22.75));
#12617 = CARTESIAN_POINT('',(40.669872981078,26.5));
#12618 = CARTESIAN_POINT('',(45.,26.5));
#12619 = ( GEOMETRIC_REPRESENTATION_CONTEXT(2) 
PARAMETRIC_REPRESENTATION_CONTEXT() REPRESENTATION_CONTEXT('2D SPACE',''
  ) );
#12620 = PCURVE('',#12621,#12626);
#12621 = CYLINDRICAL_SURFACE('',#12622,2.5);
#12622 = AXIS2_PLACEMENT_3D('',#12623,#12624,#12625);
#12623 = CARTESIAN_POINT('',(-6.,-0.99,21.));
#12624 = DIRECTION('',(0.,-1.,2.22044604925E-16));
#12625 = DIRECTION('',(1.,0.,0.));
#12626 = DEFINITIONAL_REPRESENTATION('',(#12627),#12631);
#12627 = LINE('',#12628,#12629);
#12628 = CARTESIAN_POINT('',(0.,1.E-02));
#12629 = VECTOR('',#12630,1.);
#12630 = DIRECTION('',(1.,0.));
#12631 = ( GEOMETRIC_REPRESENTATION_CONTEXT(2) 
PARAMETRIC_REPRESENTATION_CONTEXT() REPRESENTATION_CONTEXT('2D SPACE',''
  ) );
#12632 = FACE_BOUND('',#12633,.F.);
#12633 = EDGE_LOOP('',(#12634,#12662,#12688,#12714));
#12634 = ORIENTED_EDGE('',*,*,#12635,.F.);
#12635 = EDGE_CURVE('',#12636,#12638,#12640,.T.);
#12636 = VERTEX_POINT('',#12637);
#12637 = CARTESIAN_POINT('',(-2.5,-1.,-17.2));
#12638 = VERTEX_POINT('',#12639);
#12639 = CARTESIAN_POINT('',(2.5,-1.,-17.2));
#12640 = SURFACE_CURVE('',#12641,(#12645,#12651),.PCURVE_S1.);
#12641 = LINE('',#12642,#12643);
#12642 = CARTESIAN_POINT('',(-16.25,-1.,-17.2));
#12643 = VECTOR('',#12644,1.);
#12644 = DIRECTION('',(1.,0.,-0.));
#12645 = PCURVE('',#11827,#12646);
#12646 = DEFINITIONAL_REPRESENTATION('',(#12647),#12650);
#12647 = B_SPLINE_CURVE_WITH_KNOTS('',1,(#12648,#12649),.UNSPECIFIED.,
  .F.,.F.,(2,2),(13.75,18.75),.PIECEWISE_BEZIER_KNOTS.);
#12648 = CARTESIAN_POINT('',(6.8,27.5));
#12649 = CARTESIAN_POINT('',(6.8,32.5));
#12650 = ( GEOMETRIC_REPRESENTATION_CONTEXT(2) 
PARAMETRIC_REPRESENTATION_CONTEXT() REPRESENTATION_CONTEXT('2D SPACE',''
  ) );
#12651 = PCURVE('',#12652,#12657);
#12652 = PLANE('',#12653);
#12653 = AXIS2_PLACEMENT_3D('',#12654,#12655,#12656);
#12654 = CARTESIAN_POINT('',(-2.5,-5.,-17.2));
#12655 = DIRECTION('',(0.,0.,1.));
#12656 = DIRECTION('',(1.,0.,-0.));
#12657 = DEFINITIONAL_REPRESENTATION('',(#12658),#12661);
#12658 = B_SPLINE_CURVE_WITH_KNOTS('',1,(#12659,#12660),.UNSPECIFIED.,
  .F.,.F.,(2,2),(13.75,18.75),.PIECEWISE_BEZIER_KNOTS.);
#12659 = CARTESIAN_POINT('',(0.,4.));
#12660 = CARTESIAN_POINT('',(5.,4.));
#12661 = ( GEOMETRIC_REPRESENTATION_CONTEXT(2) 
PARAMETRIC_REPRESENTATION_CONTEXT() REPRESENTATION_CONTEXT('2D SPACE',''
  ) );
#12662 = ORIENTED_EDGE('',*,*,#12663,.T.);
#12663 = EDGE_CURVE('',#12636,#12664,#12666,.T.);
#12664 = VERTEX_POINT('',#12665);
#12665 = CARTESIAN_POINT('',(-2.5,-1.,-18.4));
#12666 = SURFACE_CURVE('',#12667,(#12671,#12677),.PCURVE_S1.);
#12667 = LINE('',#12668,#12669);
#12668 = CARTESIAN_POINT('',(-2.5,-1.,-21.2));
#12669 = VECTOR('',#12670,1.);
#12670 = DIRECTION('',(-0.,0.,-1.));
#12671 = PCURVE('',#11827,#12672);
#12672 = DEFINITIONAL_REPRESENTATION('',(#12673),#12676);
#12673 = B_SPLINE_CURVE_WITH_KNOTS('',1,(#12674,#12675),.UNSPECIFIED.,
  .F.,.F.,(2,2),(-4.,-2.8),.PIECEWISE_BEZIER_KNOTS.);
#12674 = CARTESIAN_POINT('',(6.8,27.5));
#12675 = CARTESIAN_POINT('',(5.6,27.5));
#12676 = ( GEOMETRIC_REPRESENTATION_CONTEXT(2) 
PARAMETRIC_REPRESENTATION_CONTEXT() REPRESENTATION_CONTEXT('2D SPACE',''
  ) );
#12677 = PCURVE('',#12678,#12683);
#12678 = PLANE('',#12679);
#12679 = AXIS2_PLACEMENT_3D('',#12680,#12681,#12682);
#12680 = CARTESIAN_POINT('',(-2.5,-5.,-18.4));
#12681 = DIRECTION('',(1.,0.,-0.));
#12682 = DIRECTION('',(0.,0.,1.));
#12683 = DEFINITIONAL_REPRESENTATION('',(#12684),#12687);
#12684 = B_SPLINE_CURVE_WITH_KNOTS('',1,(#12685,#12686),.UNSPECIFIED.,
  .F.,.F.,(2,2),(-4.,-2.8),.PIECEWISE_BEZIER_KNOTS.);
#12685 = CARTESIAN_POINT('',(1.2,-4.));
#12686 = CARTESIAN_POINT('',(0.,-4.));
#12687 = ( GEOMETRIC_REPRESENTATION_CONTEXT(2) 
PARAMETRIC_REPRESENTATION_CONTEXT() REPRESENTATION_CONTEXT('2D SPACE',''
  ) );
#12688 = ORIENTED_EDGE('',*,*,#12689,.T.);
#12689 = EDGE_CURVE('',#12664,#12690,#12692,.T.);
#12690 = VERTEX_POINT('',#12691);
#12691 = CARTESIAN_POINT('',(2.5,-1.,-18.4));
#12692 = SURFACE_CURVE('',#12693,(#12697,#12703),.PCURVE_S1.);
#12693 = LINE('',#12694,#12695);
#12694 = CARTESIAN_POINT('',(-16.25,-1.,-18.4));
#12695 = VECTOR('',#12696,1.);
#12696 = DIRECTION('',(1.,0.,-0.));
#12697 = PCURVE('',#11827,#12698);
#12698 = DEFINITIONAL_REPRESENTATION('',(#12699),#12702);
#12699 = B_SPLINE_CURVE_WITH_KNOTS('',1,(#12700,#12701),.UNSPECIFIED.,
  .F.,.F.,(2,2),(13.75,18.75),.PIECEWISE_BEZIER_KNOTS.);
#12700 = CARTESIAN_POINT('',(5.6,27.5));
#12701 = CARTESIAN_POINT('',(5.6,32.5));
#12702 = ( GEOMETRIC_REPRESENTATION_CONTEXT(2) 
PARAMETRIC_REPRESENTATION_CONTEXT() REPRESENTATION_CONTEXT('2D SPACE',''
  ) );
#12703 = PCURVE('',#12704,#12709);
#12704 = PLANE('',#12705);
#12705 = AXIS2_PLACEMENT_3D('',#12706,#12707,#12708);
#12706 = CARTESIAN_POINT('',(-2.5,-5.,-18.4));
#12707 = DIRECTION('',(0.,0.,1.));
#12708 = DIRECTION('',(1.,0.,-0.));
#12709 = DEFINITIONAL_REPRESENTATION('',(#12710),#12713);
#12710 = B_SPLINE_CURVE_WITH_KNOTS('',1,(#12711,#12712),.UNSPECIFIED.,
  .F.,.F.,(2,2),(13.75,18.75),.PIECEWISE_BEZIER_KNOTS.);
#12711 = CARTESIAN_POINT('',(0.,4.));
#12712 = CARTESIAN_POINT('',(5.,4.));
#12713 = ( GEOMETRIC_REPRESENTATION_CONTEXT(2) 
PARAMETRIC_REPRESENTATION_CONTEXT() REPRESENTATION_CONTEXT('2D SPACE',''
  ) );
#12714 = ORIENTED_EDGE('',*,*,#12715,.F.);
#12715 = EDGE_CURVE('',#12638,#12690,#12716,.T.);
#12716 = SURFACE_CURVE('',#12717,(#12721,#12727),.PCURVE_S1.);
#12717 = LINE('',#12718,#12719);
#12718 = CARTESIAN_POINT('',(2.5,-1.,-21.2));
#12719 = VECTOR('',#12720,1.);
#12720 = DIRECTION('',(-0.,0.,-1.));
#12721 = PCURVE('',#11827,#12722);
#12722 = DEFINITIONAL_REPRESENTATION('',(#12723),#12726);
#12723 = B_SPLINE_CURVE_WITH_KNOTS('',1,(#12724,#12725),.UNSPECIFIED.,
  .F.,.F.,(2,2),(-4.,-2.8),.PIECEWISE_BEZIER_KNOTS.);
#12724 = CARTESIAN_POINT('',(6.8,32.5));
#12725 = CARTESIAN_POINT('',(5.6,32.5));
#12726 = ( GEOMETRIC_REPRESENTATION_CONTEXT(2) 
PARAMETRIC_REPRESENTATION_CONTEXT() REPRESENTATION_CONTEXT('2D SPACE',''
  ) );
#12727 = PCURVE('',#12728,#12733);
#12728 = PLANE('',#12729);
#12729 = AXIS2_PLACEMENT_3D('',#12730,#12731,#12732);
#12730 = CARTESIAN_POINT('',(2.5,-5.,-18.4));
#12731 = DIRECTION('',(1.,0.,-0.));
#12732 = DIRECTION('',(0.,0.,1.));
#12733 = DEFINITIONAL_REPRESENTATION('',(#12734),#12737);
#12734 = B_SPLINE_CURVE_WITH_KNOTS('',1,(#12735,#12736),.UNSPECIFIED.,
  .F.,.F.,(2,2),(-4.,-2.8),.PIECEWISE_BEZIER_KNOTS.);
#12735 = CARTESIAN_POINT('',(1.2,-4.));
#12736 = CARTESIAN_POINT('',(0.,-4.));
#12737 = ( GEOMETRIC_REPRESENTATION_CONTEXT(2) 
PARAMETRIC_REPRESENTATION_CONTEXT() REPRESENTATION_CONTEXT('2D SPACE',''
  ) );
#12738 = FACE_BOUND('',#12739,.F.);
#12739 = EDGE_LOOP('',(#12740));
#12740 = ORIENTED_EDGE('',*,*,#12741,.T.);
#12741 = EDGE_CURVE('',#12742,#12742,#12744,.T.);
#12742 = VERTEX_POINT('',#12743);
#12743 = CARTESIAN_POINT('',(29.25,-1.,-21.));
#12744 = SURFACE_CURVE('',#12745,(#12750,#12761),.PCURVE_S1.);
#12745 = CIRCLE('',#12746,2.25);
#12746 = AXIS2_PLACEMENT_3D('',#12747,#12748,#12749);
#12747 = CARTESIAN_POINT('',(27.,-1.,-21.));
#12748 = DIRECTION('',(0.,-1.,2.22044604925E-16));
#12749 = DIRECTION('',(1.,0.,0.));
#12750 = PCURVE('',#11827,#12751);
#12751 = DEFINITIONAL_REPRESENTATION('',(#12752),#12760);
#12752 = ( BOUNDED_CURVE() B_SPLINE_CURVE(2,(#12753,#12754,#12755,#12756
    ,#12757,#12758,#12759),.UNSPECIFIED.,.T.,.F.) 
B_SPLINE_CURVE_WITH_KNOTS((1,2,2,2,2,1),(-2.094395102393,0.,
    2.094395102393,4.188790204786,6.28318530718,8.377580409573),
.UNSPECIFIED.) CURVE() GEOMETRIC_REPRESENTATION_ITEM() 
RATIONAL_B_SPLINE_CURVE((1.,0.5,1.,0.5,1.,0.5,1.)) REPRESENTATION_ITEM(
  '') );
#12753 = CARTESIAN_POINT('',(3.,59.25));
#12754 = CARTESIAN_POINT('',(6.89711431703,59.25));
#12755 = CARTESIAN_POINT('',(4.948557158515,55.875));
#12756 = CARTESIAN_POINT('',(3.,52.5));
#12757 = CARTESIAN_POINT('',(1.051442841485,55.875));
#12758 = CARTESIAN_POINT('',(-0.89711431703,59.25));
#12759 = CARTESIAN_POINT('',(3.,59.25));
#12760 = ( GEOMETRIC_REPRESENTATION_CONTEXT(2) 
PARAMETRIC_REPRESENTATION_CONTEXT() REPRESENTATION_CONTEXT('2D SPACE',''
  ) );
#12761 = PCURVE('',#12762,#12767);
#12762 = CYLINDRICAL_SURFACE('',#12763,2.25);
#12763 = AXIS2_PLACEMENT_3D('',#12764,#12765,#12766);
#12764 = CARTESIAN_POINT('',(27.,-0.99,-21.));
#12765 = DIRECTION('',(0.,-1.,2.22044604925E-16));
#12766 = DIRECTION('',(1.,0.,0.));
#12767 = DEFINITIONAL_REPRESENTATION('',(#12768),#12772);
#12768 = LINE('',#12769,#12770);
#12769 = CARTESIAN_POINT('',(0.,1.E-02));
#12770 = VECTOR('',#12771,1.);
#12771 = DIRECTION('',(1.,0.));
#12772 = ( GEOMETRIC_REPRESENTATION_CONTEXT(2) 
PARAMETRIC_REPRESENTATION_CONTEXT() REPRESENTATION_CONTEXT('2D SPACE',''
  ) );
#12773 = FACE_BOUND('',#12774,.F.);
#12774 = EDGE_LOOP('',(#12775,#12803,#12829,#12855));
#12775 = ORIENTED_EDGE('',*,*,#12776,.F.);
#12776 = EDGE_CURVE('',#12777,#12779,#12781,.T.);
#12777 = VERTEX_POINT('',#12778);
#12778 = CARTESIAN_POINT('',(25.2,-1.,6.));
#12779 = VERTEX_POINT('',#12780);
#12780 = CARTESIAN_POINT('',(26.4,-1.,6.));
#12781 = SURFACE_CURVE('',#12782,(#12786,#12792),.PCURVE_S1.);
#12782 = LINE('',#12783,#12784);
#12783 = CARTESIAN_POINT('',(-2.4,-1.,6.));
#12784 = VECTOR('',#12785,1.);
#12785 = DIRECTION('',(1.,0.,-0.));
#12786 = PCURVE('',#11827,#12787);
#12787 = DEFINITIONAL_REPRESENTATION('',(#12788),#12791);
#12788 = B_SPLINE_CURVE_WITH_KNOTS('',1,(#12789,#12790),.UNSPECIFIED.,
  .F.,.F.,(2,2),(27.6,28.8),.PIECEWISE_BEZIER_KNOTS.);
#12789 = CARTESIAN_POINT('',(30.,55.2));
#12790 = CARTESIAN_POINT('',(30.,56.4));
#12791 = ( GEOMETRIC_REPRESENTATION_CONTEXT(2) 
PARAMETRIC_REPRESENTATION_CONTEXT() REPRESENTATION_CONTEXT('2D SPACE',''
  ) );
#12792 = PCURVE('',#12793,#12798);
#12793 = PLANE('',#12794);
#12794 = AXIS2_PLACEMENT_3D('',#12795,#12796,#12797);
#12795 = CARTESIAN_POINT('',(25.2,-5.,6.));
#12796 = DIRECTION('',(0.,0.,1.));
#12797 = DIRECTION('',(1.,0.,-0.));
#12798 = DEFINITIONAL_REPRESENTATION('',(#12799),#12802);
#12799 = B_SPLINE_CURVE_WITH_KNOTS('',1,(#12800,#12801),.UNSPECIFIED.,
  .F.,.F.,(2,2),(27.6,28.8),.PIECEWISE_BEZIER_KNOTS.);
#12800 = CARTESIAN_POINT('',(0.,4.));
#12801 = CARTESIAN_POINT('',(1.2,4.));
#12802 = ( GEOMETRIC_REPRESENTATION_CONTEXT(2) 
PARAMETRIC_REPRESENTATION_CONTEXT() REPRESENTATION_CONTEXT('2D SPACE',''
  ) );
#12803 = ORIENTED_EDGE('',*,*,#12804,.T.);
#12804 = EDGE_CURVE('',#12777,#12805,#12807,.T.);
#12805 = VERTEX_POINT('',#12806);
#12806 = CARTESIAN_POINT('',(25.2,-1.,-6.));
#12807 = SURFACE_CURVE('',#12808,(#12812,#12818),.PCURVE_S1.);
#12808 = LINE('',#12809,#12810);
#12809 = CARTESIAN_POINT('',(25.2,-1.,-15.));
#12810 = VECTOR('',#12811,1.);
#12811 = DIRECTION('',(-0.,0.,-1.));
#12812 = PCURVE('',#11827,#12813);
#12813 = DEFINITIONAL_REPRESENTATION('',(#12814),#12817);
#12814 = B_SPLINE_CURVE_WITH_KNOTS('',1,(#12815,#12816),.UNSPECIFIED.,
  .F.,.F.,(2,2),(-21.,-9.),.PIECEWISE_BEZIER_KNOTS.);
#12815 = CARTESIAN_POINT('',(30.,55.2));
#12816 = CARTESIAN_POINT('',(18.,55.2));
#12817 = ( GEOMETRIC_REPRESENTATION_CONTEXT(2) 
PARAMETRIC_REPRESENTATION_CONTEXT() REPRESENTATION_CONTEXT('2D SPACE',''
  ) );
#12818 = PCURVE('',#12819,#12824);
#12819 = PLANE('',#12820);
#12820 = AXIS2_PLACEMENT_3D('',#12821,#12822,#12823);
#12821 = CARTESIAN_POINT('',(25.2,-5.,-6.));
#12822 = DIRECTION('',(1.,0.,-0.));
#12823 = DIRECTION('',(0.,0.,1.));
#12824 = DEFINITIONAL_REPRESENTATION('',(#12825),#12828);
#12825 = B_SPLINE_CURVE_WITH_KNOTS('',1,(#12826,#12827),.UNSPECIFIED.,
  .F.,.F.,(2,2),(-21.,-9.),.PIECEWISE_BEZIER_KNOTS.);
#12826 = CARTESIAN_POINT('',(12.,-4.));
#12827 = CARTESIAN_POINT('',(0.,-4.));
#12828 = ( GEOMETRIC_REPRESENTATION_CONTEXT(2) 
PARAMETRIC_REPRESENTATION_CONTEXT() REPRESENTATION_CONTEXT('2D SPACE',''
  ) );
#12829 = ORIENTED_EDGE('',*,*,#12830,.T.);
#12830 = EDGE_CURVE('',#12805,#12831,#12833,.T.);
#12831 = VERTEX_POINT('',#12832);
#12832 = CARTESIAN_POINT('',(26.4,-1.,-6.));
#12833 = SURFACE_CURVE('',#12834,(#12838,#12844),.PCURVE_S1.);
#12834 = LINE('',#12835,#12836);
#12835 = CARTESIAN_POINT('',(-2.4,-1.,-6.));
#12836 = VECTOR('',#12837,1.);
#12837 = DIRECTION('',(1.,0.,-0.));
#12838 = PCURVE('',#11827,#12839);
#12839 = DEFINITIONAL_REPRESENTATION('',(#12840),#12843);
#12840 = B_SPLINE_CURVE_WITH_KNOTS('',1,(#12841,#12842),.UNSPECIFIED.,
  .F.,.F.,(2,2),(27.6,28.8),.PIECEWISE_BEZIER_KNOTS.);
#12841 = CARTESIAN_POINT('',(18.,55.2));
#12842 = CARTESIAN_POINT('',(18.,56.4));
#12843 = ( GEOMETRIC_REPRESENTATION_CONTEXT(2) 
PARAMETRIC_REPRESENTATION_CONTEXT() REPRESENTATION_CONTEXT('2D SPACE',''
  ) );
#12844 = PCURVE('',#12845,#12850);
#12845 = PLANE('',#12846);
#12846 = AXIS2_PLACEMENT_3D('',#12847,#12848,#12849);
#12847 = CARTESIAN_POINT('',(25.2,-5.,-6.));
#12848 = DIRECTION('',(0.,0.,1.));
#12849 = DIRECTION('',(1.,0.,-0.));
#12850 = DEFINITIONAL_REPRESENTATION('',(#12851),#12854);
#12851 = B_SPLINE_CURVE_WITH_KNOTS('',1,(#12852,#12853),.UNSPECIFIED.,
  .F.,.F.,(2,2),(27.6,28.8),.PIECEWISE_BEZIER_KNOTS.);
#12852 = CARTESIAN_POINT('',(0.,4.));
#12853 = CARTESIAN_POINT('',(1.2,4.));
#12854 = ( GEOMETRIC_REPRESENTATION_CONTEXT(2) 
PARAMETRIC_REPRESENTATION_CONTEXT() REPRESENTATION_CONTEXT('2D SPACE',''
  ) );
#12855 = ORIENTED_EDGE('',*,*,#12856,.F.);
#12856 = EDGE_CURVE('',#12779,#12831,#12857,.T.);
#12857 = SURFACE_CURVE('',#12858,(#12862,#12868),.PCURVE_S1.);
#12858 = LINE('',#12859,#12860);
#12859 = CARTESIAN_POINT('',(26.4,-1.,-15.));
#12860 = VECTOR('',#12861,1.);
#12861 = DIRECTION('',(-0.,0.,-1.));
#12862 = PCURVE('',#11827,#12863);
#12863 = DEFINITIONAL_REPRESENTATION('',(#12864),#12867);
#12864 = B_SPLINE_CURVE_WITH_KNOTS('',1,(#12865,#12866),.UNSPECIFIED.,
  .F.,.F.,(2,2),(-21.,-9.),.PIECEWISE_BEZIER_KNOTS.);
#12865 = CARTESIAN_POINT('',(30.,56.4));
#12866 = CARTESIAN_POINT('',(18.,56.4));
#12867 = ( GEOMETRIC_REPRESENTATION_CONTEXT(2) 
PARAMETRIC_REPRESENTATION_CONTEXT() REPRESENTATION_CONTEXT('2D SPACE',''
  ) );
#12868 = PCURVE('',#12869,#12874);
#12869 = PLANE('',#12870);
#12870 = AXIS2_PLACEMENT_3D('',#12871,#12872,#12873);
#12871 = CARTESIAN_POINT('',(26.4,-5.,-6.));
#12872 = DIRECTION('',(1.,0.,-0.));
#12873 = DIRECTION('',(0.,0.,1.));
#12874 = DEFINITIONAL_REPRESENTATION('',(#12875),#12878);
#12875 = B_SPLINE_CURVE_WITH_KNOTS('',1,(#12876,#12877),.UNSPECIFIED.,
  .F.,.F.,(2,2),(-21.,-9.),.PIECEWISE_BEZIER_KNOTS.);
#12876 = CARTESIAN_POINT('',(12.,-4.));
#12877 = CARTESIAN_POINT('',(0.,-4.));
#12878 = ( GEOMETRIC_REPRESENTATION_CONTEXT(2) 
PARAMETRIC_REPRESENTATION_CONTEXT() REPRESENTATION_CONTEXT('2D SPACE',''
  ) );
#12879 = FACE_BOUND('',#12880,.F.);
#12880 = EDGE_LOOP('',(#12881,#12909,#12935,#12961));
#12881 = ORIENTED_EDGE('',*,*,#12882,.F.);
#12882 = EDGE_CURVE('',#12883,#12885,#12887,.T.);
#12883 = VERTEX_POINT('',#12884);
#12884 = CARTESIAN_POINT('',(-2.5,-1.,18.4));
#12885 = VERTEX_POINT('',#12886);
#12886 = CARTESIAN_POINT('',(2.5,-1.,18.4));
#12887 = SURFACE_CURVE('',#12888,(#12892,#12898),.PCURVE_S1.);
#12888 = LINE('',#12889,#12890);
#12889 = CARTESIAN_POINT('',(-16.25,-1.,18.4));
#12890 = VECTOR('',#12891,1.);
#12891 = DIRECTION('',(1.,0.,-0.));
#12892 = PCURVE('',#11827,#12893);
#12893 = DEFINITIONAL_REPRESENTATION('',(#12894),#12897);
#12894 = B_SPLINE_CURVE_WITH_KNOTS('',1,(#12895,#12896),.UNSPECIFIED.,
  .F.,.F.,(2,2),(13.75,18.75),.PIECEWISE_BEZIER_KNOTS.);
#12895 = CARTESIAN_POINT('',(42.4,27.5));
#12896 = CARTESIAN_POINT('',(42.4,32.5));
#12897 = ( GEOMETRIC_REPRESENTATION_CONTEXT(2) 
PARAMETRIC_REPRESENTATION_CONTEXT() REPRESENTATION_CONTEXT('2D SPACE',''
  ) );
#12898 = PCURVE('',#12899,#12904);
#12899 = PLANE('',#12900);
#12900 = AXIS2_PLACEMENT_3D('',#12901,#12902,#12903);
#12901 = CARTESIAN_POINT('',(-2.5,-5.,18.4));
#12902 = DIRECTION('',(0.,0.,1.));
#12903 = DIRECTION('',(1.,0.,-0.));
#12904 = DEFINITIONAL_REPRESENTATION('',(#12905),#12908);
#12905 = B_SPLINE_CURVE_WITH_KNOTS('',1,(#12906,#12907),.UNSPECIFIED.,
  .F.,.F.,(2,2),(13.75,18.75),.PIECEWISE_BEZIER_KNOTS.);
#12906 = CARTESIAN_POINT('',(0.,4.));
#12907 = CARTESIAN_POINT('',(5.,4.));
#12908 = ( GEOMETRIC_REPRESENTATION_CONTEXT(2) 
PARAMETRIC_REPRESENTATION_CONTEXT() REPRESENTATION_CONTEXT('2D SPACE',''
  ) );
#12909 = ORIENTED_EDGE('',*,*,#12910,.T.);
#12910 = EDGE_CURVE('',#12883,#12911,#12913,.T.);
#12911 = VERTEX_POINT('',#12912);
#12912 = CARTESIAN_POINT('',(-2.5,-1.,17.2));
#12913 = SURFACE_CURVE('',#12914,(#12918,#12924),.PCURVE_S1.);
#12914 = LINE('',#12915,#12916);
#12915 = CARTESIAN_POINT('',(-2.5,-1.,-3.4));
#12916 = VECTOR('',#12917,1.);
#12917 = DIRECTION('',(-0.,0.,-1.));
#12918 = PCURVE('',#11827,#12919);
#12919 = DEFINITIONAL_REPRESENTATION('',(#12920),#12923);
#12920 = B_SPLINE_CURVE_WITH_KNOTS('',1,(#12921,#12922),.UNSPECIFIED.,
  .F.,.F.,(2,2),(-21.8,-20.6),.PIECEWISE_BEZIER_KNOTS.);
#12921 = CARTESIAN_POINT('',(42.4,27.5));
#12922 = CARTESIAN_POINT('',(41.2,27.5));
#12923 = ( GEOMETRIC_REPRESENTATION_CONTEXT(2) 
PARAMETRIC_REPRESENTATION_CONTEXT() REPRESENTATION_CONTEXT('2D SPACE',''
  ) );
#12924 = PCURVE('',#12925,#12930);
#12925 = PLANE('',#12926);
#12926 = AXIS2_PLACEMENT_3D('',#12927,#12928,#12929);
#12927 = CARTESIAN_POINT('',(-2.5,-5.,17.2));
#12928 = DIRECTION('',(1.,0.,-0.));
#12929 = DIRECTION('',(0.,0.,1.));
#12930 = DEFINITIONAL_REPRESENTATION('',(#12931),#12934);
#12931 = B_SPLINE_CURVE_WITH_KNOTS('',1,(#12932,#12933),.UNSPECIFIED.,
  .F.,.F.,(2,2),(-21.8,-20.6),.PIECEWISE_BEZIER_KNOTS.);
#12932 = CARTESIAN_POINT('',(1.2,-4.));
#12933 = CARTESIAN_POINT('',(0.,-4.));
#12934 = ( GEOMETRIC_REPRESENTATION_CONTEXT(2) 
PARAMETRIC_REPRESENTATION_CONTEXT() REPRESENTATION_CONTEXT('2D SPACE',''
  ) );
#12935 = ORIENTED_EDGE('',*,*,#12936,.T.);
#12936 = EDGE_CURVE('',#12911,#12937,#12939,.T.);
#12937 = VERTEX_POINT('',#12938);
#12938 = CARTESIAN_POINT('',(2.5,-1.,17.2));
#12939 = SURFACE_CURVE('',#12940,(#12944,#12950),.PCURVE_S1.);
#12940 = LINE('',#12941,#12942);
#12941 = CARTESIAN_POINT('',(-16.25,-1.,17.2));
#12942 = VECTOR('',#12943,1.);
#12943 = DIRECTION('',(1.,0.,-0.));
#12944 = PCURVE('',#11827,#12945);
#12945 = DEFINITIONAL_REPRESENTATION('',(#12946),#12949);
#12946 = B_SPLINE_CURVE_WITH_KNOTS('',1,(#12947,#12948),.UNSPECIFIED.,
  .F.,.F.,(2,2),(13.75,18.75),.PIECEWISE_BEZIER_KNOTS.);
#12947 = CARTESIAN_POINT('',(41.2,27.5));
#12948 = CARTESIAN_POINT('',(41.2,32.5));
#12949 = ( GEOMETRIC_REPRESENTATION_CONTEXT(2) 
PARAMETRIC_REPRESENTATION_CONTEXT() REPRESENTATION_CONTEXT('2D SPACE',''
  ) );
#12950 = PCURVE('',#12951,#12956);
#12951 = PLANE('',#12952);
#12952 = AXIS2_PLACEMENT_3D('',#12953,#12954,#12955);
#12953 = CARTESIAN_POINT('',(-2.5,-5.,17.2));
#12954 = DIRECTION('',(0.,0.,1.));
#12955 = DIRECTION('',(1.,0.,-0.));
#12956 = DEFINITIONAL_REPRESENTATION('',(#12957),#12960);
#12957 = B_SPLINE_CURVE_WITH_KNOTS('',1,(#12958,#12959),.UNSPECIFIED.,
  .F.,.F.,(2,2),(13.75,18.75),.PIECEWISE_BEZIER_KNOTS.);
#12958 = CARTESIAN_POINT('',(0.,4.));
#12959 = CARTESIAN_POINT('',(5.,4.));
#12960 = ( GEOMETRIC_REPRESENTATION_CONTEXT(2) 
PARAMETRIC_REPRESENTATION_CONTEXT() REPRESENTATION_CONTEXT('2D SPACE',''
  ) );
#12961 = ORIENTED_EDGE('',*,*,#12962,.F.);
#12962 = EDGE_CURVE('',#12885,#12937,#12963,.T.);
#12963 = SURFACE_CURVE('',#12964,(#12968,#12974),.PCURVE_S1.);
#12964 = LINE('',#12965,#12966);
#12965 = CARTESIAN_POINT('',(2.5,-1.,-3.4));
#12966 = VECTOR('',#12967,1.);
#12967 = DIRECTION('',(-0.,0.,-1.));
#12968 = PCURVE('',#11827,#12969);
#12969 = DEFINITIONAL_REPRESENTATION('',(#12970),#12973);
#12970 = B_SPLINE_CURVE_WITH_KNOTS('',1,(#12971,#12972),.UNSPECIFIED.,
  .F.,.F.,(2,2),(-21.8,-20.6),.PIECEWISE_BEZIER_KNOTS.);
#12971 = CARTESIAN_POINT('',(42.4,32.5));
#12972 = CARTESIAN_POINT('',(41.2,32.5));
#12973 = ( GEOMETRIC_REPRESENTATION_CONTEXT(2) 
PARAMETRIC_REPRESENTATION_CONTEXT() REPRESENTATION_CONTEXT('2D SPACE',''
  ) );
#12974 = PCURVE('',#12975,#12980);
#12975 = PLANE('',#12976);
#12976 = AXIS2_PLACEMENT_3D('',#12977,#12978,#12979);
#12977 = CARTESIAN_POINT('',(2.5,-5.,17.2));
#12978 = DIRECTION('',(1.,0.,-0.));
#12979 = DIRECTION('',(0.,0.,1.));
#12980 = DEFINITIONAL_REPRESENTATION('',(#12981),#12984);
#12981 = B_SPLINE_CURVE_WITH_KNOTS('',1,(#12982,#12983),.UNSPECIFIED.,
  .F.,.F.,(2,2),(-21.8,-20.6),.PIECEWISE_BEZIER_KNOTS.);
#12982 = CARTESIAN_POINT('',(1.2,-4.));
#12983 = CARTESIAN_POINT('',(0.,-4.));
#12984 = ( GEOMETRIC_REPRESENTATION_CONTEXT(2) 
PARAMETRIC_REPRESENTATION_CONTEXT() REPRESENTATION_CONTEXT('2D SPACE',''
  ) );
#12985 = FACE_BOUND('',#12986,.F.);
#12986 = EDGE_LOOP('',(#12987));
#12987 = ORIENTED_EDGE('',*,*,#12988,.T.);
#12988 = EDGE_CURVE('',#12989,#12989,#12991,.T.);
#12989 = VERTEX_POINT('',#12990);
#12990 = CARTESIAN_POINT('',(8.5,-1.,21.));
#12991 = SURFACE_CURVE('',#12992,(#12997,#13008),.PCURVE_S1.);
#12992 = CIRCLE('',#12993,2.5);
#12993 = AXIS2_PLACEMENT_3D('',#12994,#12995,#12996);
#12994 = CARTESIAN_POINT('',(6.,-1.,21.));
#12995 = DIRECTION('',(0.,-1.,2.22044604925E-16));
#12996 = DIRECTION('',(1.,0.,0.));
#12997 = PCURVE('',#11827,#12998);
#12998 = DEFINITIONAL_REPRESENTATION('',(#12999),#13007);
#12999 = ( BOUNDED_CURVE() B_SPLINE_CURVE(2,(#13000,#13001,#13002,#13003
    ,#13004,#13005,#13006),.UNSPECIFIED.,.T.,.F.) 
B_SPLINE_CURVE_WITH_KNOTS((1,2,2,2,2,1),(-2.094395102393,0.,
    2.094395102393,4.188790204786,6.28318530718,8.377580409573),
.UNSPECIFIED.) CURVE() GEOMETRIC_REPRESENTATION_ITEM() 
RATIONAL_B_SPLINE_CURVE((1.,0.5,1.,0.5,1.,0.5,1.)) REPRESENTATION_ITEM(
  '') );
#13000 = CARTESIAN_POINT('',(45.,38.5));
#13001 = CARTESIAN_POINT('',(49.330127018922,38.5));
#13002 = CARTESIAN_POINT('',(47.165063509461,34.75));
#13003 = CARTESIAN_POINT('',(45.,31.));
#13004 = CARTESIAN_POINT('',(42.834936490539,34.75));
#13005 = CARTESIAN_POINT('',(40.669872981078,38.5));
#13006 = CARTESIAN_POINT('',(45.,38.5));
#13007 = ( GEOMETRIC_REPRESENTATION_CONTEXT(2) 
PARAMETRIC_REPRESENTATION_CONTEXT() REPRESENTATION_CONTEXT('2D SPACE',''
  ) );
#13008 = PCURVE('',#13009,#13014);
#13009 = CYLINDRICAL_SURFACE('',#13010,2.5);
#13010 = AXIS2_PLACEMENT_3D('',#13011,#13012,#13013);
#13011 = CARTESIAN_POINT('',(6.,-0.99,21.));
#13012 = DIRECTION('',(0.,-1.,2.22044604925E-16));
#13013 = DIRECTION('',(1.,0.,0.));
#13014 = DEFINITIONAL_REPRESENTATION('',(#13015),#13019);
#13015 = LINE('',#13016,#13017);
#13016 = CARTESIAN_POINT('',(0.,1.E-02));
#13017 = VECTOR('',#13018,1.);
#13018 = DIRECTION('',(1.,0.));
#13019 = ( GEOMETRIC_REPRESENTATION_CONTEXT(2) 
PARAMETRIC_REPRESENTATION_CONTEXT() REPRESENTATION_CONTEXT('2D SPACE',''
  ) );
#13020 = FACE_BOUND('',#13021,.F.);
#13021 = EDGE_LOOP('',(#13022));
#13022 = ORIENTED_EDGE('',*,*,#13023,.T.);
#13023 = EDGE_CURVE('',#13024,#13024,#13026,.T.);
#13024 = VERTEX_POINT('',#13025);
#13025 = CARTESIAN_POINT('',(29.25,-1.,21.));
#13026 = SURFACE_CURVE('',#13027,(#13032,#13043),.PCURVE_S1.);
#13027 = CIRCLE('',#13028,2.25);
#13028 = AXIS2_PLACEMENT_3D('',#13029,#13030,#13031);
#13029 = CARTESIAN_POINT('',(27.,-1.,21.));
#13030 = DIRECTION('',(0.,-1.,2.22044604925E-16));
#13031 = DIRECTION('',(1.,0.,0.));
#13032 = PCURVE('',#11827,#13033);
#13033 = DEFINITIONAL_REPRESENTATION('',(#13034),#13042);
#13034 = ( BOUNDED_CURVE() B_SPLINE_CURVE(2,(#13035,#13036,#13037,#13038
    ,#13039,#13040,#13041),.UNSPECIFIED.,.T.,.F.) 
B_SPLINE_CURVE_WITH_KNOTS((1,2,2,2,2,1),(-2.094395102393,0.,
    2.094395102393,4.188790204786,6.28318530718,8.377580409573),
.UNSPECIFIED.) CURVE() GEOMETRIC_REPRESENTATION_ITEM() 
RATIONAL_B_SPLINE_CURVE((1.,0.5,1.,0.5,1.,0.5,1.)) REPRESENTATION_ITEM(
  '') );
#13035 = CARTESIAN_POINT('',(45.,59.25));
#13036 = CARTESIAN_POINT('',(48.89711431703,59.25));
#13037 = CARTESIAN_POINT('',(46.948557158515,55.875));
#13038 = CARTESIAN_POINT('',(45.,52.5));
#13039 = CARTESIAN_POINT('',(43.051442841485,55.875));
#13040 = CARTESIAN_POINT('',(41.10288568297,59.25));
#13041 = CARTESIAN_POINT('',(45.,59.25));
#13042 = ( GEOMETRIC_REPRESENTATION_CONTEXT(2) 
PARAMETRIC_REPRESENTATION_CONTEXT() REPRESENTATION_CONTEXT('2D SPACE',''
  ) );
#13043 = PCURVE('',#13044,#13049);
#13044 = CYLINDRICAL_SURFACE('',#13045,2.25);
#13045 = AXIS2_PLACEMENT_3D('',#13046,#13047,#13048);
#13046 = CARTESIAN_POINT('',(27.,-0.99,21.));
#13047 = DIRECTION('',(0.,-1.,2.22044604925E-16));
#13048 = DIRECTION('',(1.,0.,0.));
#13049 = DEFINITIONAL_REPRESENTATION('',(#13050),#13054);
#13050 = LINE('',#13051,#13052);
#13051 = CARTESIAN_POINT('',(0.,1.E-02));
#13052 = VECTOR('',#13053,1.);
#13053 = DIRECTION('',(1.,0.));
#13054 = ( GEOMETRIC_REPRESENTATION_CONTEXT(2) 
PARAMETRIC_REPRESENTATION_CONTEXT() REPRESENTATION_CONTEXT('2D SPACE',''
  ) );
#13055 = ADVANCED_FACE('',(#13056,#13059),#12212,.F.);
#13056 = FACE_BOUND('',#13057,.F.);
#13057 = EDGE_LOOP('',(#13058));
#13058 = ORIENTED_EDGE('',*,*,#12197,.T.);
#13059 = FACE_BOUND('',#13060,.F.);
#13060 = EDGE_LOOP('',(#13061));
#13061 = ORIENTED_EDGE('',*,*,#13062,.F.);
#13062 = EDGE_CURVE('',#13063,#13063,#13065,.T.);
#13063 = VERTEX_POINT('',#13064);
#13064 = CARTESIAN_POINT('',(-25.8,-0.4,21.));
#13065 = SURFACE_CURVE('',#13066,(#13071,#13078),.PCURVE_S1.);
#13066 = CIRCLE('',#13067,1.2);
#13067 = AXIS2_PLACEMENT_3D('',#13068,#13069,#13070);
#13068 = CARTESIAN_POINT('',(-27.,-0.4,21.));
#13069 = DIRECTION('',(0.,-1.,2.22044604925E-16));
#13070 = DIRECTION('',(1.,0.,0.));
#13071 = PCURVE('',#12212,#13072);
#13072 = DEFINITIONAL_REPRESENTATION('',(#13073),#13077);
#13073 = CIRCLE('',#13074,1.2);
#13074 = AXIS2_PLACEMENT_2D('',#13075,#13076);
#13075 = CARTESIAN_POINT('',(0.,-3.552713678801E-15));
#13076 = DIRECTION('',(1.,0.));
#13077 = ( GEOMETRIC_REPRESENTATION_CONTEXT(2) 
PARAMETRIC_REPRESENTATION_CONTEXT() REPRESENTATION_CONTEXT('2D SPACE',''
  ) );
#13078 = PCURVE('',#13079,#13084);
#13079 = CYLINDRICAL_SURFACE('',#13080,1.2);
#13080 = AXIS2_PLACEMENT_3D('',#13081,#13082,#13083);
#13081 = CARTESIAN_POINT('',(-27.,2.,21.));
#13082 = DIRECTION('',(0.,-1.,2.22044604925E-16));
#13083 = DIRECTION('',(1.,0.,0.));
#13084 = DEFINITIONAL_REPRESENTATION('',(#13085),#13089);
#13085 = LINE('',#13086,#13087);
#13086 = CARTESIAN_POINT('',(0.,2.4));
#13087 = VECTOR('',#13088,1.);
#13088 = DIRECTION('',(1.,0.));
#13089 = ( GEOMETRIC_REPRESENTATION_CONTEXT(2) 
PARAMETRIC_REPRESENTATION_CONTEXT() REPRESENTATION_CONTEXT('2D SPACE',''
  ) );
#13090 = ADVANCED_FACE('',(#13091),#12267,.F.);
#13091 = FACE_BOUND('',#13092,.F.);
#13092 = EDGE_LOOP('',(#13093));
#13093 = ORIENTED_EDGE('',*,*,#12252,.T.);
#13094 = ADVANCED_FACE('',(#13095,#13098),#12322,.F.);
#13095 = FACE_BOUND('',#13096,.F.);
#13096 = EDGE_LOOP('',(#13097));
#13097 = ORIENTED_EDGE('',*,*,#12307,.T.);
#13098 = FACE_BOUND('',#13099,.F.);
#13099 = EDGE_LOOP('',(#13100));
#13100 = ORIENTED_EDGE('',*,*,#13101,.F.);
#13101 = EDGE_CURVE('',#13102,#13102,#13104,.T.);
#13102 = VERTEX_POINT('',#13103);
#13103 = CARTESIAN_POINT('',(28.2,-0.4,-21.));
#13104 = SURFACE_CURVE('',#13105,(#13110,#13117),.PCURVE_S1.);
#13105 = CIRCLE('',#13106,1.2);
#13106 = AXIS2_PLACEMENT_3D('',#13107,#13108,#13109);
#13107 = CARTESIAN_POINT('',(27.,-0.4,-21.));
#13108 = DIRECTION('',(0.,-1.,2.22044604925E-16));
#13109 = DIRECTION('',(1.,0.,0.));
#13110 = PCURVE('',#12322,#13111);
#13111 = DEFINITIONAL_REPRESENTATION('',(#13112),#13116);
#13112 = CIRCLE('',#13113,1.2);
#13113 = AXIS2_PLACEMENT_2D('',#13114,#13115);
#13114 = CARTESIAN_POINT('',(0.,-3.552713678801E-15));
#13115 = DIRECTION('',(1.,0.));
#13116 = ( GEOMETRIC_REPRESENTATION_CONTEXT(2) 
PARAMETRIC_REPRESENTATION_CONTEXT() REPRESENTATION_CONTEXT('2D SPACE',''
  ) );
#13117 = PCURVE('',#13118,#13123);
#13118 = CYLINDRICAL_SURFACE('',#13119,1.2);
#13119 = AXIS2_PLACEMENT_3D('',#13120,#13121,#13122);
#13120 = CARTESIAN_POINT('',(27.,2.,-21.));
#13121 = DIRECTION('',(0.,-1.,2.22044604925E-16));
#13122 = DIRECTION('',(1.,0.,0.));
#13123 = DEFINITIONAL_REPRESENTATION('',(#13124),#13128);
#13124 = LINE('',#13125,#13126);
#13125 = CARTESIAN_POINT('',(0.,2.4));
#13126 = VECTOR('',#13127,1.);
#13127 = DIRECTION('',(1.,0.));
#13128 = ( GEOMETRIC_REPRESENTATION_CONTEXT(2) 
PARAMETRIC_REPRESENTATION_CONTEXT() REPRESENTATION_CONTEXT('2D SPACE',''
  ) );
#13129 = ADVANCED_FACE('',(#13130),#12377,.F.);
#13130 = FACE_BOUND('',#13131,.F.);
#13131 = EDGE_LOOP('',(#13132));
#13132 = ORIENTED_EDGE('',*,*,#12362,.T.);
#13133 = ADVANCED_FACE('',(#13134,#13137),#12432,.F.);
#13134 = FACE_BOUND('',#13135,.F.);
#13135 = EDGE_LOOP('',(#13136));
#13136 = ORIENTED_EDGE('',*,*,#12417,.T.);
#13137 = FACE_BOUND('',#13138,.F.);
#13138 = EDGE_LOOP('',(#13139));
#13139 = ORIENTED_EDGE('',*,*,#13140,.F.);
#13140 = EDGE_CURVE('',#13141,#13141,#13143,.T.);
#13141 = VERTEX_POINT('',#13142);
#13142 = CARTESIAN_POINT('',(28.2,-0.4,21.));
#13143 = SURFACE_CURVE('',#13144,(#13149,#13156),.PCURVE_S1.);
#13144 = CIRCLE('',#13145,1.2);
#13145 = AXIS2_PLACEMENT_3D('',#13146,#13147,#13148);
#13146 = CARTESIAN_POINT('',(27.,-0.4,21.));
#13147 = DIRECTION('',(0.,-1.,2.22044604925E-16));
#13148 = DIRECTION('',(1.,0.,0.));
#13149 = PCURVE('',#12432,#13150);
#13150 = DEFINITIONAL_REPRESENTATION('',(#13151),#13155);
#13151 = CIRCLE('',#13152,1.2);
#13152 = AXIS2_PLACEMENT_2D('',#13153,#13154);
#13153 = CARTESIAN_POINT('',(0.,-3.552713678801E-15));
#13154 = DIRECTION('',(1.,0.));
#13155 = ( GEOMETRIC_REPRESENTATION_CONTEXT(2) 
PARAMETRIC_REPRESENTATION_CONTEXT() REPRESENTATION_CONTEXT('2D SPACE',''
  ) );
#13156 = PCURVE('',#13157,#13162);
#13157 = CYLINDRICAL_SURFACE('',#13158,1.2);
#13158 = AXIS2_PLACEMENT_3D('',#13159,#13160,#13161);
#13159 = CARTESIAN_POINT('',(27.,2.,21.));
#13160 = DIRECTION('',(0.,-1.,2.22044604925E-16));
#13161 = DIRECTION('',(1.,0.,0.));
#13162 = DEFINITIONAL_REPRESENTATION('',(#13163),#13167);
#13163 = LINE('',#13164,#13165);
#13164 = CARTESIAN_POINT('',(0.,2.4));
#13165 = VECTOR('',#13166,1.);
#13166 = DIRECTION('',(1.,0.));
#13167 = ( GEOMETRIC_REPRESENTATION_CONTEXT(2) 
PARAMETRIC_REPRESENTATION_CONTEXT() REPRESENTATION_CONTEXT('2D SPACE',''
  ) );
#13168 = ADVANCED_FACE('',(#13169),#12476,.T.);
#13169 = FACE_BOUND('',#13170,.T.);
#13170 = EDGE_LOOP('',(#13171,#13194,#13222,#13243));
#13171 = ORIENTED_EDGE('',*,*,#13172,.F.);
#13172 = EDGE_CURVE('',#13173,#12460,#13175,.T.);
#13173 = VERTEX_POINT('',#13174);
#13174 = CARTESIAN_POINT('',(-26.4,-5.,6.));
#13175 = SURFACE_CURVE('',#13176,(#13180,#13187),.PCURVE_S1.);
#13176 = LINE('',#13177,#13178);
#13177 = CARTESIAN_POINT('',(-26.4,-5.,6.));
#13178 = VECTOR('',#13179,1.);
#13179 = DIRECTION('',(-0.,1.,0.));
#13180 = PCURVE('',#12476,#13181);
#13181 = DEFINITIONAL_REPRESENTATION('',(#13182),#13186);
#13182 = LINE('',#13183,#13184);
#13183 = CARTESIAN_POINT('',(0.,0.));
#13184 = VECTOR('',#13185,1.);
#13185 = DIRECTION('',(0.,1.));
#13186 = ( GEOMETRIC_REPRESENTATION_CONTEXT(2) 
PARAMETRIC_REPRESENTATION_CONTEXT() REPRESENTATION_CONTEXT('2D SPACE',''
  ) );
#13187 = PCURVE('',#12502,#13188);
#13188 = DEFINITIONAL_REPRESENTATION('',(#13189),#13193);
#13189 = LINE('',#13190,#13191);
#13190 = CARTESIAN_POINT('',(12.,0.));
#13191 = VECTOR('',#13192,1.);
#13192 = DIRECTION('',(0.,-1.));
#13193 = ( GEOMETRIC_REPRESENTATION_CONTEXT(2) 
PARAMETRIC_REPRESENTATION_CONTEXT() REPRESENTATION_CONTEXT('2D SPACE',''
  ) );
#13194 = ORIENTED_EDGE('',*,*,#13195,.T.);
#13195 = EDGE_CURVE('',#13173,#13196,#13198,.T.);
#13196 = VERTEX_POINT('',#13197);
#13197 = CARTESIAN_POINT('',(-25.2,-5.,6.));
#13198 = SURFACE_CURVE('',#13199,(#13203,#13210),.PCURVE_S1.);
#13199 = LINE('',#13200,#13201);
#13200 = CARTESIAN_POINT('',(-26.4,-5.,6.));
#13201 = VECTOR('',#13202,1.);
#13202 = DIRECTION('',(1.,0.,-0.));
#13203 = PCURVE('',#12476,#13204);
#13204 = DEFINITIONAL_REPRESENTATION('',(#13205),#13209);
#13205 = LINE('',#13206,#13207);
#13206 = CARTESIAN_POINT('',(0.,0.));
#13207 = VECTOR('',#13208,1.);
#13208 = DIRECTION('',(1.,0.));
#13209 = ( GEOMETRIC_REPRESENTATION_CONTEXT(2) 
PARAMETRIC_REPRESENTATION_CONTEXT() REPRESENTATION_CONTEXT('2D SPACE',''
  ) );
#13210 = PCURVE('',#13211,#13216);
#13211 = PLANE('',#13212);
#13212 = AXIS2_PLACEMENT_3D('',#13213,#13214,#13215);
#13213 = CARTESIAN_POINT('',(-26.4,-5.,-6.));
#13214 = DIRECTION('',(-0.,1.,0.));
#13215 = DIRECTION('',(0.,0.,1.));
#13216 = DEFINITIONAL_REPRESENTATION('',(#13217),#13221);
#13217 = LINE('',#13218,#13219);
#13218 = CARTESIAN_POINT('',(12.,0.));
#13219 = VECTOR('',#13220,1.);
#13220 = DIRECTION('',(0.,1.));
#13221 = ( GEOMETRIC_REPRESENTATION_CONTEXT(2) 
PARAMETRIC_REPRESENTATION_CONTEXT() REPRESENTATION_CONTEXT('2D SPACE',''
  ) );
#13222 = ORIENTED_EDGE('',*,*,#13223,.T.);
#13223 = EDGE_CURVE('',#13196,#12462,#13224,.T.);
#13224 = SURFACE_CURVE('',#13225,(#13229,#13236),.PCURVE_S1.);
#13225 = LINE('',#13226,#13227);
#13226 = CARTESIAN_POINT('',(-25.2,-5.,6.));
#13227 = VECTOR('',#13228,1.);
#13228 = DIRECTION('',(-0.,1.,0.));
#13229 = PCURVE('',#12476,#13230);
#13230 = DEFINITIONAL_REPRESENTATION('',(#13231),#13235);
#13231 = LINE('',#13232,#13233);
#13232 = CARTESIAN_POINT('',(1.2,0.));
#13233 = VECTOR('',#13234,1.);
#13234 = DIRECTION('',(0.,1.));
#13235 = ( GEOMETRIC_REPRESENTATION_CONTEXT(2) 
PARAMETRIC_REPRESENTATION_CONTEXT() REPRESENTATION_CONTEXT('2D SPACE',''
  ) );
#13236 = PCURVE('',#12552,#13237);
#13237 = DEFINITIONAL_REPRESENTATION('',(#13238),#13242);
#13238 = LINE('',#13239,#13240);
#13239 = CARTESIAN_POINT('',(12.,0.));
#13240 = VECTOR('',#13241,1.);
#13241 = DIRECTION('',(0.,-1.));
#13242 = ( GEOMETRIC_REPRESENTATION_CONTEXT(2) 
PARAMETRIC_REPRESENTATION_CONTEXT() REPRESENTATION_CONTEXT('2D SPACE',''
  ) );
#13243 = ORIENTED_EDGE('',*,*,#12459,.F.);
#13244 = ADVANCED_FACE('',(#13245),#12502,.F.);
#13245 = FACE_BOUND('',#13246,.F.);
#13246 = EDGE_LOOP('',(#13247,#13248,#13271,#13292));
#13247 = ORIENTED_EDGE('',*,*,#13172,.F.);
#13248 = ORIENTED_EDGE('',*,*,#13249,.F.);
#13249 = EDGE_CURVE('',#13250,#13173,#13252,.T.);
#13250 = VERTEX_POINT('',#13251);
#13251 = CARTESIAN_POINT('',(-26.4,-5.,-6.));
#13252 = SURFACE_CURVE('',#13253,(#13257,#13264),.PCURVE_S1.);
#13253 = LINE('',#13254,#13255);
#13254 = CARTESIAN_POINT('',(-26.4,-5.,-6.));
#13255 = VECTOR('',#13256,1.);
#13256 = DIRECTION('',(0.,0.,1.));
#13257 = PCURVE('',#12502,#13258);
#13258 = DEFINITIONAL_REPRESENTATION('',(#13259),#13263);
#13259 = LINE('',#13260,#13261);
#13260 = CARTESIAN_POINT('',(0.,0.));
#13261 = VECTOR('',#13262,1.);
#13262 = DIRECTION('',(1.,0.));
#13263 = ( GEOMETRIC_REPRESENTATION_CONTEXT(2) 
PARAMETRIC_REPRESENTATION_CONTEXT() REPRESENTATION_CONTEXT('2D SPACE',''
  ) );
#13264 = PCURVE('',#13211,#13265);
#13265 = DEFINITIONAL_REPRESENTATION('',(#13266),#13270);
#13266 = LINE('',#13267,#13268);
#13267 = CARTESIAN_POINT('',(0.,0.));
#13268 = VECTOR('',#13269,1.);
#13269 = DIRECTION('',(1.,0.));
#13270 = ( GEOMETRIC_REPRESENTATION_CONTEXT(2) 
PARAMETRIC_REPRESENTATION_CONTEXT() REPRESENTATION_CONTEXT('2D SPACE',''
  ) );
#13271 = ORIENTED_EDGE('',*,*,#13272,.T.);
#13272 = EDGE_CURVE('',#13250,#12488,#13273,.T.);
#13273 = SURFACE_CURVE('',#13274,(#13278,#13285),.PCURVE_S1.);
#13274 = LINE('',#13275,#13276);
#13275 = CARTESIAN_POINT('',(-26.4,-5.,-6.));
#13276 = VECTOR('',#13277,1.);
#13277 = DIRECTION('',(-0.,1.,0.));
#13278 = PCURVE('',#12502,#13279);
#13279 = DEFINITIONAL_REPRESENTATION('',(#13280),#13284);
#13280 = LINE('',#13281,#13282);
#13281 = CARTESIAN_POINT('',(0.,0.));
#13282 = VECTOR('',#13283,1.);
#13283 = DIRECTION('',(0.,-1.));
#13284 = ( GEOMETRIC_REPRESENTATION_CONTEXT(2) 
PARAMETRIC_REPRESENTATION_CONTEXT() REPRESENTATION_CONTEXT('2D SPACE',''
  ) );
#13285 = PCURVE('',#12528,#13286);
#13286 = DEFINITIONAL_REPRESENTATION('',(#13287),#13291);
#13287 = LINE('',#13288,#13289);
#13288 = CARTESIAN_POINT('',(0.,0.));
#13289 = VECTOR('',#13290,1.);
#13290 = DIRECTION('',(0.,1.));
#13291 = ( GEOMETRIC_REPRESENTATION_CONTEXT(2) 
PARAMETRIC_REPRESENTATION_CONTEXT() REPRESENTATION_CONTEXT('2D SPACE',''
  ) );
#13292 = ORIENTED_EDGE('',*,*,#12487,.F.);
#13293 = ADVANCED_FACE('',(#13294),#12552,.T.);
#13294 = FACE_BOUND('',#13295,.T.);
#13295 = EDGE_LOOP('',(#13296,#13297,#13320,#13341));
#13296 = ORIENTED_EDGE('',*,*,#13223,.F.);
#13297 = ORIENTED_EDGE('',*,*,#13298,.F.);
#13298 = EDGE_CURVE('',#13299,#13196,#13301,.T.);
#13299 = VERTEX_POINT('',#13300);
#13300 = CARTESIAN_POINT('',(-25.2,-5.,-6.));
#13301 = SURFACE_CURVE('',#13302,(#13306,#13313),.PCURVE_S1.);
#13302 = LINE('',#13303,#13304);
#13303 = CARTESIAN_POINT('',(-25.2,-5.,-6.));
#13304 = VECTOR('',#13305,1.);
#13305 = DIRECTION('',(0.,0.,1.));
#13306 = PCURVE('',#12552,#13307);
#13307 = DEFINITIONAL_REPRESENTATION('',(#13308),#13312);
#13308 = LINE('',#13309,#13310);
#13309 = CARTESIAN_POINT('',(0.,0.));
#13310 = VECTOR('',#13311,1.);
#13311 = DIRECTION('',(1.,0.));
#13312 = ( GEOMETRIC_REPRESENTATION_CONTEXT(2) 
PARAMETRIC_REPRESENTATION_CONTEXT() REPRESENTATION_CONTEXT('2D SPACE',''
  ) );
#13313 = PCURVE('',#13211,#13314);
#13314 = DEFINITIONAL_REPRESENTATION('',(#13315),#13319);
#13315 = LINE('',#13316,#13317);
#13316 = CARTESIAN_POINT('',(0.,1.2));
#13317 = VECTOR('',#13318,1.);
#13318 = DIRECTION('',(1.,0.));
#13319 = ( GEOMETRIC_REPRESENTATION_CONTEXT(2) 
PARAMETRIC_REPRESENTATION_CONTEXT() REPRESENTATION_CONTEXT('2D SPACE',''
  ) );
#13320 = ORIENTED_EDGE('',*,*,#13321,.T.);
#13321 = EDGE_CURVE('',#13299,#12514,#13322,.T.);
#13322 = SURFACE_CURVE('',#13323,(#13327,#13334),.PCURVE_S1.);
#13323 = LINE('',#13324,#13325);
#13324 = CARTESIAN_POINT('',(-25.2,-5.,-6.));
#13325 = VECTOR('',#13326,1.);
#13326 = DIRECTION('',(-0.,1.,0.));
#13327 = PCURVE('',#12552,#13328);
#13328 = DEFINITIONAL_REPRESENTATION('',(#13329),#13333);
#13329 = LINE('',#13330,#13331);
#13330 = CARTESIAN_POINT('',(0.,0.));
#13331 = VECTOR('',#13332,1.);
#13332 = DIRECTION('',(0.,-1.));
#13333 = ( GEOMETRIC_REPRESENTATION_CONTEXT(2) 
PARAMETRIC_REPRESENTATION_CONTEXT() REPRESENTATION_CONTEXT('2D SPACE',''
  ) );
#13334 = PCURVE('',#12528,#13335);
#13335 = DEFINITIONAL_REPRESENTATION('',(#13336),#13340);
#13336 = LINE('',#13337,#13338);
#13337 = CARTESIAN_POINT('',(1.2,0.));
#13338 = VECTOR('',#13339,1.);
#13339 = DIRECTION('',(0.,1.));
#13340 = ( GEOMETRIC_REPRESENTATION_CONTEXT(2) 
PARAMETRIC_REPRESENTATION_CONTEXT() REPRESENTATION_CONTEXT('2D SPACE',''
  ) );
#13341 = ORIENTED_EDGE('',*,*,#12539,.F.);
#13342 = ADVANCED_FACE('',(#13343),#12528,.F.);
#13343 = FACE_BOUND('',#13344,.F.);
#13344 = EDGE_LOOP('',(#13345,#13346,#13367,#13368));
#13345 = ORIENTED_EDGE('',*,*,#13272,.F.);
#13346 = ORIENTED_EDGE('',*,*,#13347,.T.);
#13347 = EDGE_CURVE('',#13250,#13299,#13348,.T.);
#13348 = SURFACE_CURVE('',#13349,(#13353,#13360),.PCURVE_S1.);
#13349 = LINE('',#13350,#13351);
#13350 = CARTESIAN_POINT('',(-26.4,-5.,-6.));
#13351 = VECTOR('',#13352,1.);
#13352 = DIRECTION('',(1.,0.,-0.));
#13353 = PCURVE('',#12528,#13354);
#13354 = DEFINITIONAL_REPRESENTATION('',(#13355),#13359);
#13355 = LINE('',#13356,#13357);
#13356 = CARTESIAN_POINT('',(0.,0.));
#13357 = VECTOR('',#13358,1.);
#13358 = DIRECTION('',(1.,0.));
#13359 = ( GEOMETRIC_REPRESENTATION_CONTEXT(2) 
PARAMETRIC_REPRESENTATION_CONTEXT() REPRESENTATION_CONTEXT('2D SPACE',''
  ) );
#13360 = PCURVE('',#13211,#13361);
#13361 = DEFINITIONAL_REPRESENTATION('',(#13362),#13366);
#13362 = LINE('',#13363,#13364);
#13363 = CARTESIAN_POINT('',(0.,0.));
#13364 = VECTOR('',#13365,1.);
#13365 = DIRECTION('',(0.,1.));
#13366 = ( GEOMETRIC_REPRESENTATION_CONTEXT(2) 
PARAMETRIC_REPRESENTATION_CONTEXT() REPRESENTATION_CONTEXT('2D SPACE',''
  ) );
#13367 = ORIENTED_EDGE('',*,*,#13321,.T.);
#13368 = ORIENTED_EDGE('',*,*,#12513,.F.);
#13369 = ADVANCED_FACE('',(#13370),#12586,.T.);
#13370 = FACE_BOUND('',#13371,.T.);
#13371 = EDGE_LOOP('',(#13372,#13395,#13422,#13423));
#13372 = ORIENTED_EDGE('',*,*,#13373,.T.);
#13373 = EDGE_CURVE('',#12566,#13374,#13376,.T.);
#13374 = VERTEX_POINT('',#13375);
#13375 = CARTESIAN_POINT('',(-24.75,-14.2,21.));
#13376 = SEAM_CURVE('',#13377,(#13381,#13388),.PCURVE_S1.);
#13377 = LINE('',#13378,#13379);
#13378 = CARTESIAN_POINT('',(-24.75,-0.99,21.));
#13379 = VECTOR('',#13380,1.);
#13380 = DIRECTION('',(0.,-1.,2.22044604925E-16));
#13381 = PCURVE('',#12586,#13382);
#13382 = DEFINITIONAL_REPRESENTATION('',(#13383),#13387);
#13383 = LINE('',#13384,#13385);
#13384 = CARTESIAN_POINT('',(6.28318530718,-0.));
#13385 = VECTOR('',#13386,1.);
#13386 = DIRECTION('',(0.,1.));
#13387 = ( GEOMETRIC_REPRESENTATION_CONTEXT(2) 
PARAMETRIC_REPRESENTATION_CONTEXT() REPRESENTATION_CONTEXT('2D SPACE',''
  ) );
#13388 = PCURVE('',#12586,#13389);
#13389 = DEFINITIONAL_REPRESENTATION('',(#13390),#13394);
#13390 = LINE('',#13391,#13392);
#13391 = CARTESIAN_POINT('',(0.,-0.));
#13392 = VECTOR('',#13393,1.);
#13393 = DIRECTION('',(0.,1.));
#13394 = ( GEOMETRIC_REPRESENTATION_CONTEXT(2) 
PARAMETRIC_REPRESENTATION_CONTEXT() REPRESENTATION_CONTEXT('2D SPACE',''
  ) );
#13395 = ORIENTED_EDGE('',*,*,#13396,.F.);
#13396 = EDGE_CURVE('',#13374,#13374,#13397,.T.);
#13397 = SURFACE_CURVE('',#13398,(#13403,#13410),.PCURVE_S1.);
#13398 = CIRCLE('',#13399,2.25);
#13399 = AXIS2_PLACEMENT_3D('',#13400,#13401,#13402);
#13400 = CARTESIAN_POINT('',(-27.,-14.2,21.));
#13401 = DIRECTION('',(0.,-1.,2.22044604925E-16));
#13402 = DIRECTION('',(1.,0.,0.));
#13403 = PCURVE('',#12586,#13404);
#13404 = DEFINITIONAL_REPRESENTATION('',(#13405),#13409);
#13405 = LINE('',#13406,#13407);
#13406 = CARTESIAN_POINT('',(0.,13.21));
#13407 = VECTOR('',#13408,1.);
#13408 = DIRECTION('',(1.,0.));
#13409 = ( GEOMETRIC_REPRESENTATION_CONTEXT(2) 
PARAMETRIC_REPRESENTATION_CONTEXT() REPRESENTATION_CONTEXT('2D SPACE',''
  ) );
#13410 = PCURVE('',#13411,#13416);
#13411 = PLANE('',#13412);
#13412 = AXIS2_PLACEMENT_3D('',#13413,#13414,#13415);
#13413 = CARTESIAN_POINT('',(-27.,-14.2,21.));
#13414 = DIRECTION('',(0.,-1.,2.22044604925E-16));
#13415 = DIRECTION('',(1.,0.,0.));
#13416 = DEFINITIONAL_REPRESENTATION('',(#13417),#13421);
#13417 = CIRCLE('',#13418,2.25);
#13418 = AXIS2_PLACEMENT_2D('',#13419,#13420);
#13419 = CARTESIAN_POINT('',(0.,0.));
#13420 = DIRECTION('',(1.,0.));
#13421 = ( GEOMETRIC_REPRESENTATION_CONTEXT(2) 
PARAMETRIC_REPRESENTATION_CONTEXT() REPRESENTATION_CONTEXT('2D SPACE',''
  ) );
#13422 = ORIENTED_EDGE('',*,*,#13373,.F.);
#13423 = ORIENTED_EDGE('',*,*,#12565,.T.);
#13424 = ADVANCED_FACE('',(#13425),#12621,.T.);
#13425 = FACE_BOUND('',#13426,.T.);
#13426 = EDGE_LOOP('',(#13427,#13450,#13477,#13478));
#13427 = ORIENTED_EDGE('',*,*,#13428,.T.);
#13428 = EDGE_CURVE('',#12601,#13429,#13431,.T.);
#13429 = VERTEX_POINT('',#13430);
#13430 = CARTESIAN_POINT('',(-3.5,-6.5,21.));
#13431 = SEAM_CURVE('',#13432,(#13436,#13443),.PCURVE_S1.);
#13432 = LINE('',#13433,#13434);
#13433 = CARTESIAN_POINT('',(-3.5,-0.99,21.));
#13434 = VECTOR('',#13435,1.);
#13435 = DIRECTION('',(0.,-1.,2.22044604925E-16));
#13436 = PCURVE('',#12621,#13437);
#13437 = DEFINITIONAL_REPRESENTATION('',(#13438),#13442);
#13438 = LINE('',#13439,#13440);
#13439 = CARTESIAN_POINT('',(6.28318530718,-0.));
#13440 = VECTOR('',#13441,1.);
#13441 = DIRECTION('',(0.,1.));
#13442 = ( GEOMETRIC_REPRESENTATION_CONTEXT(2) 
PARAMETRIC_REPRESENTATION_CONTEXT() REPRESENTATION_CONTEXT('2D SPACE',''
  ) );
#13443 = PCURVE('',#12621,#13444);
#13444 = DEFINITIONAL_REPRESENTATION('',(#13445),#13449);
#13445 = LINE('',#13446,#13447);
#13446 = CARTESIAN_POINT('',(0.,-0.));
#13447 = VECTOR('',#13448,1.);
#13448 = DIRECTION('',(0.,1.));
#13449 = ( GEOMETRIC_REPRESENTATION_CONTEXT(2) 
PARAMETRIC_REPRESENTATION_CONTEXT() REPRESENTATION_CONTEXT('2D SPACE',''
  ) );
#13450 = ORIENTED_EDGE('',*,*,#13451,.F.);
#13451 = EDGE_CURVE('',#13429,#13429,#13452,.T.);
#13452 = SURFACE_CURVE('',#13453,(#13458,#13465),.PCURVE_S1.);
#13453 = CIRCLE('',#13454,2.5);
#13454 = AXIS2_PLACEMENT_3D('',#13455,#13456,#13457);
#13455 = CARTESIAN_POINT('',(-6.,-6.5,21.));
#13456 = DIRECTION('',(0.,-1.,2.22044604925E-16));
#13457 = DIRECTION('',(1.,0.,0.));
#13458 = PCURVE('',#12621,#13459);
#13459 = DEFINITIONAL_REPRESENTATION('',(#13460),#13464);
#13460 = LINE('',#13461,#13462);
#13461 = CARTESIAN_POINT('',(0.,5.51));
#13462 = VECTOR('',#13463,1.);
#13463 = DIRECTION('',(1.,0.));
#13464 = ( GEOMETRIC_REPRESENTATION_CONTEXT(2) 
PARAMETRIC_REPRESENTATION_CONTEXT() REPRESENTATION_CONTEXT('2D SPACE',''
  ) );
#13465 = PCURVE('',#13466,#13471);
#13466 = PLANE('',#13467);
#13467 = AXIS2_PLACEMENT_3D('',#13468,#13469,#13470);
#13468 = CARTESIAN_POINT('',(-6.,-6.5,21.));
#13469 = DIRECTION('',(0.,-1.,2.22044604925E-16));
#13470 = DIRECTION('',(1.,0.,0.));
#13471 = DEFINITIONAL_REPRESENTATION('',(#13472),#13476);
#13472 = CIRCLE('',#13473,2.5);
#13473 = AXIS2_PLACEMENT_2D('',#13474,#13475);
#13474 = CARTESIAN_POINT('',(0.,0.));
#13475 = DIRECTION('',(1.,0.));
#13476 = ( GEOMETRIC_REPRESENTATION_CONTEXT(2) 
PARAMETRIC_REPRESENTATION_CONTEXT() REPRESENTATION_CONTEXT('2D SPACE',''
  ) );
#13477 = ORIENTED_EDGE('',*,*,#13428,.F.);
#13478 = ORIENTED_EDGE('',*,*,#12600,.T.);
#13479 = ADVANCED_FACE('',(#13480),#12652,.T.);
#13480 = FACE_BOUND('',#13481,.T.);
#13481 = EDGE_LOOP('',(#13482,#13505,#13533,#13554));
#13482 = ORIENTED_EDGE('',*,*,#13483,.F.);
#13483 = EDGE_CURVE('',#13484,#12636,#13486,.T.);
#13484 = VERTEX_POINT('',#13485);
#13485 = CARTESIAN_POINT('',(-2.5,-5.,-17.2));
#13486 = SURFACE_CURVE('',#13487,(#13491,#13498),.PCURVE_S1.);
#13487 = LINE('',#13488,#13489);
#13488 = CARTESIAN_POINT('',(-2.5,-5.,-17.2));
#13489 = VECTOR('',#13490,1.);
#13490 = DIRECTION('',(-0.,1.,0.));
#13491 = PCURVE('',#12652,#13492);
#13492 = DEFINITIONAL_REPRESENTATION('',(#13493),#13497);
#13493 = LINE('',#13494,#13495);
#13494 = CARTESIAN_POINT('',(0.,0.));
#13495 = VECTOR('',#13496,1.);
#13496 = DIRECTION('',(0.,1.));
#13497 = ( GEOMETRIC_REPRESENTATION_CONTEXT(2) 
PARAMETRIC_REPRESENTATION_CONTEXT() REPRESENTATION_CONTEXT('2D SPACE',''
  ) );
#13498 = PCURVE('',#12678,#13499);
#13499 = DEFINITIONAL_REPRESENTATION('',(#13500),#13504);
#13500 = LINE('',#13501,#13502);
#13501 = CARTESIAN_POINT('',(1.2,0.));
#13502 = VECTOR('',#13503,1.);
#13503 = DIRECTION('',(0.,-1.));
#13504 = ( GEOMETRIC_REPRESENTATION_CONTEXT(2) 
PARAMETRIC_REPRESENTATION_CONTEXT() REPRESENTATION_CONTEXT('2D SPACE',''
  ) );
#13505 = ORIENTED_EDGE('',*,*,#13506,.T.);
#13506 = EDGE_CURVE('',#13484,#13507,#13509,.T.);
#13507 = VERTEX_POINT('',#13508);
#13508 = CARTESIAN_POINT('',(2.5,-5.,-17.2));
#13509 = SURFACE_CURVE('',#13510,(#13514,#13521),.PCURVE_S1.);
#13510 = LINE('',#13511,#13512);
#13511 = CARTESIAN_POINT('',(-2.5,-5.,-17.2));
#13512 = VECTOR('',#13513,1.);
#13513 = DIRECTION('',(1.,0.,-0.));
#13514 = PCURVE('',#12652,#13515);
#13515 = DEFINITIONAL_REPRESENTATION('',(#13516),#13520);
#13516 = LINE('',#13517,#13518);
#13517 = CARTESIAN_POINT('',(0.,0.));
#13518 = VECTOR('',#13519,1.);
#13519 = DIRECTION('',(1.,0.));
#13520 = ( GEOMETRIC_REPRESENTATION_CONTEXT(2) 
PARAMETRIC_REPRESENTATION_CONTEXT() REPRESENTATION_CONTEXT('2D SPACE',''
  ) );
#13521 = PCURVE('',#13522,#13527);
#13522 = PLANE('',#13523);
#13523 = AXIS2_PLACEMENT_3D('',#13524,#13525,#13526);
#13524 = CARTESIAN_POINT('',(-2.5,-5.,-18.4));
#13525 = DIRECTION('',(-0.,1.,0.));
#13526 = DIRECTION('',(0.,0.,1.));
#13527 = DEFINITIONAL_REPRESENTATION('',(#13528),#13532);
#13528 = LINE('',#13529,#13530);
#13529 = CARTESIAN_POINT('',(1.2,0.));
#13530 = VECTOR('',#13531,1.);
#13531 = DIRECTION('',(0.,1.));
#13532 = ( GEOMETRIC_REPRESENTATION_CONTEXT(2) 
PARAMETRIC_REPRESENTATION_CONTEXT() REPRESENTATION_CONTEXT('2D SPACE',''
  ) );
#13533 = ORIENTED_EDGE('',*,*,#13534,.T.);
#13534 = EDGE_CURVE('',#13507,#12638,#13535,.T.);
#13535 = SURFACE_CURVE('',#13536,(#13540,#13547),.PCURVE_S1.);
#13536 = LINE('',#13537,#13538);
#13537 = CARTESIAN_POINT('',(2.5,-5.,-17.2));
#13538 = VECTOR('',#13539,1.);
#13539 = DIRECTION('',(-0.,1.,0.));
#13540 = PCURVE('',#12652,#13541);
#13541 = DEFINITIONAL_REPRESENTATION('',(#13542),#13546);
#13542 = LINE('',#13543,#13544);
#13543 = CARTESIAN_POINT('',(5.,0.));
#13544 = VECTOR('',#13545,1.);
#13545 = DIRECTION('',(0.,1.));
#13546 = ( GEOMETRIC_REPRESENTATION_CONTEXT(2) 
PARAMETRIC_REPRESENTATION_CONTEXT() REPRESENTATION_CONTEXT('2D SPACE',''
  ) );
#13547 = PCURVE('',#12728,#13548);
#13548 = DEFINITIONAL_REPRESENTATION('',(#13549),#13553);
#13549 = LINE('',#13550,#13551);
#13550 = CARTESIAN_POINT('',(1.2,0.));
#13551 = VECTOR('',#13552,1.);
#13552 = DIRECTION('',(0.,-1.));
#13553 = ( GEOMETRIC_REPRESENTATION_CONTEXT(2) 
PARAMETRIC_REPRESENTATION_CONTEXT() REPRESENTATION_CONTEXT('2D SPACE',''
  ) );
#13554 = ORIENTED_EDGE('',*,*,#12635,.F.);
#13555 = ADVANCED_FACE('',(#13556),#12678,.F.);
#13556 = FACE_BOUND('',#13557,.F.);
#13557 = EDGE_LOOP('',(#13558,#13559,#13582,#13603));
#13558 = ORIENTED_EDGE('',*,*,#13483,.F.);
#13559 = ORIENTED_EDGE('',*,*,#13560,.F.);
#13560 = EDGE_CURVE('',#13561,#13484,#13563,.T.);
#13561 = VERTEX_POINT('',#13562);
#13562 = CARTESIAN_POINT('',(-2.5,-5.,-18.4));
#13563 = SURFACE_CURVE('',#13564,(#13568,#13575),.PCURVE_S1.);
#13564 = LINE('',#13565,#13566);
#13565 = CARTESIAN_POINT('',(-2.5,-5.,-18.4));
#13566 = VECTOR('',#13567,1.);
#13567 = DIRECTION('',(0.,0.,1.));
#13568 = PCURVE('',#12678,#13569);
#13569 = DEFINITIONAL_REPRESENTATION('',(#13570),#13574);
#13570 = LINE('',#13571,#13572);
#13571 = CARTESIAN_POINT('',(0.,0.));
#13572 = VECTOR('',#13573,1.);
#13573 = DIRECTION('',(1.,0.));
#13574 = ( GEOMETRIC_REPRESENTATION_CONTEXT(2) 
PARAMETRIC_REPRESENTATION_CONTEXT() REPRESENTATION_CONTEXT('2D SPACE',''
  ) );
#13575 = PCURVE('',#13522,#13576);
#13576 = DEFINITIONAL_REPRESENTATION('',(#13577),#13581);
#13577 = LINE('',#13578,#13579);
#13578 = CARTESIAN_POINT('',(0.,0.));
#13579 = VECTOR('',#13580,1.);
#13580 = DIRECTION('',(1.,0.));
#13581 = ( GEOMETRIC_REPRESENTATION_CONTEXT(2) 
PARAMETRIC_REPRESENTATION_CONTEXT() REPRESENTATION_CONTEXT('2D SPACE',''
  ) );
#13582 = ORIENTED_EDGE('',*,*,#13583,.T.);
#13583 = EDGE_CURVE('',#13561,#12664,#13584,.T.);
#13584 = SURFACE_CURVE('',#13585,(#13589,#13596),.PCURVE_S1.);
#13585 = LINE('',#13586,#13587);
#13586 = CARTESIAN_POINT('',(-2.5,-5.,-18.4));
#13587 = VECTOR('',#13588,1.);
#13588 = DIRECTION('',(-0.,1.,0.));
#13589 = PCURVE('',#12678,#13590);
#13590 = DEFINITIONAL_REPRESENTATION('',(#13591),#13595);
#13591 = LINE('',#13592,#13593);
#13592 = CARTESIAN_POINT('',(0.,0.));
#13593 = VECTOR('',#13594,1.);
#13594 = DIRECTION('',(0.,-1.));
#13595 = ( GEOMETRIC_REPRESENTATION_CONTEXT(2) 
PARAMETRIC_REPRESENTATION_CONTEXT() REPRESENTATION_CONTEXT('2D SPACE',''
  ) );
#13596 = PCURVE('',#12704,#13597);
#13597 = DEFINITIONAL_REPRESENTATION('',(#13598),#13602);
#13598 = LINE('',#13599,#13600);
#13599 = CARTESIAN_POINT('',(0.,0.));
#13600 = VECTOR('',#13601,1.);
#13601 = DIRECTION('',(0.,1.));
#13602 = ( GEOMETRIC_REPRESENTATION_CONTEXT(2) 
PARAMETRIC_REPRESENTATION_CONTEXT() REPRESENTATION_CONTEXT('2D SPACE',''
  ) );
#13603 = ORIENTED_EDGE('',*,*,#12663,.F.);
#13604 = ADVANCED_FACE('',(#13605),#12728,.T.);
#13605 = FACE_BOUND('',#13606,.T.);
#13606 = EDGE_LOOP('',(#13607,#13608,#13631,#13652));
#13607 = ORIENTED_EDGE('',*,*,#13534,.F.);
#13608 = ORIENTED_EDGE('',*,*,#13609,.F.);
#13609 = EDGE_CURVE('',#13610,#13507,#13612,.T.);
#13610 = VERTEX_POINT('',#13611);
#13611 = CARTESIAN_POINT('',(2.5,-5.,-18.4));
#13612 = SURFACE_CURVE('',#13613,(#13617,#13624),.PCURVE_S1.);
#13613 = LINE('',#13614,#13615);
#13614 = CARTESIAN_POINT('',(2.5,-5.,-18.4));
#13615 = VECTOR('',#13616,1.);
#13616 = DIRECTION('',(0.,0.,1.));
#13617 = PCURVE('',#12728,#13618);
#13618 = DEFINITIONAL_REPRESENTATION('',(#13619),#13623);
#13619 = LINE('',#13620,#13621);
#13620 = CARTESIAN_POINT('',(0.,0.));
#13621 = VECTOR('',#13622,1.);
#13622 = DIRECTION('',(1.,0.));
#13623 = ( GEOMETRIC_REPRESENTATION_CONTEXT(2) 
PARAMETRIC_REPRESENTATION_CONTEXT() REPRESENTATION_CONTEXT('2D SPACE',''
  ) );
#13624 = PCURVE('',#13522,#13625);
#13625 = DEFINITIONAL_REPRESENTATION('',(#13626),#13630);
#13626 = LINE('',#13627,#13628);
#13627 = CARTESIAN_POINT('',(0.,5.));
#13628 = VECTOR('',#13629,1.);
#13629 = DIRECTION('',(1.,0.));
#13630 = ( GEOMETRIC_REPRESENTATION_CONTEXT(2) 
PARAMETRIC_REPRESENTATION_CONTEXT() REPRESENTATION_CONTEXT('2D SPACE',''
  ) );
#13631 = ORIENTED_EDGE('',*,*,#13632,.T.);
#13632 = EDGE_CURVE('',#13610,#12690,#13633,.T.);
#13633 = SURFACE_CURVE('',#13634,(#13638,#13645),.PCURVE_S1.);
#13634 = LINE('',#13635,#13636);
#13635 = CARTESIAN_POINT('',(2.5,-5.,-18.4));
#13636 = VECTOR('',#13637,1.);
#13637 = DIRECTION('',(-0.,1.,0.));
#13638 = PCURVE('',#12728,#13639);
#13639 = DEFINITIONAL_REPRESENTATION('',(#13640),#13644);
#13640 = LINE('',#13641,#13642);
#13641 = CARTESIAN_POINT('',(0.,0.));
#13642 = VECTOR('',#13643,1.);
#13643 = DIRECTION('',(0.,-1.));
#13644 = ( GEOMETRIC_REPRESENTATION_CONTEXT(2) 
PARAMETRIC_REPRESENTATION_CONTEXT() REPRESENTATION_CONTEXT('2D SPACE',''
  ) );
#13645 = PCURVE('',#12704,#13646);
#13646 = DEFINITIONAL_REPRESENTATION('',(#13647),#13651);
#13647 = LINE('',#13648,#13649);
#13648 = CARTESIAN_POINT('',(5.,0.));
#13649 = VECTOR('',#13650,1.);
#13650 = DIRECTION('',(0.,1.));
#13651 = ( GEOMETRIC_REPRESENTATION_CONTEXT(2) 
PARAMETRIC_REPRESENTATION_CONTEXT() REPRESENTATION_CONTEXT('2D SPACE',''
  ) );
#13652 = ORIENTED_EDGE('',*,*,#12715,.F.);
#13653 = ADVANCED_FACE('',(#13654),#12704,.F.);
#13654 = FACE_BOUND('',#13655,.F.);
#13655 = EDGE_LOOP('',(#13656,#13657,#13678,#13679));
#13656 = ORIENTED_EDGE('',*,*,#13583,.F.);
#13657 = ORIENTED_EDGE('',*,*,#13658,.T.);
#13658 = EDGE_CURVE('',#13561,#13610,#13659,.T.);
#13659 = SURFACE_CURVE('',#13660,(#13664,#13671),.PCURVE_S1.);
#13660 = LINE('',#13661,#13662);
#13661 = CARTESIAN_POINT('',(-2.5,-5.,-18.4));
#13662 = VECTOR('',#13663,1.);
#13663 = DIRECTION('',(1.,0.,-0.));
#13664 = PCURVE('',#12704,#13665);
#13665 = DEFINITIONAL_REPRESENTATION('',(#13666),#13670);
#13666 = LINE('',#13667,#13668);
#13667 = CARTESIAN_POINT('',(0.,0.));
#13668 = VECTOR('',#13669,1.);
#13669 = DIRECTION('',(1.,0.));
#13670 = ( GEOMETRIC_REPRESENTATION_CONTEXT(2) 
PARAMETRIC_REPRESENTATION_CONTEXT() REPRESENTATION_CONTEXT('2D SPACE',''
  ) );
#13671 = PCURVE('',#13522,#13672);
#13672 = DEFINITIONAL_REPRESENTATION('',(#13673),#13677);
#13673 = LINE('',#13674,#13675);
#13674 = CARTESIAN_POINT('',(0.,0.));
#13675 = VECTOR('',#13676,1.);
#13676 = DIRECTION('',(0.,1.));
#13677 = ( GEOMETRIC_REPRESENTATION_CONTEXT(2) 
PARAMETRIC_REPRESENTATION_CONTEXT() REPRESENTATION_CONTEXT('2D SPACE',''
  ) );
#13678 = ORIENTED_EDGE('',*,*,#13632,.T.);
#13679 = ORIENTED_EDGE('',*,*,#12689,.F.);
#13680 = ADVANCED_FACE('',(#13681),#12762,.T.);
#13681 = FACE_BOUND('',#13682,.T.);
#13682 = EDGE_LOOP('',(#13683,#13706,#13733,#13734));
#13683 = ORIENTED_EDGE('',*,*,#13684,.T.);
#13684 = EDGE_CURVE('',#12742,#13685,#13687,.T.);
#13685 = VERTEX_POINT('',#13686);
#13686 = CARTESIAN_POINT('',(29.25,-14.2,-21.));
#13687 = SEAM_CURVE('',#13688,(#13692,#13699),.PCURVE_S1.);
#13688 = LINE('',#13689,#13690);
#13689 = CARTESIAN_POINT('',(29.25,-0.99,-21.));
#13690 = VECTOR('',#13691,1.);
#13691 = DIRECTION('',(0.,-1.,2.22044604925E-16));
#13692 = PCURVE('',#12762,#13693);
#13693 = DEFINITIONAL_REPRESENTATION('',(#13694),#13698);
#13694 = LINE('',#13695,#13696);
#13695 = CARTESIAN_POINT('',(6.28318530718,-0.));
#13696 = VECTOR('',#13697,1.);
#13697 = DIRECTION('',(0.,1.));
#13698 = ( GEOMETRIC_REPRESENTATION_CONTEXT(2) 
PARAMETRIC_REPRESENTATION_CONTEXT() REPRESENTATION_CONTEXT('2D SPACE',''
  ) );
#13699 = PCURVE('',#12762,#13700);
#13700 = DEFINITIONAL_REPRESENTATION('',(#13701),#13705);
#13701 = LINE('',#13702,#13703);
#13702 = CARTESIAN_POINT('',(0.,-0.));
#13703 = VECTOR('',#13704,1.);
#13704 = DIRECTION('',(0.,1.));
#13705 = ( GEOMETRIC_REPRESENTATION_CONTEXT(2) 
PARAMETRIC_REPRESENTATION_CONTEXT() REPRESENTATION_CONTEXT('2D SPACE',''
  ) );
#13706 = ORIENTED_EDGE('',*,*,#13707,.F.);
#13707 = EDGE_CURVE('',#13685,#13685,#13708,.T.);
#13708 = SURFACE_CURVE('',#13709,(#13714,#13721),.PCURVE_S1.);
#13709 = CIRCLE('',#13710,2.25);
#13710 = AXIS2_PLACEMENT_3D('',#13711,#13712,#13713);
#13711 = CARTESIAN_POINT('',(27.,-14.2,-21.));
#13712 = DIRECTION('',(0.,-1.,2.22044604925E-16));
#13713 = DIRECTION('',(1.,0.,0.));
#13714 = PCURVE('',#12762,#13715);
#13715 = DEFINITIONAL_REPRESENTATION('',(#13716),#13720);
#13716 = LINE('',#13717,#13718);
#13717 = CARTESIAN_POINT('',(0.,13.21));
#13718 = VECTOR('',#13719,1.);
#13719 = DIRECTION('',(1.,0.));
#13720 = ( GEOMETRIC_REPRESENTATION_CONTEXT(2) 
PARAMETRIC_REPRESENTATION_CONTEXT() REPRESENTATION_CONTEXT('2D SPACE',''
  ) );
#13721 = PCURVE('',#13722,#13727);
#13722 = PLANE('',#13723);
#13723 = AXIS2_PLACEMENT_3D('',#13724,#13725,#13726);
#13724 = CARTESIAN_POINT('',(27.,-14.2,-21.));
#13725 = DIRECTION('',(0.,-1.,2.22044604925E-16));
#13726 = DIRECTION('',(1.,0.,0.));
#13727 = DEFINITIONAL_REPRESENTATION('',(#13728),#13732);
#13728 = CIRCLE('',#13729,2.25);
#13729 = AXIS2_PLACEMENT_2D('',#13730,#13731);
#13730 = CARTESIAN_POINT('',(0.,0.));
#13731 = DIRECTION('',(1.,0.));
#13732 = ( GEOMETRIC_REPRESENTATION_CONTEXT(2) 
PARAMETRIC_REPRESENTATION_CONTEXT() REPRESENTATION_CONTEXT('2D SPACE',''
  ) );
#13733 = ORIENTED_EDGE('',*,*,#13684,.F.);
#13734 = ORIENTED_EDGE('',*,*,#12741,.T.);
#13735 = ADVANCED_FACE('',(#13736),#12793,.T.);
#13736 = FACE_BOUND('',#13737,.T.);
#13737 = EDGE_LOOP('',(#13738,#13761,#13789,#13810));
#13738 = ORIENTED_EDGE('',*,*,#13739,.F.);
#13739 = EDGE_CURVE('',#13740,#12777,#13742,.T.);
#13740 = VERTEX_POINT('',#13741);
#13741 = CARTESIAN_POINT('',(25.2,-5.,6.));
#13742 = SURFACE_CURVE('',#13743,(#13747,#13754),.PCURVE_S1.);
#13743 = LINE('',#13744,#13745);
#13744 = CARTESIAN_POINT('',(25.2,-5.,6.));
#13745 = VECTOR('',#13746,1.);
#13746 = DIRECTION('',(-0.,1.,0.));
#13747 = PCURVE('',#12793,#13748);
#13748 = DEFINITIONAL_REPRESENTATION('',(#13749),#13753);
#13749 = LINE('',#13750,#13751);
#13750 = CARTESIAN_POINT('',(0.,0.));
#13751 = VECTOR('',#13752,1.);
#13752 = DIRECTION('',(0.,1.));
#13753 = ( GEOMETRIC_REPRESENTATION_CONTEXT(2) 
PARAMETRIC_REPRESENTATION_CONTEXT() REPRESENTATION_CONTEXT('2D SPACE',''
  ) );
#13754 = PCURVE('',#12819,#13755);
#13755 = DEFINITIONAL_REPRESENTATION('',(#13756),#13760);
#13756 = LINE('',#13757,#13758);
#13757 = CARTESIAN_POINT('',(12.,0.));
#13758 = VECTOR('',#13759,1.);
#13759 = DIRECTION('',(0.,-1.));
#13760 = ( GEOMETRIC_REPRESENTATION_CONTEXT(2) 
PARAMETRIC_REPRESENTATION_CONTEXT() REPRESENTATION_CONTEXT('2D SPACE',''
  ) );
#13761 = ORIENTED_EDGE('',*,*,#13762,.T.);
#13762 = EDGE_CURVE('',#13740,#13763,#13765,.T.);
#13763 = VERTEX_POINT('',#13764);
#13764 = CARTESIAN_POINT('',(26.4,-5.,6.));
#13765 = SURFACE_CURVE('',#13766,(#13770,#13777),.PCURVE_S1.);
#13766 = LINE('',#13767,#13768);
#13767 = CARTESIAN_POINT('',(25.2,-5.,6.));
#13768 = VECTOR('',#13769,1.);
#13769 = DIRECTION('',(1.,0.,-0.));
#13770 = PCURVE('',#12793,#13771);
#13771 = DEFINITIONAL_REPRESENTATION('',(#13772),#13776);
#13772 = LINE('',#13773,#13774);
#13773 = CARTESIAN_POINT('',(0.,0.));
#13774 = VECTOR('',#13775,1.);
#13775 = DIRECTION('',(1.,0.));
#13776 = ( GEOMETRIC_REPRESENTATION_CONTEXT(2) 
PARAMETRIC_REPRESENTATION_CONTEXT() REPRESENTATION_CONTEXT('2D SPACE',''
  ) );
#13777 = PCURVE('',#13778,#13783);
#13778 = PLANE('',#13779);
#13779 = AXIS2_PLACEMENT_3D('',#13780,#13781,#13782);
#13780 = CARTESIAN_POINT('',(25.2,-5.,-6.));
#13781 = DIRECTION('',(-0.,1.,0.));
#13782 = DIRECTION('',(0.,0.,1.));
#13783 = DEFINITIONAL_REPRESENTATION('',(#13784),#13788);
#13784 = LINE('',#13785,#13786);
#13785 = CARTESIAN_POINT('',(12.,0.));
#13786 = VECTOR('',#13787,1.);
#13787 = DIRECTION('',(0.,1.));
#13788 = ( GEOMETRIC_REPRESENTATION_CONTEXT(2) 
PARAMETRIC_REPRESENTATION_CONTEXT() REPRESENTATION_CONTEXT('2D SPACE',''
  ) );
#13789 = ORIENTED_EDGE('',*,*,#13790,.T.);
#13790 = EDGE_CURVE('',#13763,#12779,#13791,.T.);
#13791 = SURFACE_CURVE('',#13792,(#13796,#13803),.PCURVE_S1.);
#13792 = LINE('',#13793,#13794);
#13793 = CARTESIAN_POINT('',(26.4,-5.,6.));
#13794 = VECTOR('',#13795,1.);
#13795 = DIRECTION('',(-0.,1.,0.));
#13796 = PCURVE('',#12793,#13797);
#13797 = DEFINITIONAL_REPRESENTATION('',(#13798),#13802);
#13798 = LINE('',#13799,#13800);
#13799 = CARTESIAN_POINT('',(1.2,0.));
#13800 = VECTOR('',#13801,1.);
#13801 = DIRECTION('',(0.,1.));
#13802 = ( GEOMETRIC_REPRESENTATION_CONTEXT(2) 
PARAMETRIC_REPRESENTATION_CONTEXT() REPRESENTATION_CONTEXT('2D SPACE',''
  ) );
#13803 = PCURVE('',#12869,#13804);
#13804 = DEFINITIONAL_REPRESENTATION('',(#13805),#13809);
#13805 = LINE('',#13806,#13807);
#13806 = CARTESIAN_POINT('',(12.,0.));
#13807 = VECTOR('',#13808,1.);
#13808 = DIRECTION('',(0.,-1.));
#13809 = ( GEOMETRIC_REPRESENTATION_CONTEXT(2) 
PARAMETRIC_REPRESENTATION_CONTEXT() REPRESENTATION_CONTEXT('2D SPACE',''
  ) );
#13810 = ORIENTED_EDGE('',*,*,#12776,.F.);
#13811 = ADVANCED_FACE('',(#13812),#12819,.F.);
#13812 = FACE_BOUND('',#13813,.F.);
#13813 = EDGE_LOOP('',(#13814,#13815,#13838,#13859));
#13814 = ORIENTED_EDGE('',*,*,#13739,.F.);
#13815 = ORIENTED_EDGE('',*,*,#13816,.F.);
#13816 = EDGE_CURVE('',#13817,#13740,#13819,.T.);
#13817 = VERTEX_POINT('',#13818);
#13818 = CARTESIAN_POINT('',(25.2,-5.,-6.));
#13819 = SURFACE_CURVE('',#13820,(#13824,#13831),.PCURVE_S1.);
#13820 = LINE('',#13821,#13822);
#13821 = CARTESIAN_POINT('',(25.2,-5.,-6.));
#13822 = VECTOR('',#13823,1.);
#13823 = DIRECTION('',(0.,0.,1.));
#13824 = PCURVE('',#12819,#13825);
#13825 = DEFINITIONAL_REPRESENTATION('',(#13826),#13830);
#13826 = LINE('',#13827,#13828);
#13827 = CARTESIAN_POINT('',(0.,0.));
#13828 = VECTOR('',#13829,1.);
#13829 = DIRECTION('',(1.,0.));
#13830 = ( GEOMETRIC_REPRESENTATION_CONTEXT(2) 
PARAMETRIC_REPRESENTATION_CONTEXT() REPRESENTATION_CONTEXT('2D SPACE',''
  ) );
#13831 = PCURVE('',#13778,#13832);
#13832 = DEFINITIONAL_REPRESENTATION('',(#13833),#13837);
#13833 = LINE('',#13834,#13835);
#13834 = CARTESIAN_POINT('',(0.,0.));
#13835 = VECTOR('',#13836,1.);
#13836 = DIRECTION('',(1.,0.));
#13837 = ( GEOMETRIC_REPRESENTATION_CONTEXT(2) 
PARAMETRIC_REPRESENTATION_CONTEXT() REPRESENTATION_CONTEXT('2D SPACE',''
  ) );
#13838 = ORIENTED_EDGE('',*,*,#13839,.T.);
#13839 = EDGE_CURVE('',#13817,#12805,#13840,.T.);
#13840 = SURFACE_CURVE('',#13841,(#13845,#13852),.PCURVE_S1.);
#13841 = LINE('',#13842,#13843);
#13842 = CARTESIAN_POINT('',(25.2,-5.,-6.));
#13843 = VECTOR('',#13844,1.);
#13844 = DIRECTION('',(-0.,1.,0.));
#13845 = PCURVE('',#12819,#13846);
#13846 = DEFINITIONAL_REPRESENTATION('',(#13847),#13851);
#13847 = LINE('',#13848,#13849);
#13848 = CARTESIAN_POINT('',(0.,0.));
#13849 = VECTOR('',#13850,1.);
#13850 = DIRECTION('',(0.,-1.));
#13851 = ( GEOMETRIC_REPRESENTATION_CONTEXT(2) 
PARAMETRIC_REPRESENTATION_CONTEXT() REPRESENTATION_CONTEXT('2D SPACE',''
  ) );
#13852 = PCURVE('',#12845,#13853);
#13853 = DEFINITIONAL_REPRESENTATION('',(#13854),#13858);
#13854 = LINE('',#13855,#13856);
#13855 = CARTESIAN_POINT('',(0.,0.));
#13856 = VECTOR('',#13857,1.);
#13857 = DIRECTION('',(0.,1.));
#13858 = ( GEOMETRIC_REPRESENTATION_CONTEXT(2) 
PARAMETRIC_REPRESENTATION_CONTEXT() REPRESENTATION_CONTEXT('2D SPACE',''
  ) );
#13859 = ORIENTED_EDGE('',*,*,#12804,.F.);
#13860 = ADVANCED_FACE('',(#13861),#12869,.T.);
#13861 = FACE_BOUND('',#13862,.T.);
#13862 = EDGE_LOOP('',(#13863,#13864,#13887,#13908));
#13863 = ORIENTED_EDGE('',*,*,#13790,.F.);
#13864 = ORIENTED_EDGE('',*,*,#13865,.F.);
#13865 = EDGE_CURVE('',#13866,#13763,#13868,.T.);
#13866 = VERTEX_POINT('',#13867);
#13867 = CARTESIAN_POINT('',(26.4,-5.,-6.));
#13868 = SURFACE_CURVE('',#13869,(#13873,#13880),.PCURVE_S1.);
#13869 = LINE('',#13870,#13871);
#13870 = CARTESIAN_POINT('',(26.4,-5.,-6.));
#13871 = VECTOR('',#13872,1.);
#13872 = DIRECTION('',(0.,0.,1.));
#13873 = PCURVE('',#12869,#13874);
#13874 = DEFINITIONAL_REPRESENTATION('',(#13875),#13879);
#13875 = LINE('',#13876,#13877);
#13876 = CARTESIAN_POINT('',(0.,0.));
#13877 = VECTOR('',#13878,1.);
#13878 = DIRECTION('',(1.,0.));
#13879 = ( GEOMETRIC_REPRESENTATION_CONTEXT(2) 
PARAMETRIC_REPRESENTATION_CONTEXT() REPRESENTATION_CONTEXT('2D SPACE',''
  ) );
#13880 = PCURVE('',#13778,#13881);
#13881 = DEFINITIONAL_REPRESENTATION('',(#13882),#13886);
#13882 = LINE('',#13883,#13884);
#13883 = CARTESIAN_POINT('',(0.,1.2));
#13884 = VECTOR('',#13885,1.);
#13885 = DIRECTION('',(1.,0.));
#13886 = ( GEOMETRIC_REPRESENTATION_CONTEXT(2) 
PARAMETRIC_REPRESENTATION_CONTEXT() REPRESENTATION_CONTEXT('2D SPACE',''
  ) );
#13887 = ORIENTED_EDGE('',*,*,#13888,.T.);
#13888 = EDGE_CURVE('',#13866,#12831,#13889,.T.);
#13889 = SURFACE_CURVE('',#13890,(#13894,#13901),.PCURVE_S1.);
#13890 = LINE('',#13891,#13892);
#13891 = CARTESIAN_POINT('',(26.4,-5.,-6.));
#13892 = VECTOR('',#13893,1.);
#13893 = DIRECTION('',(-0.,1.,0.));
#13894 = PCURVE('',#12869,#13895);
#13895 = DEFINITIONAL_REPRESENTATION('',(#13896),#13900);
#13896 = LINE('',#13897,#13898);
#13897 = CARTESIAN_POINT('',(0.,0.));
#13898 = VECTOR('',#13899,1.);
#13899 = DIRECTION('',(0.,-1.));
#13900 = ( GEOMETRIC_REPRESENTATION_CONTEXT(2) 
PARAMETRIC_REPRESENTATION_CONTEXT() REPRESENTATION_CONTEXT('2D SPACE',''
  ) );
#13901 = PCURVE('',#12845,#13902);
#13902 = DEFINITIONAL_REPRESENTATION('',(#13903),#13907);
#13903 = LINE('',#13904,#13905);
#13904 = CARTESIAN_POINT('',(1.2,0.));
#13905 = VECTOR('',#13906,1.);
#13906 = DIRECTION('',(0.,1.));
#13907 = ( GEOMETRIC_REPRESENTATION_CONTEXT(2) 
PARAMETRIC_REPRESENTATION_CONTEXT() REPRESENTATION_CONTEXT('2D SPACE',''
  ) );
#13908 = ORIENTED_EDGE('',*,*,#12856,.F.);
#13909 = ADVANCED_FACE('',(#13910),#12845,.F.);
#13910 = FACE_BOUND('',#13911,.F.);
#13911 = EDGE_LOOP('',(#13912,#13913,#13934,#13935));
#13912 = ORIENTED_EDGE('',*,*,#13839,.F.);
#13913 = ORIENTED_EDGE('',*,*,#13914,.T.);
#13914 = EDGE_CURVE('',#13817,#13866,#13915,.T.);
#13915 = SURFACE_CURVE('',#13916,(#13920,#13927),.PCURVE_S1.);
#13916 = LINE('',#13917,#13918);
#13917 = CARTESIAN_POINT('',(25.2,-5.,-6.));
#13918 = VECTOR('',#13919,1.);
#13919 = DIRECTION('',(1.,0.,-0.));
#13920 = PCURVE('',#12845,#13921);
#13921 = DEFINITIONAL_REPRESENTATION('',(#13922),#13926);
#13922 = LINE('',#13923,#13924);
#13923 = CARTESIAN_POINT('',(0.,0.));
#13924 = VECTOR('',#13925,1.);
#13925 = DIRECTION('',(1.,0.));
#13926 = ( GEOMETRIC_REPRESENTATION_CONTEXT(2) 
PARAMETRIC_REPRESENTATION_CONTEXT() REPRESENTATION_CONTEXT('2D SPACE',''
  ) );
#13927 = PCURVE('',#13778,#13928);
#13928 = DEFINITIONAL_REPRESENTATION('',(#13929),#13933);
#13929 = LINE('',#13930,#13931);
#13930 = CARTESIAN_POINT('',(0.,0.));
#13931 = VECTOR('',#13932,1.);
#13932 = DIRECTION('',(0.,1.));
#13933 = ( GEOMETRIC_REPRESENTATION_CONTEXT(2) 
PARAMETRIC_REPRESENTATION_CONTEXT() REPRESENTATION_CONTEXT('2D SPACE',''
  ) );
#13934 = ORIENTED_EDGE('',*,*,#13888,.T.);
#13935 = ORIENTED_EDGE('',*,*,#12830,.F.);
#13936 = ADVANCED_FACE('',(#13937),#12899,.T.);
#13937 = FACE_BOUND('',#13938,.T.);
#13938 = EDGE_LOOP('',(#13939,#13962,#13990,#14011));
#13939 = ORIENTED_EDGE('',*,*,#13940,.F.);
#13940 = EDGE_CURVE('',#13941,#12883,#13943,.T.);
#13941 = VERTEX_POINT('',#13942);
#13942 = CARTESIAN_POINT('',(-2.5,-5.,18.4));
#13943 = SURFACE_CURVE('',#13944,(#13948,#13955),.PCURVE_S1.);
#13944 = LINE('',#13945,#13946);
#13945 = CARTESIAN_POINT('',(-2.5,-5.,18.4));
#13946 = VECTOR('',#13947,1.);
#13947 = DIRECTION('',(-0.,1.,0.));
#13948 = PCURVE('',#12899,#13949);
#13949 = DEFINITIONAL_REPRESENTATION('',(#13950),#13954);
#13950 = LINE('',#13951,#13952);
#13951 = CARTESIAN_POINT('',(0.,0.));
#13952 = VECTOR('',#13953,1.);
#13953 = DIRECTION('',(0.,1.));
#13954 = ( GEOMETRIC_REPRESENTATION_CONTEXT(2) 
PARAMETRIC_REPRESENTATION_CONTEXT() REPRESENTATION_CONTEXT('2D SPACE',''
  ) );
#13955 = PCURVE('',#12925,#13956);
#13956 = DEFINITIONAL_REPRESENTATION('',(#13957),#13961);
#13957 = LINE('',#13958,#13959);
#13958 = CARTESIAN_POINT('',(1.2,0.));
#13959 = VECTOR('',#13960,1.);
#13960 = DIRECTION('',(0.,-1.));
#13961 = ( GEOMETRIC_REPRESENTATION_CONTEXT(2) 
PARAMETRIC_REPRESENTATION_CONTEXT() REPRESENTATION_CONTEXT('2D SPACE',''
  ) );
#13962 = ORIENTED_EDGE('',*,*,#13963,.T.);
#13963 = EDGE_CURVE('',#13941,#13964,#13966,.T.);
#13964 = VERTEX_POINT('',#13965);
#13965 = CARTESIAN_POINT('',(2.5,-5.,18.4));
#13966 = SURFACE_CURVE('',#13967,(#13971,#13978),.PCURVE_S1.);
#13967 = LINE('',#13968,#13969);
#13968 = CARTESIAN_POINT('',(-2.5,-5.,18.4));
#13969 = VECTOR('',#13970,1.);
#13970 = DIRECTION('',(1.,0.,-0.));
#13971 = PCURVE('',#12899,#13972);
#13972 = DEFINITIONAL_REPRESENTATION('',(#13973),#13977);
#13973 = LINE('',#13974,#13975);
#13974 = CARTESIAN_POINT('',(0.,0.));
#13975 = VECTOR('',#13976,1.);
#13976 = DIRECTION('',(1.,0.));
#13977 = ( GEOMETRIC_REPRESENTATION_CONTEXT(2) 
PARAMETRIC_REPRESENTATION_CONTEXT() REPRESENTATION_CONTEXT('2D SPACE',''
  ) );
#13978 = PCURVE('',#13979,#13984);
#13979 = PLANE('',#13980);
#13980 = AXIS2_PLACEMENT_3D('',#13981,#13982,#13983);
#13981 = CARTESIAN_POINT('',(-2.5,-5.,17.2));
#13982 = DIRECTION('',(-0.,1.,0.));
#13983 = DIRECTION('',(0.,0.,1.));
#13984 = DEFINITIONAL_REPRESENTATION('',(#13985),#13989);
#13985 = LINE('',#13986,#13987);
#13986 = CARTESIAN_POINT('',(1.2,0.));
#13987 = VECTOR('',#13988,1.);
#13988 = DIRECTION('',(0.,1.));
#13989 = ( GEOMETRIC_REPRESENTATION_CONTEXT(2) 
PARAMETRIC_REPRESENTATION_CONTEXT() REPRESENTATION_CONTEXT('2D SPACE',''
  ) );
#13990 = ORIENTED_EDGE('',*,*,#13991,.T.);
#13991 = EDGE_CURVE('',#13964,#12885,#13992,.T.);
#13992 = SURFACE_CURVE('',#13993,(#13997,#14004),.PCURVE_S1.);
#13993 = LINE('',#13994,#13995);
#13994 = CARTESIAN_POINT('',(2.5,-5.,18.4));
#13995 = VECTOR('',#13996,1.);
#13996 = DIRECTION('',(-0.,1.,0.));
#13997 = PCURVE('',#12899,#13998);
#13998 = DEFINITIONAL_REPRESENTATION('',(#13999),#14003);
#13999 = LINE('',#14000,#14001);
#14000 = CARTESIAN_POINT('',(5.,0.));
#14001 = VECTOR('',#14002,1.);
#14002 = DIRECTION('',(0.,1.));
#14003 = ( GEOMETRIC_REPRESENTATION_CONTEXT(2) 
PARAMETRIC_REPRESENTATION_CONTEXT() REPRESENTATION_CONTEXT('2D SPACE',''
  ) );
#14004 = PCURVE('',#12975,#14005);
#14005 = DEFINITIONAL_REPRESENTATION('',(#14006),#14010);
#14006 = LINE('',#14007,#14008);
#14007 = CARTESIAN_POINT('',(1.2,0.));
#14008 = VECTOR('',#14009,1.);
#14009 = DIRECTION('',(0.,-1.));
#14010 = ( GEOMETRIC_REPRESENTATION_CONTEXT(2) 
PARAMETRIC_REPRESENTATION_CONTEXT() REPRESENTATION_CONTEXT('2D SPACE',''
  ) );
#14011 = ORIENTED_EDGE('',*,*,#12882,.F.);
#14012 = ADVANCED_FACE('',(#14013),#12975,.T.);
#14013 = FACE_BOUND('',#14014,.T.);
#14014 = EDGE_LOOP('',(#14015,#14016,#14039,#14060));
#14015 = ORIENTED_EDGE('',*,*,#13991,.F.);
#14016 = ORIENTED_EDGE('',*,*,#14017,.F.);
#14017 = EDGE_CURVE('',#14018,#13964,#14020,.T.);
#14018 = VERTEX_POINT('',#14019);
#14019 = CARTESIAN_POINT('',(2.5,-5.,17.2));
#14020 = SURFACE_CURVE('',#14021,(#14025,#14032),.PCURVE_S1.);
#14021 = LINE('',#14022,#14023);
#14022 = CARTESIAN_POINT('',(2.5,-5.,17.2));
#14023 = VECTOR('',#14024,1.);
#14024 = DIRECTION('',(0.,0.,1.));
#14025 = PCURVE('',#12975,#14026);
#14026 = DEFINITIONAL_REPRESENTATION('',(#14027),#14031);
#14027 = LINE('',#14028,#14029);
#14028 = CARTESIAN_POINT('',(0.,0.));
#14029 = VECTOR('',#14030,1.);
#14030 = DIRECTION('',(1.,0.));
#14031 = ( GEOMETRIC_REPRESENTATION_CONTEXT(2) 
PARAMETRIC_REPRESENTATION_CONTEXT() REPRESENTATION_CONTEXT('2D SPACE',''
  ) );
#14032 = PCURVE('',#13979,#14033);
#14033 = DEFINITIONAL_REPRESENTATION('',(#14034),#14038);
#14034 = LINE('',#14035,#14036);
#14035 = CARTESIAN_POINT('',(0.,5.));
#14036 = VECTOR('',#14037,1.);
#14037 = DIRECTION('',(1.,0.));
#14038 = ( GEOMETRIC_REPRESENTATION_CONTEXT(2) 
PARAMETRIC_REPRESENTATION_CONTEXT() REPRESENTATION_CONTEXT('2D SPACE',''
  ) );
#14039 = ORIENTED_EDGE('',*,*,#14040,.T.);
#14040 = EDGE_CURVE('',#14018,#12937,#14041,.T.);
#14041 = SURFACE_CURVE('',#14042,(#14046,#14053),.PCURVE_S1.);
#14042 = LINE('',#14043,#14044);
#14043 = CARTESIAN_POINT('',(2.5,-5.,17.2));
#14044 = VECTOR('',#14045,1.);
#14045 = DIRECTION('',(-0.,1.,0.));
#14046 = PCURVE('',#12975,#14047);
#14047 = DEFINITIONAL_REPRESENTATION('',(#14048),#14052);
#14048 = LINE('',#14049,#14050);
#14049 = CARTESIAN_POINT('',(0.,0.));
#14050 = VECTOR('',#14051,1.);
#14051 = DIRECTION('',(0.,-1.));
#14052 = ( GEOMETRIC_REPRESENTATION_CONTEXT(2) 
PARAMETRIC_REPRESENTATION_CONTEXT() REPRESENTATION_CONTEXT('2D SPACE',''
  ) );
#14053 = PCURVE('',#12951,#14054);
#14054 = DEFINITIONAL_REPRESENTATION('',(#14055),#14059);
#14055 = LINE('',#14056,#14057);
#14056 = CARTESIAN_POINT('',(5.,0.));
#14057 = VECTOR('',#14058,1.);
#14058 = DIRECTION('',(0.,1.));
#14059 = ( GEOMETRIC_REPRESENTATION_CONTEXT(2) 
PARAMETRIC_REPRESENTATION_CONTEXT() REPRESENTATION_CONTEXT('2D SPACE',''
  ) );
#14060 = ORIENTED_EDGE('',*,*,#12962,.F.);
#14061 = ADVANCED_FACE('',(#14062),#12951,.F.);
#14062 = FACE_BOUND('',#14063,.F.);
#14063 = EDGE_LOOP('',(#14064,#14087,#14108,#14109));
#14064 = ORIENTED_EDGE('',*,*,#14065,.F.);
#14065 = EDGE_CURVE('',#14066,#12911,#14068,.T.);
#14066 = VERTEX_POINT('',#14067);
#14067 = CARTESIAN_POINT('',(-2.5,-5.,17.2));
#14068 = SURFACE_CURVE('',#14069,(#14073,#14080),.PCURVE_S1.);
#14069 = LINE('',#14070,#14071);
#14070 = CARTESIAN_POINT('',(-2.5,-5.,17.2));
#14071 = VECTOR('',#14072,1.);
#14072 = DIRECTION('',(-0.,1.,0.));
#14073 = PCURVE('',#12951,#14074);
#14074 = DEFINITIONAL_REPRESENTATION('',(#14075),#14079);
#14075 = LINE('',#14076,#14077);
#14076 = CARTESIAN_POINT('',(0.,0.));
#14077 = VECTOR('',#14078,1.);
#14078 = DIRECTION('',(0.,1.));
#14079 = ( GEOMETRIC_REPRESENTATION_CONTEXT(2) 
PARAMETRIC_REPRESENTATION_CONTEXT() REPRESENTATION_CONTEXT('2D SPACE',''
  ) );
#14080 = PCURVE('',#12925,#14081);
#14081 = DEFINITIONAL_REPRESENTATION('',(#14082),#14086);
#14082 = LINE('',#14083,#14084);
#14083 = CARTESIAN_POINT('',(0.,0.));
#14084 = VECTOR('',#14085,1.);
#14085 = DIRECTION('',(0.,-1.));
#14086 = ( GEOMETRIC_REPRESENTATION_CONTEXT(2) 
PARAMETRIC_REPRESENTATION_CONTEXT() REPRESENTATION_CONTEXT('2D SPACE',''
  ) );
#14087 = ORIENTED_EDGE('',*,*,#14088,.T.);
#14088 = EDGE_CURVE('',#14066,#14018,#14089,.T.);
#14089 = SURFACE_CURVE('',#14090,(#14094,#14101),.PCURVE_S1.);
#14090 = LINE('',#14091,#14092);
#14091 = CARTESIAN_POINT('',(-2.5,-5.,17.2));
#14092 = VECTOR('',#14093,1.);
#14093 = DIRECTION('',(1.,0.,-0.));
#14094 = PCURVE('',#12951,#14095);
#14095 = DEFINITIONAL_REPRESENTATION('',(#14096),#14100);
#14096 = LINE('',#14097,#14098);
#14097 = CARTESIAN_POINT('',(0.,0.));
#14098 = VECTOR('',#14099,1.);
#14099 = DIRECTION('',(1.,0.));
#14100 = ( GEOMETRIC_REPRESENTATION_CONTEXT(2) 
PARAMETRIC_REPRESENTATION_CONTEXT() REPRESENTATION_CONTEXT('2D SPACE',''
  ) );
#14101 = PCURVE('',#13979,#14102);
#14102 = DEFINITIONAL_REPRESENTATION('',(#14103),#14107);
#14103 = LINE('',#14104,#14105);
#14104 = CARTESIAN_POINT('',(0.,0.));
#14105 = VECTOR('',#14106,1.);
#14106 = DIRECTION('',(0.,1.));
#14107 = ( GEOMETRIC_REPRESENTATION_CONTEXT(2) 
PARAMETRIC_REPRESENTATION_CONTEXT() REPRESENTATION_CONTEXT('2D SPACE',''
  ) );
#14108 = ORIENTED_EDGE('',*,*,#14040,.T.);
#14109 = ORIENTED_EDGE('',*,*,#12936,.F.);
#14110 = ADVANCED_FACE('',(#14111),#12925,.F.);
#14111 = FACE_BOUND('',#14112,.F.);
#14112 = EDGE_LOOP('',(#14113,#14114,#14135,#14136));
#14113 = ORIENTED_EDGE('',*,*,#13940,.F.);
#14114 = ORIENTED_EDGE('',*,*,#14115,.F.);
#14115 = EDGE_CURVE('',#14066,#13941,#14116,.T.);
#14116 = SURFACE_CURVE('',#14117,(#14121,#14128),.PCURVE_S1.);
#14117 = LINE('',#14118,#14119);
#14118 = CARTESIAN_POINT('',(-2.5,-5.,17.2));
#14119 = VECTOR('',#14120,1.);
#14120 = DIRECTION('',(0.,0.,1.));
#14121 = PCURVE('',#12925,#14122);
#14122 = DEFINITIONAL_REPRESENTATION('',(#14123),#14127);
#14123 = LINE('',#14124,#14125);
#14124 = CARTESIAN_POINT('',(0.,0.));
#14125 = VECTOR('',#14126,1.);
#14126 = DIRECTION('',(1.,0.));
#14127 = ( GEOMETRIC_REPRESENTATION_CONTEXT(2) 
PARAMETRIC_REPRESENTATION_CONTEXT() REPRESENTATION_CONTEXT('2D SPACE',''
  ) );
#14128 = PCURVE('',#13979,#14129);
#14129 = DEFINITIONAL_REPRESENTATION('',(#14130),#14134);
#14130 = LINE('',#14131,#14132);
#14131 = CARTESIAN_POINT('',(0.,0.));
#14132 = VECTOR('',#14133,1.);
#14133 = DIRECTION('',(1.,0.));
#14134 = ( GEOMETRIC_REPRESENTATION_CONTEXT(2) 
PARAMETRIC_REPRESENTATION_CONTEXT() REPRESENTATION_CONTEXT('2D SPACE',''
  ) );
#14135 = ORIENTED_EDGE('',*,*,#14065,.T.);
#14136 = ORIENTED_EDGE('',*,*,#12910,.F.);
#14137 = ADVANCED_FACE('',(#14138),#13009,.T.);
#14138 = FACE_BOUND('',#14139,.T.);
#14139 = EDGE_LOOP('',(#14140,#14163,#14190,#14191));
#14140 = ORIENTED_EDGE('',*,*,#14141,.T.);
#14141 = EDGE_CURVE('',#12989,#14142,#14144,.T.);
#14142 = VERTEX_POINT('',#14143);
#14143 = CARTESIAN_POINT('',(8.5,-6.5,21.));
#14144 = SEAM_CURVE('',#14145,(#14149,#14156),.PCURVE_S1.);
#14145 = LINE('',#14146,#14147);
#14146 = CARTESIAN_POINT('',(8.5,-0.99,21.));
#14147 = VECTOR('',#14148,1.);
#14148 = DIRECTION('',(0.,-1.,2.22044604925E-16));
#14149 = PCURVE('',#13009,#14150);
#14150 = DEFINITIONAL_REPRESENTATION('',(#14151),#14155);
#14151 = LINE('',#14152,#14153);
#14152 = CARTESIAN_POINT('',(6.28318530718,-0.));
#14153 = VECTOR('',#14154,1.);
#14154 = DIRECTION('',(0.,1.));
#14155 = ( GEOMETRIC_REPRESENTATION_CONTEXT(2) 
PARAMETRIC_REPRESENTATION_CONTEXT() REPRESENTATION_CONTEXT('2D SPACE',''
  ) );
#14156 = PCURVE('',#13009,#14157);
#14157 = DEFINITIONAL_REPRESENTATION('',(#14158),#14162);
#14158 = LINE('',#14159,#14160);
#14159 = CARTESIAN_POINT('',(0.,-0.));
#14160 = VECTOR('',#14161,1.);
#14161 = DIRECTION('',(0.,1.));
#14162 = ( GEOMETRIC_REPRESENTATION_CONTEXT(2) 
PARAMETRIC_REPRESENTATION_CONTEXT() REPRESENTATION_CONTEXT('2D SPACE',''
  ) );
#14163 = ORIENTED_EDGE('',*,*,#14164,.F.);
#14164 = EDGE_CURVE('',#14142,#14142,#14165,.T.);
#14165 = SURFACE_CURVE('',#14166,(#14171,#14178),.PCURVE_S1.);
#14166 = CIRCLE('',#14167,2.5);
#14167 = AXIS2_PLACEMENT_3D('',#14168,#14169,#14170);
#14168 = CARTESIAN_POINT('',(6.,-6.5,21.));
#14169 = DIRECTION('',(0.,-1.,2.22044604925E-16));
#14170 = DIRECTION('',(1.,0.,0.));
#14171 = PCURVE('',#13009,#14172);
#14172 = DEFINITIONAL_REPRESENTATION('',(#14173),#14177);
#14173 = LINE('',#14174,#14175);
#14174 = CARTESIAN_POINT('',(0.,5.51));
#14175 = VECTOR('',#14176,1.);
#14176 = DIRECTION('',(1.,0.));
#14177 = ( GEOMETRIC_REPRESENTATION_CONTEXT(2) 
PARAMETRIC_REPRESENTATION_CONTEXT() REPRESENTATION_CONTEXT('2D SPACE',''
  ) );
#14178 = PCURVE('',#14179,#14184);
#14179 = PLANE('',#14180);
#14180 = AXIS2_PLACEMENT_3D('',#14181,#14182,#14183);
#14181 = CARTESIAN_POINT('',(6.,-6.5,21.));
#14182 = DIRECTION('',(0.,-1.,2.22044604925E-16));
#14183 = DIRECTION('',(1.,0.,0.));
#14184 = DEFINITIONAL_REPRESENTATION('',(#14185),#14189);
#14185 = CIRCLE('',#14186,2.5);
#14186 = AXIS2_PLACEMENT_2D('',#14187,#14188);
#14187 = CARTESIAN_POINT('',(0.,0.));
#14188 = DIRECTION('',(1.,0.));
#14189 = ( GEOMETRIC_REPRESENTATION_CONTEXT(2) 
PARAMETRIC_REPRESENTATION_CONTEXT() REPRESENTATION_CONTEXT('2D SPACE',''
  ) );
#14190 = ORIENTED_EDGE('',*,*,#14141,.F.);
#14191 = ORIENTED_EDGE('',*,*,#12988,.T.);
#14192 = ADVANCED_FACE('',(#14193),#13044,.T.);
#14193 = FACE_BOUND('',#14194,.T.);
#14194 = EDGE_LOOP('',(#14195,#14218,#14245,#14246));
#14195 = ORIENTED_EDGE('',*,*,#14196,.T.);
#14196 = EDGE_CURVE('',#13024,#14197,#14199,.T.);
#14197 = VERTEX_POINT('',#14198);
#14198 = CARTESIAN_POINT('',(29.25,-14.2,21.));
#14199 = SEAM_CURVE('',#14200,(#14204,#14211),.PCURVE_S1.);
#14200 = LINE('',#14201,#14202);
#14201 = CARTESIAN_POINT('',(29.25,-0.99,21.));
#14202 = VECTOR('',#14203,1.);
#14203 = DIRECTION('',(0.,-1.,2.22044604925E-16));
#14204 = PCURVE('',#13044,#14205);
#14205 = DEFINITIONAL_REPRESENTATION('',(#14206),#14210);
#14206 = LINE('',#14207,#14208);
#14207 = CARTESIAN_POINT('',(6.28318530718,-0.));
#14208 = VECTOR('',#14209,1.);
#14209 = DIRECTION('',(0.,1.));
#14210 = ( GEOMETRIC_REPRESENTATION_CONTEXT(2) 
PARAMETRIC_REPRESENTATION_CONTEXT() REPRESENTATION_CONTEXT('2D SPACE',''
  ) );
#14211 = PCURVE('',#13044,#14212);
#14212 = DEFINITIONAL_REPRESENTATION('',(#14213),#14217);
#14213 = LINE('',#14214,#14215);
#14214 = CARTESIAN_POINT('',(0.,-0.));
#14215 = VECTOR('',#14216,1.);
#14216 = DIRECTION('',(0.,1.));
#14217 = ( GEOMETRIC_REPRESENTATION_CONTEXT(2) 
PARAMETRIC_REPRESENTATION_CONTEXT() REPRESENTATION_CONTEXT('2D SPACE',''
  ) );
#14218 = ORIENTED_EDGE('',*,*,#14219,.F.);
#14219 = EDGE_CURVE('',#14197,#14197,#14220,.T.);
#14220 = SURFACE_CURVE('',#14221,(#14226,#14233),.PCURVE_S1.);
#14221 = CIRCLE('',#14222,2.25);
#14222 = AXIS2_PLACEMENT_3D('',#14223,#14224,#14225);
#14223 = CARTESIAN_POINT('',(27.,-14.2,21.));
#14224 = DIRECTION('',(0.,-1.,2.22044604925E-16));
#14225 = DIRECTION('',(1.,0.,0.));
#14226 = PCURVE('',#13044,#14227);
#14227 = DEFINITIONAL_REPRESENTATION('',(#14228),#14232);
#14228 = LINE('',#14229,#14230);
#14229 = CARTESIAN_POINT('',(0.,13.21));
#14230 = VECTOR('',#14231,1.);
#14231 = DIRECTION('',(1.,0.));
#14232 = ( GEOMETRIC_REPRESENTATION_CONTEXT(2) 
PARAMETRIC_REPRESENTATION_CONTEXT() REPRESENTATION_CONTEXT('2D SPACE',''
  ) );
#14233 = PCURVE('',#14234,#14239);
#14234 = PLANE('',#14235);
#14235 = AXIS2_PLACEMENT_3D('',#14236,#14237,#14238);
#14236 = CARTESIAN_POINT('',(27.,-14.2,21.));
#14237 = DIRECTION('',(0.,-1.,2.22044604925E-16));
#14238 = DIRECTION('',(1.,0.,0.));
#14239 = DEFINITIONAL_REPRESENTATION('',(#14240),#14244);
#14240 = CIRCLE('',#14241,2.25);
#14241 = AXIS2_PLACEMENT_2D('',#14242,#14243);
#14242 = CARTESIAN_POINT('',(0.,0.));
#14243 = DIRECTION('',(1.,0.));
#14244 = ( GEOMETRIC_REPRESENTATION_CONTEXT(2) 
PARAMETRIC_REPRESENTATION_CONTEXT() REPRESENTATION_CONTEXT('2D SPACE',''
  ) );
#14245 = ORIENTED_EDGE('',*,*,#14196,.F.);
#14246 = ORIENTED_EDGE('',*,*,#13023,.T.);
#14247 = ADVANCED_FACE('',(#14248),#13079,.F.);
#14248 = FACE_BOUND('',#14249,.F.);
#14249 = EDGE_LOOP('',(#14250,#14273,#14295,#14296));
#14250 = ORIENTED_EDGE('',*,*,#14251,.T.);
#14251 = EDGE_CURVE('',#13063,#14252,#14254,.T.);
#14252 = VERTEX_POINT('',#14253);
#14253 = CARTESIAN_POINT('',(-25.8,-14.2,21.));
#14254 = SEAM_CURVE('',#14255,(#14259,#14266),.PCURVE_S1.);
#14255 = LINE('',#14256,#14257);
#14256 = CARTESIAN_POINT('',(-25.8,2.,21.));
#14257 = VECTOR('',#14258,1.);
#14258 = DIRECTION('',(0.,-1.,2.22044604925E-16));
#14259 = PCURVE('',#13079,#14260);
#14260 = DEFINITIONAL_REPRESENTATION('',(#14261),#14265);
#14261 = LINE('',#14262,#14263);
#14262 = CARTESIAN_POINT('',(6.28318530718,-0.));
#14263 = VECTOR('',#14264,1.);
#14264 = DIRECTION('',(0.,1.));
#14265 = ( GEOMETRIC_REPRESENTATION_CONTEXT(2) 
PARAMETRIC_REPRESENTATION_CONTEXT() REPRESENTATION_CONTEXT('2D SPACE',''
  ) );
#14266 = PCURVE('',#13079,#14267);
#14267 = DEFINITIONAL_REPRESENTATION('',(#14268),#14272);
#14268 = LINE('',#14269,#14270);
#14269 = CARTESIAN_POINT('',(0.,-0.));
#14270 = VECTOR('',#14271,1.);
#14271 = DIRECTION('',(0.,1.));
#14272 = ( GEOMETRIC_REPRESENTATION_CONTEXT(2) 
PARAMETRIC_REPRESENTATION_CONTEXT() REPRESENTATION_CONTEXT('2D SPACE',''
  ) );
#14273 = ORIENTED_EDGE('',*,*,#14274,.F.);
#14274 = EDGE_CURVE('',#14252,#14252,#14275,.T.);
#14275 = SURFACE_CURVE('',#14276,(#14281,#14288),.PCURVE_S1.);
#14276 = CIRCLE('',#14277,1.2);
#14277 = AXIS2_PLACEMENT_3D('',#14278,#14279,#14280);
#14278 = CARTESIAN_POINT('',(-27.,-14.2,21.));
#14279 = DIRECTION('',(0.,-1.,2.22044604925E-16));
#14280 = DIRECTION('',(1.,0.,0.));
#14281 = PCURVE('',#13079,#14282);
#14282 = DEFINITIONAL_REPRESENTATION('',(#14283),#14287);
#14283 = LINE('',#14284,#14285);
#14284 = CARTESIAN_POINT('',(0.,16.2));
#14285 = VECTOR('',#14286,1.);
#14286 = DIRECTION('',(1.,0.));
#14287 = ( GEOMETRIC_REPRESENTATION_CONTEXT(2) 
PARAMETRIC_REPRESENTATION_CONTEXT() REPRESENTATION_CONTEXT('2D SPACE',''
  ) );
#14288 = PCURVE('',#13411,#14289);
#14289 = DEFINITIONAL_REPRESENTATION('',(#14290),#14294);
#14290 = CIRCLE('',#14291,1.2);
#14291 = AXIS2_PLACEMENT_2D('',#14292,#14293);
#14292 = CARTESIAN_POINT('',(0.,-3.552713678801E-15));
#14293 = DIRECTION('',(1.,0.));
#14294 = ( GEOMETRIC_REPRESENTATION_CONTEXT(2) 
PARAMETRIC_REPRESENTATION_CONTEXT() REPRESENTATION_CONTEXT('2D SPACE',''
  ) );
#14295 = ORIENTED_EDGE('',*,*,#14251,.F.);
#14296 = ORIENTED_EDGE('',*,*,#13062,.T.);
#14297 = ADVANCED_FACE('',(#14298),#13118,.F.);
#14298 = FACE_BOUND('',#14299,.F.);
#14299 = EDGE_LOOP('',(#14300,#14323,#14345,#14346));
#14300 = ORIENTED_EDGE('',*,*,#14301,.T.);
#14301 = EDGE_CURVE('',#13102,#14302,#14304,.T.);
#14302 = VERTEX_POINT('',#14303);
#14303 = CARTESIAN_POINT('',(28.2,-14.2,-21.));
#14304 = SEAM_CURVE('',#14305,(#14309,#14316),.PCURVE_S1.);
#14305 = LINE('',#14306,#14307);
#14306 = CARTESIAN_POINT('',(28.2,2.,-21.));
#14307 = VECTOR('',#14308,1.);
#14308 = DIRECTION('',(0.,-1.,2.22044604925E-16));
#14309 = PCURVE('',#13118,#14310);
#14310 = DEFINITIONAL_REPRESENTATION('',(#14311),#14315);
#14311 = LINE('',#14312,#14313);
#14312 = CARTESIAN_POINT('',(6.28318530718,-0.));
#14313 = VECTOR('',#14314,1.);
#14314 = DIRECTION('',(0.,1.));
#14315 = ( GEOMETRIC_REPRESENTATION_CONTEXT(2) 
PARAMETRIC_REPRESENTATION_CONTEXT() REPRESENTATION_CONTEXT('2D SPACE',''
  ) );
#14316 = PCURVE('',#13118,#14317);
#14317 = DEFINITIONAL_REPRESENTATION('',(#14318),#14322);
#14318 = LINE('',#14319,#14320);
#14319 = CARTESIAN_POINT('',(0.,-0.));
#14320 = VECTOR('',#14321,1.);
#14321 = DIRECTION('',(0.,1.));
#14322 = ( GEOMETRIC_REPRESENTATION_CONTEXT(2) 
PARAMETRIC_REPRESENTATION_CONTEXT() REPRESENTATION_CONTEXT('2D SPACE',''
  ) );
#14323 = ORIENTED_EDGE('',*,*,#14324,.F.);
#14324 = EDGE_CURVE('',#14302,#14302,#14325,.T.);
#14325 = SURFACE_CURVE('',#14326,(#14331,#14338),.PCURVE_S1.);
#14326 = CIRCLE('',#14327,1.2);
#14327 = AXIS2_PLACEMENT_3D('',#14328,#14329,#14330);
#14328 = CARTESIAN_POINT('',(27.,-14.2,-21.));
#14329 = DIRECTION('',(0.,-1.,2.22044604925E-16));
#14330 = DIRECTION('',(1.,0.,0.));
#14331 = PCURVE('',#13118,#14332);
#14332 = DEFINITIONAL_REPRESENTATION('',(#14333),#14337);
#14333 = LINE('',#14334,#14335);
#14334 = CARTESIAN_POINT('',(0.,16.2));
#14335 = VECTOR('',#14336,1.);
#14336 = DIRECTION('',(1.,0.));
#14337 = ( GEOMETRIC_REPRESENTATION_CONTEXT(2) 
PARAMETRIC_REPRESENTATION_CONTEXT() REPRESENTATION_CONTEXT('2D SPACE',''
  ) );
#14338 = PCURVE('',#13722,#14339);
#14339 = DEFINITIONAL_REPRESENTATION('',(#14340),#14344);
#14340 = CIRCLE('',#14341,1.2);
#14341 = AXIS2_PLACEMENT_2D('',#14342,#14343);
#14342 = CARTESIAN_POINT('',(0.,-3.552713678801E-15));
#14343 = DIRECTION('',(1.,0.));
#14344 = ( GEOMETRIC_REPRESENTATION_CONTEXT(2) 
PARAMETRIC_REPRESENTATION_CONTEXT() REPRESENTATION_CONTEXT('2D SPACE',''
  ) );
#14345 = ORIENTED_EDGE('',*,*,#14301,.F.);
#14346 = ORIENTED_EDGE('',*,*,#13101,.T.);
#14347 = ADVANCED_FACE('',(#14348),#13157,.F.);
#14348 = FACE_BOUND('',#14349,.F.);
#14349 = EDGE_LOOP('',(#14350,#14373,#14395,#14396));
#14350 = ORIENTED_EDGE('',*,*,#14351,.T.);
#14351 = EDGE_CURVE('',#13141,#14352,#14354,.T.);
#14352 = VERTEX_POINT('',#14353);
#14353 = CARTESIAN_POINT('',(28.2,-14.2,21.));
#14354 = SEAM_CURVE('',#14355,(#14359,#14366),.PCURVE_S1.);
#14355 = LINE('',#14356,#14357);
#14356 = CARTESIAN_POINT('',(28.2,2.,21.));
#14357 = VECTOR('',#14358,1.);
#14358 = DIRECTION('',(0.,-1.,2.22044604925E-16));
#14359 = PCURVE('',#13157,#14360);
#14360 = DEFINITIONAL_REPRESENTATION('',(#14361),#14365);
#14361 = LINE('',#14362,#14363);
#14362 = CARTESIAN_POINT('',(6.28318530718,-0.));
#14363 = VECTOR('',#14364,1.);
#14364 = DIRECTION('',(0.,1.));
#14365 = ( GEOMETRIC_REPRESENTATION_CONTEXT(2) 
PARAMETRIC_REPRESENTATION_CONTEXT() REPRESENTATION_CONTEXT('2D SPACE',''
  ) );
#14366 = PCURVE('',#13157,#14367);
#14367 = DEFINITIONAL_REPRESENTATION('',(#14368),#14372);
#14368 = LINE('',#14369,#14370);
#14369 = CARTESIAN_POINT('',(0.,-0.));
#14370 = VECTOR('',#14371,1.);
#14371 = DIRECTION('',(0.,1.));
#14372 = ( GEOMETRIC_REPRESENTATION_CONTEXT(2) 
PARAMETRIC_REPRESENTATION_CONTEXT() REPRESENTATION_CONTEXT('2D SPACE',''
  ) );
#14373 = ORIENTED_EDGE('',*,*,#14374,.F.);
#14374 = EDGE_CURVE('',#14352,#14352,#14375,.T.);
#14375 = SURFACE_CURVE('',#14376,(#14381,#14388),.PCURVE_S1.);
#14376 = CIRCLE('',#14377,1.2);
#14377 = AXIS2_PLACEMENT_3D('',#14378,#14379,#14380);
#14378 = CARTESIAN_POINT('',(27.,-14.2,21.));
#14379 = DIRECTION('',(0.,-1.,2.22044604925E-16));
#14380 = DIRECTION('',(1.,0.,0.));
#14381 = PCURVE('',#13157,#14382);
#14382 = DEFINITIONAL_REPRESENTATION('',(#14383),#14387);
#14383 = LINE('',#14384,#14385);
#14384 = CARTESIAN_POINT('',(0.,16.2));
#14385 = VECTOR('',#14386,1.);
#14386 = DIRECTION('',(1.,0.));
#14387 = ( GEOMETRIC_REPRESENTATION_CONTEXT(2) 
PARAMETRIC_REPRESENTATION_CONTEXT() REPRESENTATION_CONTEXT('2D SPACE',''
  ) );
#14388 = PCURVE('',#14234,#14389);
#14389 = DEFINITIONAL_REPRESENTATION('',(#14390),#14394);
#14390 = CIRCLE('',#14391,1.2);
#14391 = AXIS2_PLACEMENT_2D('',#14392,#14393);
#14392 = CARTESIAN_POINT('',(0.,-3.552713678801E-15));
#14393 = DIRECTION('',(1.,0.));
#14394 = ( GEOMETRIC_REPRESENTATION_CONTEXT(2) 
PARAMETRIC_REPRESENTATION_CONTEXT() REPRESENTATION_CONTEXT('2D SPACE',''
  ) );
#14395 = ORIENTED_EDGE('',*,*,#14351,.F.);
#14396 = ORIENTED_EDGE('',*,*,#13140,.T.);
#14397 = ADVANCED_FACE('',(#14398),#13211,.F.);
#14398 = FACE_BOUND('',#14399,.F.);
#14399 = EDGE_LOOP('',(#14400,#14401,#14402,#14403));
#14400 = ORIENTED_EDGE('',*,*,#13347,.F.);
#14401 = ORIENTED_EDGE('',*,*,#13249,.T.);
#14402 = ORIENTED_EDGE('',*,*,#13195,.T.);
#14403 = ORIENTED_EDGE('',*,*,#13298,.F.);
#14404 = ADVANCED_FACE('',(#14405,#14408),#13411,.T.);
#14405 = FACE_BOUND('',#14406,.T.);
#14406 = EDGE_LOOP('',(#14407));
#14407 = ORIENTED_EDGE('',*,*,#13396,.T.);
#14408 = FACE_BOUND('',#14409,.T.);
#14409 = EDGE_LOOP('',(#14410));
#14410 = ORIENTED_EDGE('',*,*,#14274,.F.);
#14411 = ADVANCED_FACE('',(#14412),#13466,.T.);
#14412 = FACE_BOUND('',#14413,.T.);
#14413 = EDGE_LOOP('',(#14414));
#14414 = ORIENTED_EDGE('',*,*,#13451,.T.);
#14415 = ADVANCED_FACE('',(#14416),#13522,.F.);
#14416 = FACE_BOUND('',#14417,.F.);
#14417 = EDGE_LOOP('',(#14418,#14419,#14420,#14421));
#14418 = ORIENTED_EDGE('',*,*,#13658,.F.);
#14419 = ORIENTED_EDGE('',*,*,#13560,.T.);
#14420 = ORIENTED_EDGE('',*,*,#13506,.T.);
#14421 = ORIENTED_EDGE('',*,*,#13609,.F.);
#14422 = ADVANCED_FACE('',(#14423,#14426),#13722,.T.);
#14423 = FACE_BOUND('',#14424,.T.);
#14424 = EDGE_LOOP('',(#14425));
#14425 = ORIENTED_EDGE('',*,*,#13707,.T.);
#14426 = FACE_BOUND('',#14427,.T.);
#14427 = EDGE_LOOP('',(#14428));
#14428 = ORIENTED_EDGE('',*,*,#14324,.F.);
#14429 = ADVANCED_FACE('',(#14430),#13778,.F.);
#14430 = FACE_BOUND('',#14431,.F.);
#14431 = EDGE_LOOP('',(#14432,#14433,#14434,#14435));
#14432 = ORIENTED_EDGE('',*,*,#13914,.F.);
#14433 = ORIENTED_EDGE('',*,*,#13816,.T.);
#14434 = ORIENTED_EDGE('',*,*,#13762,.T.);
#14435 = ORIENTED_EDGE('',*,*,#13865,.F.);
#14436 = ADVANCED_FACE('',(#14437),#13979,.F.);
#14437 = FACE_BOUND('',#14438,.F.);
#14438 = EDGE_LOOP('',(#14439,#14440,#14441,#14442));
#14439 = ORIENTED_EDGE('',*,*,#14088,.F.);
#14440 = ORIENTED_EDGE('',*,*,#14115,.T.);
#14441 = ORIENTED_EDGE('',*,*,#13963,.T.);
#14442 = ORIENTED_EDGE('',*,*,#14017,.F.);
#14443 = ADVANCED_FACE('',(#14444),#14179,.T.);
#14444 = FACE_BOUND('',#14445,.T.);
#14445 = EDGE_LOOP('',(#14446));
#14446 = ORIENTED_EDGE('',*,*,#14164,.T.);
#14447 = ADVANCED_FACE('',(#14448,#14451),#14234,.T.);
#14448 = FACE_BOUND('',#14449,.T.);
#14449 = EDGE_LOOP('',(#14450));
#14450 = ORIENTED_EDGE('',*,*,#14219,.T.);
#14451 = FACE_BOUND('',#14452,.T.);
#14452 = EDGE_LOOP('',(#14453));
#14453 = ORIENTED_EDGE('',*,*,#14374,.F.);
#14454 = MANIFOLD_SOLID_BREP('',#14455);
#14455 = CLOSED_SHELL('',(#14456,#14576,#14676,#14723,#14770,#14777));
#14456 = ADVANCED_FACE('',(#14457),#14471,.F.);
#14457 = FACE_BOUND('',#14458,.F.);
#14458 = EDGE_LOOP('',(#14459,#14494,#14522,#14550));
#14459 = ORIENTED_EDGE('',*,*,#14460,.F.);
#14460 = EDGE_CURVE('',#14461,#14463,#14465,.T.);
#14461 = VERTEX_POINT('',#14462);
#14462 = CARTESIAN_POINT('',(-20.,-2.,-12.));
#14463 = VERTEX_POINT('',#14464);
#14464 = CARTESIAN_POINT('',(-20.,-2.,12.));
#14465 = SURFACE_CURVE('',#14466,(#14470,#14482),.PCURVE_S1.);
#14466 = LINE('',#14467,#14468);
#14467 = CARTESIAN_POINT('',(-20.,-2.,-12.));
#14468 = VECTOR('',#14469,1.);
#14469 = DIRECTION('',(0.,0.,1.));
#14470 = PCURVE('',#14471,#14476);
#14471 = PLANE('',#14472);
#14472 = AXIS2_PLACEMENT_3D('',#14473,#14474,#14475);
#14473 = CARTESIAN_POINT('',(-20.,-2.,-12.));
#14474 = DIRECTION('',(1.,0.,-0.));
#14475 = DIRECTION('',(0.,0.,1.));
#14476 = DEFINITIONAL_REPRESENTATION('',(#14477),#14481);
#14477 = LINE('',#14478,#14479);
#14478 = CARTESIAN_POINT('',(0.,0.));
#14479 = VECTOR('',#14480,1.);
#14480 = DIRECTION('',(1.,0.));
#14481 = ( GEOMETRIC_REPRESENTATION_CONTEXT(2) 
PARAMETRIC_REPRESENTATION_CONTEXT() REPRESENTATION_CONTEXT('2D SPACE',''
  ) );
#14482 = PCURVE('',#14483,#14488);
#14483 = PLANE('',#14484);
#14484 = AXIS2_PLACEMENT_3D('',#14485,#14486,#14487);
#14485 = CARTESIAN_POINT('',(-20.,-2.,-12.));
#14486 = DIRECTION('',(-0.,1.,0.));
#14487 = DIRECTION('',(0.,0.,1.));
#14488 = DEFINITIONAL_REPRESENTATION('',(#14489),#14493);
#14489 = LINE('',#14490,#14491);
#14490 = CARTESIAN_POINT('',(0.,0.));
#14491 = VECTOR('',#14492,1.);
#14492 = DIRECTION('',(1.,0.));
#14493 = ( GEOMETRIC_REPRESENTATION_CONTEXT(2) 
PARAMETRIC_REPRESENTATION_CONTEXT() REPRESENTATION_CONTEXT('2D SPACE',''
  ) );
#14494 = ORIENTED_EDGE('',*,*,#14495,.T.);
#14495 = EDGE_CURVE('',#14461,#14496,#14498,.T.);
#14496 = VERTEX_POINT('',#14497);
#14497 = CARTESIAN_POINT('',(-20.,-1.,-12.));
#14498 = SURFACE_CURVE('',#14499,(#14503,#14510),.PCURVE_S1.);
#14499 = LINE('',#14500,#14501);
#14500 = CARTESIAN_POINT('',(-20.,-2.,-12.));
#14501 = VECTOR('',#14502,1.);
#14502 = DIRECTION('',(-0.,1.,0.));
#14503 = PCURVE('',#14471,#14504);
#14504 = DEFINITIONAL_REPRESENTATION('',(#14505),#14509);
#14505 = LINE('',#14506,#14507);
#14506 = CARTESIAN_POINT('',(0.,0.));
#14507 = VECTOR('',#14508,1.);
#14508 = DIRECTION('',(0.,-1.));
#14509 = ( GEOMETRIC_REPRESENTATION_CONTEXT(2) 
PARAMETRIC_REPRESENTATION_CONTEXT() REPRESENTATION_CONTEXT('2D SPACE',''
  ) );
#14510 = PCURVE('',#14511,#14516);
#14511 = PLANE('',#14512);
#14512 = AXIS2_PLACEMENT_3D('',#14513,#14514,#14515);
#14513 = CARTESIAN_POINT('',(-20.,-2.,-12.));
#14514 = DIRECTION('',(0.,0.,1.));
#14515 = DIRECTION('',(1.,0.,-0.));
#14516 = DEFINITIONAL_REPRESENTATION('',(#14517),#14521);
#14517 = LINE('',#14518,#14519);
#14518 = CARTESIAN_POINT('',(0.,0.));
#14519 = VECTOR('',#14520,1.);
#14520 = DIRECTION('',(0.,1.));
#14521 = ( GEOMETRIC_REPRESENTATION_CONTEXT(2) 
PARAMETRIC_REPRESENTATION_CONTEXT() REPRESENTATION_CONTEXT('2D SPACE',''
  ) );
#14522 = ORIENTED_EDGE('',*,*,#14523,.T.);
#14523 = EDGE_CURVE('',#14496,#14524,#14526,.T.);
#14524 = VERTEX_POINT('',#14525);
#14525 = CARTESIAN_POINT('',(-20.,-1.,12.));
#14526 = SURFACE_CURVE('',#14527,(#14531,#14538),.PCURVE_S1.);
#14527 = LINE('',#14528,#14529);
#14528 = CARTESIAN_POINT('',(-20.,-1.,-12.));
#14529 = VECTOR('',#14530,1.);
#14530 = DIRECTION('',(0.,0.,1.));
#14531 = PCURVE('',#14471,#14532);
#14532 = DEFINITIONAL_REPRESENTATION('',(#14533),#14537);
#14533 = LINE('',#14534,#14535);
#14534 = CARTESIAN_POINT('',(0.,-1.));
#14535 = VECTOR('',#14536,1.);
#14536 = DIRECTION('',(1.,0.));
#14537 = ( GEOMETRIC_REPRESENTATION_CONTEXT(2) 
PARAMETRIC_REPRESENTATION_CONTEXT() REPRESENTATION_CONTEXT('2D SPACE',''
  ) );
#14538 = PCURVE('',#14539,#14544);
#14539 = PLANE('',#14540);
#14540 = AXIS2_PLACEMENT_3D('',#14541,#14542,#14543);
#14541 = CARTESIAN_POINT('',(-20.,-1.,-12.));
#14542 = DIRECTION('',(-0.,1.,0.));
#14543 = DIRECTION('',(0.,0.,1.));
#14544 = DEFINITIONAL_REPRESENTATION('',(#14545),#14549);
#14545 = LINE('',#14546,#14547);
#14546 = CARTESIAN_POINT('',(0.,0.));
#14547 = VECTOR('',#14548,1.);
#14548 = DIRECTION('',(1.,0.));
#14549 = ( GEOMETRIC_REPRESENTATION_CONTEXT(2) 
PARAMETRIC_REPRESENTATION_CONTEXT() REPRESENTATION_CONTEXT('2D SPACE',''
  ) );
#14550 = ORIENTED_EDGE('',*,*,#14551,.F.);
#14551 = EDGE_CURVE('',#14463,#14524,#14552,.T.);
#14552 = SURFACE_CURVE('',#14553,(#14557,#14564),.PCURVE_S1.);
#14553 = LINE('',#14554,#14555);
#14554 = CARTESIAN_POINT('',(-20.,-2.,12.));
#14555 = VECTOR('',#14556,1.);
#14556 = DIRECTION('',(-0.,1.,0.));
#14557 = PCURVE('',#14471,#14558);
#14558 = DEFINITIONAL_REPRESENTATION('',(#14559),#14563);
#14559 = LINE('',#14560,#14561);
#14560 = CARTESIAN_POINT('',(24.,0.));
#14561 = VECTOR('',#14562,1.);
#14562 = DIRECTION('',(0.,-1.));
#14563 = ( GEOMETRIC_REPRESENTATION_CONTEXT(2) 
PARAMETRIC_REPRESENTATION_CONTEXT() REPRESENTATION_CONTEXT('2D SPACE',''
  ) );
#14564 = PCURVE('',#14565,#14570);
#14565 = PLANE('',#14566);
#14566 = AXIS2_PLACEMENT_3D('',#14567,#14568,#14569);
#14567 = CARTESIAN_POINT('',(-20.,-2.,12.));
#14568 = DIRECTION('',(0.,0.,1.));
#14569 = DIRECTION('',(1.,0.,-0.));
#14570 = DEFINITIONAL_REPRESENTATION('',(#14571),#14575);
#14571 = LINE('',#14572,#14573);
#14572 = CARTESIAN_POINT('',(0.,0.));
#14573 = VECTOR('',#14574,1.);
#14574 = DIRECTION('',(0.,1.));
#14575 = ( GEOMETRIC_REPRESENTATION_CONTEXT(2) 
PARAMETRIC_REPRESENTATION_CONTEXT() REPRESENTATION_CONTEXT('2D SPACE',''
  ) );
#14576 = ADVANCED_FACE('',(#14577),#14591,.T.);
#14577 = FACE_BOUND('',#14578,.T.);
#14578 = EDGE_LOOP('',(#14579,#14609,#14632,#14655));
#14579 = ORIENTED_EDGE('',*,*,#14580,.F.);
#14580 = EDGE_CURVE('',#14581,#14583,#14585,.T.);
#14581 = VERTEX_POINT('',#14582);
#14582 = CARTESIAN_POINT('',(20.,-2.,-12.));
#14583 = VERTEX_POINT('',#14584);
#14584 = CARTESIAN_POINT('',(20.,-2.,12.));
#14585 = SURFACE_CURVE('',#14586,(#14590,#14602),.PCURVE_S1.);
#14586 = LINE('',#14587,#14588);
#14587 = CARTESIAN_POINT('',(20.,-2.,-12.));
#14588 = VECTOR('',#14589,1.);
#14589 = DIRECTION('',(0.,0.,1.));
#14590 = PCURVE('',#14591,#14596);
#14591 = PLANE('',#14592);
#14592 = AXIS2_PLACEMENT_3D('',#14593,#14594,#14595);
#14593 = CARTESIAN_POINT('',(20.,-2.,-12.));
#14594 = DIRECTION('',(1.,0.,-0.));
#14595 = DIRECTION('',(0.,0.,1.));
#14596 = DEFINITIONAL_REPRESENTATION('',(#14597),#14601);
#14597 = LINE('',#14598,#14599);
#14598 = CARTESIAN_POINT('',(0.,0.));
#14599 = VECTOR('',#14600,1.);
#14600 = DIRECTION('',(1.,0.));
#14601 = ( GEOMETRIC_REPRESENTATION_CONTEXT(2) 
PARAMETRIC_REPRESENTATION_CONTEXT() REPRESENTATION_CONTEXT('2D SPACE',''
  ) );
#14602 = PCURVE('',#14483,#14603);
#14603 = DEFINITIONAL_REPRESENTATION('',(#14604),#14608);
#14604 = LINE('',#14605,#14606);
#14605 = CARTESIAN_POINT('',(0.,40.));
#14606 = VECTOR('',#14607,1.);
#14607 = DIRECTION('',(1.,0.));
#14608 = ( GEOMETRIC_REPRESENTATION_CONTEXT(2) 
PARAMETRIC_REPRESENTATION_CONTEXT() REPRESENTATION_CONTEXT('2D SPACE',''
  ) );
#14609 = ORIENTED_EDGE('',*,*,#14610,.T.);
#14610 = EDGE_CURVE('',#14581,#14611,#14613,.T.);
#14611 = VERTEX_POINT('',#14612);
#14612 = CARTESIAN_POINT('',(20.,-1.,-12.));
#14613 = SURFACE_CURVE('',#14614,(#14618,#14625),.PCURVE_S1.);
#14614 = LINE('',#14615,#14616);
#14615 = CARTESIAN_POINT('',(20.,-2.,-12.));
#14616 = VECTOR('',#14617,1.);
#14617 = DIRECTION('',(-0.,1.,0.));
#14618 = PCURVE('',#14591,#14619);
#14619 = DEFINITIONAL_REPRESENTATION('',(#14620),#14624);
#14620 = LINE('',#14621,#14622);
#14621 = CARTESIAN_POINT('',(0.,0.));
#14622 = VECTOR('',#14623,1.);
#14623 = DIRECTION('',(0.,-1.));
#14624 = ( GEOMETRIC_REPRESENTATION_CONTEXT(2) 
PARAMETRIC_REPRESENTATION_CONTEXT() REPRESENTATION_CONTEXT('2D SPACE',''
  ) );
#14625 = PCURVE('',#14511,#14626);
#14626 = DEFINITIONAL_REPRESENTATION('',(#14627),#14631);
#14627 = LINE('',#14628,#14629);
#14628 = CARTESIAN_POINT('',(40.,0.));
#14629 = VECTOR('',#14630,1.);
#14630 = DIRECTION('',(0.,1.));
#14631 = ( GEOMETRIC_REPRESENTATION_CONTEXT(2) 
PARAMETRIC_REPRESENTATION_CONTEXT() REPRESENTATION_CONTEXT('2D SPACE',''
  ) );
#14632 = ORIENTED_EDGE('',*,*,#14633,.T.);
#14633 = EDGE_CURVE('',#14611,#14634,#14636,.T.);
#14634 = VERTEX_POINT('',#14635);
#14635 = CARTESIAN_POINT('',(20.,-1.,12.));
#14636 = SURFACE_CURVE('',#14637,(#14641,#14648),.PCURVE_S1.);
#14637 = LINE('',#14638,#14639);
#14638 = CARTESIAN_POINT('',(20.,-1.,-12.));
#14639 = VECTOR('',#14640,1.);
#14640 = DIRECTION('',(0.,0.,1.));
#14641 = PCURVE('',#14591,#14642);
#14642 = DEFINITIONAL_REPRESENTATION('',(#14643),#14647);
#14643 = LINE('',#14644,#14645);
#14644 = CARTESIAN_POINT('',(0.,-1.));
#14645 = VECTOR('',#14646,1.);
#14646 = DIRECTION('',(1.,0.));
#14647 = ( GEOMETRIC_REPRESENTATION_CONTEXT(2) 
PARAMETRIC_REPRESENTATION_CONTEXT() REPRESENTATION_CONTEXT('2D SPACE',''
  ) );
#14648 = PCURVE('',#14539,#14649);
#14649 = DEFINITIONAL_REPRESENTATION('',(#14650),#14654);
#14650 = LINE('',#14651,#14652);
#14651 = CARTESIAN_POINT('',(0.,40.));
#14652 = VECTOR('',#14653,1.);
#14653 = DIRECTION('',(1.,0.));
#14654 = ( GEOMETRIC_REPRESENTATION_CONTEXT(2) 
PARAMETRIC_REPRESENTATION_CONTEXT() REPRESENTATION_CONTEXT('2D SPACE',''
  ) );
#14655 = ORIENTED_EDGE('',*,*,#14656,.F.);
#14656 = EDGE_CURVE('',#14583,#14634,#14657,.T.);
#14657 = SURFACE_CURVE('',#14658,(#14662,#14669),.PCURVE_S1.);
#14658 = LINE('',#14659,#14660);
#14659 = CARTESIAN_POINT('',(20.,-2.,12.));
#14660 = VECTOR('',#14661,1.);
#14661 = DIRECTION('',(-0.,1.,0.));
#14662 = PCURVE('',#14591,#14663);
#14663 = DEFINITIONAL_REPRESENTATION('',(#14664),#14668);
#14664 = LINE('',#14665,#14666);
#14665 = CARTESIAN_POINT('',(24.,0.));
#14666 = VECTOR('',#14667,1.);
#14667 = DIRECTION('',(0.,-1.));
#14668 = ( GEOMETRIC_REPRESENTATION_CONTEXT(2) 
PARAMETRIC_REPRESENTATION_CONTEXT() REPRESENTATION_CONTEXT('2D SPACE',''
  ) );
#14669 = PCURVE('',#14565,#14670);
#14670 = DEFINITIONAL_REPRESENTATION('',(#14671),#14675);
#14671 = LINE('',#14672,#14673);
#14672 = CARTESIAN_POINT('',(40.,0.));
#14673 = VECTOR('',#14674,1.);
#14674 = DIRECTION('',(0.,1.));
#14675 = ( GEOMETRIC_REPRESENTATION_CONTEXT(2) 
PARAMETRIC_REPRESENTATION_CONTEXT() REPRESENTATION_CONTEXT('2D SPACE',''
  ) );
#14676 = ADVANCED_FACE('',(#14677),#14483,.F.);
#14677 = FACE_BOUND('',#14678,.F.);
#14678 = EDGE_LOOP('',(#14679,#14700,#14701,#14722));
#14679 = ORIENTED_EDGE('',*,*,#14680,.F.);
#14680 = EDGE_CURVE('',#14461,#14581,#14681,.T.);
#14681 = SURFACE_CURVE('',#14682,(#14686,#14693),.PCURVE_S1.);
#14682 = LINE('',#14683,#14684);
#14683 = CARTESIAN_POINT('',(-20.,-2.,-12.));
#14684 = VECTOR('',#14685,1.);
#14685 = DIRECTION('',(1.,0.,-0.));
#14686 = PCURVE('',#14483,#14687);
#14687 = DEFINITIONAL_REPRESENTATION('',(#14688),#14692);
#14688 = LINE('',#14689,#14690);
#14689 = CARTESIAN_POINT('',(0.,0.));
#14690 = VECTOR('',#14691,1.);
#14691 = DIRECTION('',(0.,1.));
#14692 = ( GEOMETRIC_REPRESENTATION_CONTEXT(2) 
PARAMETRIC_REPRESENTATION_CONTEXT() REPRESENTATION_CONTEXT('2D SPACE',''
  ) );
#14693 = PCURVE('',#14511,#14694);
#14694 = DEFINITIONAL_REPRESENTATION('',(#14695),#14699);
#14695 = LINE('',#14696,#14697);
#14696 = CARTESIAN_POINT('',(0.,0.));
#14697 = VECTOR('',#14698,1.);
#14698 = DIRECTION('',(1.,0.));
#14699 = ( GEOMETRIC_REPRESENTATION_CONTEXT(2) 
PARAMETRIC_REPRESENTATION_CONTEXT() REPRESENTATION_CONTEXT('2D SPACE',''
  ) );
#14700 = ORIENTED_EDGE('',*,*,#14460,.T.);
#14701 = ORIENTED_EDGE('',*,*,#14702,.T.);
#14702 = EDGE_CURVE('',#14463,#14583,#14703,.T.);
#14703 = SURFACE_CURVE('',#14704,(#14708,#14715),.PCURVE_S1.);
#14704 = LINE('',#14705,#14706);
#14705 = CARTESIAN_POINT('',(-20.,-2.,12.));
#14706 = VECTOR('',#14707,1.);
#14707 = DIRECTION('',(1.,0.,-0.));
#14708 = PCURVE('',#14483,#14709);
#14709 = DEFINITIONAL_REPRESENTATION('',(#14710),#14714);
#14710 = LINE('',#14711,#14712);
#14711 = CARTESIAN_POINT('',(24.,0.));
#14712 = VECTOR('',#14713,1.);
#14713 = DIRECTION('',(0.,1.));
#14714 = ( GEOMETRIC_REPRESENTATION_CONTEXT(2) 
PARAMETRIC_REPRESENTATION_CONTEXT() REPRESENTATION_CONTEXT('2D SPACE',''
  ) );
#14715 = PCURVE('',#14565,#14716);
#14716 = DEFINITIONAL_REPRESENTATION('',(#14717),#14721);
#14717 = LINE('',#14718,#14719);
#14718 = CARTESIAN_POINT('',(0.,0.));
#14719 = VECTOR('',#14720,1.);
#14720 = DIRECTION('',(1.,0.));
#14721 = ( GEOMETRIC_REPRESENTATION_CONTEXT(2) 
PARAMETRIC_REPRESENTATION_CONTEXT() REPRESENTATION_CONTEXT('2D SPACE',''
  ) );
#14722 = ORIENTED_EDGE('',*,*,#14580,.F.);
#14723 = ADVANCED_FACE('',(#14724),#14539,.T.);
#14724 = FACE_BOUND('',#14725,.T.);
#14725 = EDGE_LOOP('',(#14726,#14747,#14748,#14769));
#14726 = ORIENTED_EDGE('',*,*,#14727,.F.);
#14727 = EDGE_CURVE('',#14496,#14611,#14728,.T.);
#14728 = SURFACE_CURVE('',#14729,(#14733,#14740),.PCURVE_S1.);
#14729 = LINE('',#14730,#14731);
#14730 = CARTESIAN_POINT('',(-20.,-1.,-12.));
#14731 = VECTOR('',#14732,1.);
#14732 = DIRECTION('',(1.,0.,-0.));
#14733 = PCURVE('',#14539,#14734);
#14734 = DEFINITIONAL_REPRESENTATION('',(#14735),#14739);
#14735 = LINE('',#14736,#14737);
#14736 = CARTESIAN_POINT('',(0.,0.));
#14737 = VECTOR('',#14738,1.);
#14738 = DIRECTION('',(0.,1.));
#14739 = ( GEOMETRIC_REPRESENTATION_CONTEXT(2) 
PARAMETRIC_REPRESENTATION_CONTEXT() REPRESENTATION_CONTEXT('2D SPACE',''
  ) );
#14740 = PCURVE('',#14511,#14741);
#14741 = DEFINITIONAL_REPRESENTATION('',(#14742),#14746);
#14742 = LINE('',#14743,#14744);
#14743 = CARTESIAN_POINT('',(0.,1.));
#14744 = VECTOR('',#14745,1.);
#14745 = DIRECTION('',(1.,0.));
#14746 = ( GEOMETRIC_REPRESENTATION_CONTEXT(2) 
PARAMETRIC_REPRESENTATION_CONTEXT() REPRESENTATION_CONTEXT('2D SPACE',''
  ) );
#14747 = ORIENTED_EDGE('',*,*,#14523,.T.);
#14748 = ORIENTED_EDGE('',*,*,#14749,.T.);
#14749 = EDGE_CURVE('',#14524,#14634,#14750,.T.);
#14750 = SURFACE_CURVE('',#14751,(#14755,#14762),.PCURVE_S1.);
#14751 = LINE('',#14752,#14753);
#14752 = CARTESIAN_POINT('',(-20.,-1.,12.));
#14753 = VECTOR('',#14754,1.);
#14754 = DIRECTION('',(1.,0.,-0.));
#14755 = PCURVE('',#14539,#14756);
#14756 = DEFINITIONAL_REPRESENTATION('',(#14757),#14761);
#14757 = LINE('',#14758,#14759);
#14758 = CARTESIAN_POINT('',(24.,0.));
#14759 = VECTOR('',#14760,1.);
#14760 = DIRECTION('',(0.,1.));
#14761 = ( GEOMETRIC_REPRESENTATION_CONTEXT(2) 
PARAMETRIC_REPRESENTATION_CONTEXT() REPRESENTATION_CONTEXT('2D SPACE',''
  ) );
#14762 = PCURVE('',#14565,#14763);
#14763 = DEFINITIONAL_REPRESENTATION('',(#14764),#14768);
#14764 = LINE('',#14765,#14766);
#14765 = CARTESIAN_POINT('',(0.,1.));
#14766 = VECTOR('',#14767,1.);
#14767 = DIRECTION('',(1.,0.));
#14768 = ( GEOMETRIC_REPRESENTATION_CONTEXT(2) 
PARAMETRIC_REPRESENTATION_CONTEXT() REPRESENTATION_CONTEXT('2D SPACE',''
  ) );
#14769 = ORIENTED_EDGE('',*,*,#14633,.F.);
#14770 = ADVANCED_FACE('',(#14771),#14511,.F.);
#14771 = FACE_BOUND('',#14772,.F.);
#14772 = EDGE_LOOP('',(#14773,#14774,#14775,#14776));
#14773 = ORIENTED_EDGE('',*,*,#14495,.F.);
#14774 = ORIENTED_EDGE('',*,*,#14680,.T.);
#14775 = ORIENTED_EDGE('',*,*,#14610,.T.);
#14776 = ORIENTED_EDGE('',*,*,#14727,.F.);
#14777 = ADVANCED_FACE('',(#14778),#14565,.T.);
#14778 = FACE_BOUND('',#14779,.T.);
#14779 = EDGE_LOOP('',(#14780,#14781,#14782,#14783));
#14780 = ORIENTED_EDGE('',*,*,#14551,.F.);
#14781 = ORIENTED_EDGE('',*,*,#14702,.T.);
#14782 = ORIENTED_EDGE('',*,*,#14656,.T.);
#14783 = ORIENTED_EDGE('',*,*,#14749,.F.);
#14784 = MANIFOLD_SOLID_BREP('',#14785);
#14785 = CLOSED_SHELL('',(#14786,#14874,#14909,#14913,#14968));
#14786 = ADVANCED_FACE('',(#14787),#14800,.T.);
#14787 = FACE_BOUND('',#14788,.T.);
#14788 = EDGE_LOOP('',(#14789,#14823,#14846,#14873));
#14789 = ORIENTED_EDGE('',*,*,#14790,.F.);
#14790 = EDGE_CURVE('',#14791,#14791,#14793,.T.);
#14791 = VERTEX_POINT('',#14792);
#14792 = CARTESIAN_POINT('',(-25.1,-0.4,21.));
#14793 = SURFACE_CURVE('',#14794,(#14799,#14811),.PCURVE_S1.);
#14794 = CIRCLE('',#14795,1.9);
#14795 = AXIS2_PLACEMENT_3D('',#14796,#14797,#14798);
#14796 = CARTESIAN_POINT('',(-27.,-0.4,21.));
#14797 = DIRECTION('',(0.,-1.,2.22044604925E-16));
#14798 = DIRECTION('',(1.,0.,0.));
#14799 = PCURVE('',#14800,#14805);
#14800 = CYLINDRICAL_SURFACE('',#14801,1.9);
#14801 = AXIS2_PLACEMENT_3D('',#14802,#14803,#14804);
#14802 = CARTESIAN_POINT('',(-27.,0.9,21.));
#14803 = DIRECTION('',(0.,-1.,2.22044604925E-16));
#14804 = DIRECTION('',(1.,0.,0.));
#14805 = DEFINITIONAL_REPRESENTATION('',(#14806),#14810);
#14806 = LINE('',#14807,#14808);
#14807 = CARTESIAN_POINT('',(0.,1.3));
#14808 = VECTOR('',#14809,1.);
#14809 = DIRECTION('',(1.,0.));
#14810 = ( GEOMETRIC_REPRESENTATION_CONTEXT(2) 
PARAMETRIC_REPRESENTATION_CONTEXT() REPRESENTATION_CONTEXT('2D SPACE',''
  ) );
#14811 = PCURVE('',#14812,#14817);
#14812 = PLANE('',#14813);
#14813 = AXIS2_PLACEMENT_3D('',#14814,#14815,#14816);
#14814 = CARTESIAN_POINT('',(-27.,-0.4,21.));
#14815 = DIRECTION('',(0.,-1.,2.22044604925E-16));
#14816 = DIRECTION('',(1.,0.,0.));
#14817 = DEFINITIONAL_REPRESENTATION('',(#14818),#14822);
#14818 = CIRCLE('',#14819,1.9);
#14819 = AXIS2_PLACEMENT_2D('',#14820,#14821);
#14820 = CARTESIAN_POINT('',(0.,0.));
#14821 = DIRECTION('',(1.,0.));
#14822 = ( GEOMETRIC_REPRESENTATION_CONTEXT(2) 
PARAMETRIC_REPRESENTATION_CONTEXT() REPRESENTATION_CONTEXT('2D SPACE',''
  ) );
#14823 = ORIENTED_EDGE('',*,*,#14824,.F.);
#14824 = EDGE_CURVE('',#14825,#14791,#14827,.T.);
#14825 = VERTEX_POINT('',#14826);
#14826 = CARTESIAN_POINT('',(-25.1,0.9,21.));
#14827 = SEAM_CURVE('',#14828,(#14832,#14839),.PCURVE_S1.);
#14828 = LINE('',#14829,#14830);
#14829 = CARTESIAN_POINT('',(-25.1,0.9,21.));
#14830 = VECTOR('',#14831,1.);
#14831 = DIRECTION('',(0.,-1.,2.22044604925E-16));
#14832 = PCURVE('',#14800,#14833);
#14833 = DEFINITIONAL_REPRESENTATION('',(#14834),#14838);
#14834 = LINE('',#14835,#14836);
#14835 = CARTESIAN_POINT('',(6.28318530718,-0.));
#14836 = VECTOR('',#14837,1.);
#14837 = DIRECTION('',(0.,1.));
#14838 = ( GEOMETRIC_REPRESENTATION_CONTEXT(2) 
PARAMETRIC_REPRESENTATION_CONTEXT() REPRESENTATION_CONTEXT('2D SPACE',''
  ) );
#14839 = PCURVE('',#14800,#14840);
#14840 = DEFINITIONAL_REPRESENTATION('',(#14841),#14845);
#14841 = LINE('',#14842,#14843);
#14842 = CARTESIAN_POINT('',(0.,-0.));
#14843 = VECTOR('',#14844,1.);
#14844 = DIRECTION('',(0.,1.));
#14845 = ( GEOMETRIC_REPRESENTATION_CONTEXT(2) 
PARAMETRIC_REPRESENTATION_CONTEXT() REPRESENTATION_CONTEXT('2D SPACE',''
  ) );
#14846 = ORIENTED_EDGE('',*,*,#14847,.T.);
#14847 = EDGE_CURVE('',#14825,#14825,#14848,.T.);
#14848 = SURFACE_CURVE('',#14849,(#14854,#14861),.PCURVE_S1.);
#14849 = CIRCLE('',#14850,1.9);
#14850 = AXIS2_PLACEMENT_3D('',#14851,#14852,#14853);
#14851 = CARTESIAN_POINT('',(-27.,0.9,21.));
#14852 = DIRECTION('',(0.,-1.,2.22044604925E-16));
#14853 = DIRECTION('',(1.,0.,0.));
#14854 = PCURVE('',#14800,#14855);
#14855 = DEFINITIONAL_REPRESENTATION('',(#14856),#14860);
#14856 = LINE('',#14857,#14858);
#14857 = CARTESIAN_POINT('',(0.,0.));
#14858 = VECTOR('',#14859,1.);
#14859 = DIRECTION('',(1.,0.));
#14860 = ( GEOMETRIC_REPRESENTATION_CONTEXT(2) 
PARAMETRIC_REPRESENTATION_CONTEXT() REPRESENTATION_CONTEXT('2D SPACE',''
  ) );
#14861 = PCURVE('',#14862,#14867);
#14862 = PLANE('',#14863);
#14863 = AXIS2_PLACEMENT_3D('',#14864,#14865,#14866);
#14864 = CARTESIAN_POINT('',(-27.,0.9,21.));
#14865 = DIRECTION('',(0.,-1.,2.22044604925E-16));
#14866 = DIRECTION('',(1.,0.,0.));
#14867 = DEFINITIONAL_REPRESENTATION('',(#14868),#14872);
#14868 = CIRCLE('',#14869,1.9);
#14869 = AXIS2_PLACEMENT_2D('',#14870,#14871);
#14870 = CARTESIAN_POINT('',(0.,0.));
#14871 = DIRECTION('',(1.,0.));
#14872 = ( GEOMETRIC_REPRESENTATION_CONTEXT(2) 
PARAMETRIC_REPRESENTATION_CONTEXT() REPRESENTATION_CONTEXT('2D SPACE',''
  ) );
#14873 = ORIENTED_EDGE('',*,*,#14824,.T.);
#14874 = ADVANCED_FACE('',(#14875,#14878),#14812,.T.);
#14875 = FACE_BOUND('',#14876,.T.);
#14876 = EDGE_LOOP('',(#14877));
#14877 = ORIENTED_EDGE('',*,*,#14790,.T.);
#14878 = FACE_BOUND('',#14879,.T.);
#14879 = EDGE_LOOP('',(#14880));
#14880 = ORIENTED_EDGE('',*,*,#14881,.F.);
#14881 = EDGE_CURVE('',#14882,#14882,#14884,.T.);
#14882 = VERTEX_POINT('',#14883);
#14883 = CARTESIAN_POINT('',(-26.,-0.4,21.));
#14884 = SURFACE_CURVE('',#14885,(#14890,#14897),.PCURVE_S1.);
#14885 = CIRCLE('',#14886,1.);
#14886 = AXIS2_PLACEMENT_3D('',#14887,#14888,#14889);
#14887 = CARTESIAN_POINT('',(-27.,-0.4,21.));
#14888 = DIRECTION('',(0.,-1.,2.22044604925E-16));
#14889 = DIRECTION('',(1.,0.,0.));
#14890 = PCURVE('',#14812,#14891);
#14891 = DEFINITIONAL_REPRESENTATION('',(#14892),#14896);
#14892 = CIRCLE('',#14893,1.);
#14893 = AXIS2_PLACEMENT_2D('',#14894,#14895);
#14894 = CARTESIAN_POINT('',(0.,-3.552713678801E-15));
#14895 = DIRECTION('',(1.,0.));
#14896 = ( GEOMETRIC_REPRESENTATION_CONTEXT(2) 
PARAMETRIC_REPRESENTATION_CONTEXT() REPRESENTATION_CONTEXT('2D SPACE',''
  ) );
#14897 = PCURVE('',#14898,#14903);
#14898 = CYLINDRICAL_SURFACE('',#14899,1.);
#14899 = AXIS2_PLACEMENT_3D('',#14900,#14901,#14902);
#14900 = CARTESIAN_POINT('',(-27.,-0.4,21.));
#14901 = DIRECTION('',(0.,-1.,2.22044604925E-16));
#14902 = DIRECTION('',(1.,0.,0.));
#14903 = DEFINITIONAL_REPRESENTATION('',(#14904),#14908);
#14904 = LINE('',#14905,#14906);
#14905 = CARTESIAN_POINT('',(0.,0.));
#14906 = VECTOR('',#14907,1.);
#14907 = DIRECTION('',(1.,0.));
#14908 = ( GEOMETRIC_REPRESENTATION_CONTEXT(2) 
PARAMETRIC_REPRESENTATION_CONTEXT() REPRESENTATION_CONTEXT('2D SPACE',''
  ) );
#14909 = ADVANCED_FACE('',(#14910),#14862,.F.);
#14910 = FACE_BOUND('',#14911,.T.);
#14911 = EDGE_LOOP('',(#14912));
#14912 = ORIENTED_EDGE('',*,*,#14847,.F.);
#14913 = ADVANCED_FACE('',(#14914),#14898,.T.);
#14914 = FACE_BOUND('',#14915,.T.);
#14915 = EDGE_LOOP('',(#14916,#14945,#14966,#14967));
#14916 = ORIENTED_EDGE('',*,*,#14917,.F.);
#14917 = EDGE_CURVE('',#14918,#14918,#14920,.T.);
#14918 = VERTEX_POINT('',#14919);
#14919 = CARTESIAN_POINT('',(-26.,-20.4,21.));
#14920 = SURFACE_CURVE('',#14921,(#14926,#14933),.PCURVE_S1.);
#14921 = CIRCLE('',#14922,1.);
#14922 = AXIS2_PLACEMENT_3D('',#14923,#14924,#14925);
#14923 = CARTESIAN_POINT('',(-27.,-20.4,21.));
#14924 = DIRECTION('',(0.,-1.,2.22044604925E-16));
#14925 = DIRECTION('',(1.,0.,0.));
#14926 = PCURVE('',#14898,#14927);
#14927 = DEFINITIONAL_REPRESENTATION('',(#14928),#14932);
#14928 = LINE('',#14929,#14930);
#14929 = CARTESIAN_POINT('',(0.,20.));
#14930 = VECTOR('',#14931,1.);
#14931 = DIRECTION('',(1.,0.));
#14932 = ( GEOMETRIC_REPRESENTATION_CONTEXT(2) 
PARAMETRIC_REPRESENTATION_CONTEXT() REPRESENTATION_CONTEXT('2D SPACE',''
  ) );
#14933 = PCURVE('',#14934,#14939);
#14934 = PLANE('',#14935);
#14935 = AXIS2_PLACEMENT_3D('',#14936,#14937,#14938);
#14936 = CARTESIAN_POINT('',(-27.,-20.4,21.));
#14937 = DIRECTION('',(0.,-1.,2.22044604925E-16));
#14938 = DIRECTION('',(1.,0.,0.));
#14939 = DEFINITIONAL_REPRESENTATION('',(#14940),#14944);
#14940 = CIRCLE('',#14941,1.);
#14941 = AXIS2_PLACEMENT_2D('',#14942,#14943);
#14942 = CARTESIAN_POINT('',(0.,0.));
#14943 = DIRECTION('',(1.,0.));
#14944 = ( GEOMETRIC_REPRESENTATION_CONTEXT(2) 
PARAMETRIC_REPRESENTATION_CONTEXT() REPRESENTATION_CONTEXT('2D SPACE',''
  ) );
#14945 = ORIENTED_EDGE('',*,*,#14946,.F.);
#14946 = EDGE_CURVE('',#14882,#14918,#14947,.T.);
#14947 = SEAM_CURVE('',#14948,(#14952,#14959),.PCURVE_S1.);
#14948 = LINE('',#14949,#14950);
#14949 = CARTESIAN_POINT('',(-26.,-0.4,21.));
#14950 = VECTOR('',#14951,1.);
#14951 = DIRECTION('',(0.,-1.,2.22044604925E-16));
#14952 = PCURVE('',#14898,#14953);
#14953 = DEFINITIONAL_REPRESENTATION('',(#14954),#14958);
#14954 = LINE('',#14955,#14956);
#14955 = CARTESIAN_POINT('',(6.28318530718,-0.));
#14956 = VECTOR('',#14957,1.);
#14957 = DIRECTION('',(0.,1.));
#14958 = ( GEOMETRIC_REPRESENTATION_CONTEXT(2) 
PARAMETRIC_REPRESENTATION_CONTEXT() REPRESENTATION_CONTEXT('2D SPACE',''
  ) );
#14959 = PCURVE('',#14898,#14960);
#14960 = DEFINITIONAL_REPRESENTATION('',(#14961),#14965);
#14961 = LINE('',#14962,#14963);
#14962 = CARTESIAN_POINT('',(0.,-0.));
#14963 = VECTOR('',#14964,1.);
#14964 = DIRECTION('',(0.,1.));
#14965 = ( GEOMETRIC_REPRESENTATION_CONTEXT(2) 
PARAMETRIC_REPRESENTATION_CONTEXT() REPRESENTATION_CONTEXT('2D SPACE',''
  ) );
#14966 = ORIENTED_EDGE('',*,*,#14881,.T.);
#14967 = ORIENTED_EDGE('',*,*,#14946,.T.);
#14968 = ADVANCED_FACE('',(#14969),#14934,.T.);
#14969 = FACE_BOUND('',#14970,.T.);
#14970 = EDGE_LOOP('',(#14971));
#14971 = ORIENTED_EDGE('',*,*,#14917,.T.);
#14972 = MANIFOLD_SOLID_BREP('',#14973);
#14973 = CLOSED_SHELL('',(#14974,#15062,#15097,#15101,#15156));
#14974 = ADVANCED_FACE('',(#14975),#14988,.T.);
#14975 = FACE_BOUND('',#14976,.T.);
#14976 = EDGE_LOOP('',(#14977,#15011,#15034,#15061));
#14977 = ORIENTED_EDGE('',*,*,#14978,.F.);
#14978 = EDGE_CURVE('',#14979,#14979,#14981,.T.);
#14979 = VERTEX_POINT('',#14980);
#14980 = CARTESIAN_POINT('',(28.9,-0.4,21.));
#14981 = SURFACE_CURVE('',#14982,(#14987,#14999),.PCURVE_S1.);
#14982 = CIRCLE('',#14983,1.9);
#14983 = AXIS2_PLACEMENT_3D('',#14984,#14985,#14986);
#14984 = CARTESIAN_POINT('',(27.,-0.4,21.));
#14985 = DIRECTION('',(0.,-1.,2.22044604925E-16));
#14986 = DIRECTION('',(1.,0.,0.));
#14987 = PCURVE('',#14988,#14993);
#14988 = CYLINDRICAL_SURFACE('',#14989,1.9);
#14989 = AXIS2_PLACEMENT_3D('',#14990,#14991,#14992);
#14990 = CARTESIAN_POINT('',(27.,0.9,21.));
#14991 = DIRECTION('',(0.,-1.,2.22044604925E-16));
#14992 = DIRECTION('',(1.,0.,0.));
#14993 = DEFINITIONAL_REPRESENTATION('',(#14994),#14998);
#14994 = LINE('',#14995,#14996);
#14995 = CARTESIAN_POINT('',(0.,1.3));
#14996 = VECTOR('',#14997,1.);
#14997 = DIRECTION('',(1.,0.));
#14998 = ( GEOMETRIC_REPRESENTATION_CONTEXT(2) 
PARAMETRIC_REPRESENTATION_CONTEXT() REPRESENTATION_CONTEXT('2D SPACE',''
  ) );
#14999 = PCURVE('',#15000,#15005);
#15000 = PLANE('',#15001);
#15001 = AXIS2_PLACEMENT_3D('',#15002,#15003,#15004);
#15002 = CARTESIAN_POINT('',(27.,-0.4,21.));
#15003 = DIRECTION('',(0.,-1.,2.22044604925E-16));
#15004 = DIRECTION('',(1.,0.,0.));
#15005 = DEFINITIONAL_REPRESENTATION('',(#15006),#15010);
#15006 = CIRCLE('',#15007,1.9);
#15007 = AXIS2_PLACEMENT_2D('',#15008,#15009);
#15008 = CARTESIAN_POINT('',(0.,0.));
#15009 = DIRECTION('',(1.,0.));
#15010 = ( GEOMETRIC_REPRESENTATION_CONTEXT(2) 
PARAMETRIC_REPRESENTATION_CONTEXT() REPRESENTATION_CONTEXT('2D SPACE',''
  ) );
#15011 = ORIENTED_EDGE('',*,*,#15012,.F.);
#15012 = EDGE_CURVE('',#15013,#14979,#15015,.T.);
#15013 = VERTEX_POINT('',#15014);
#15014 = CARTESIAN_POINT('',(28.9,0.9,21.));
#15015 = SEAM_CURVE('',#15016,(#15020,#15027),.PCURVE_S1.);
#15016 = LINE('',#15017,#15018);
#15017 = CARTESIAN_POINT('',(28.9,0.9,21.));
#15018 = VECTOR('',#15019,1.);
#15019 = DIRECTION('',(0.,-1.,2.22044604925E-16));
#15020 = PCURVE('',#14988,#15021);
#15021 = DEFINITIONAL_REPRESENTATION('',(#15022),#15026);
#15022 = LINE('',#15023,#15024);
#15023 = CARTESIAN_POINT('',(6.28318530718,-0.));
#15024 = VECTOR('',#15025,1.);
#15025 = DIRECTION('',(0.,1.));
#15026 = ( GEOMETRIC_REPRESENTATION_CONTEXT(2) 
PARAMETRIC_REPRESENTATION_CONTEXT() REPRESENTATION_CONTEXT('2D SPACE',''
  ) );
#15027 = PCURVE('',#14988,#15028);
#15028 = DEFINITIONAL_REPRESENTATION('',(#15029),#15033);
#15029 = LINE('',#15030,#15031);
#15030 = CARTESIAN_POINT('',(0.,-0.));
#15031 = VECTOR('',#15032,1.);
#15032 = DIRECTION('',(0.,1.));
#15033 = ( GEOMETRIC_REPRESENTATION_CONTEXT(2) 
PARAMETRIC_REPRESENTATION_CONTEXT() REPRESENTATION_CONTEXT('2D SPACE',''
  ) );
#15034 = ORIENTED_EDGE('',*,*,#15035,.T.);
#15035 = EDGE_CURVE('',#15013,#15013,#15036,.T.);
#15036 = SURFACE_CURVE('',#15037,(#15042,#15049),.PCURVE_S1.);
#15037 = CIRCLE('',#15038,1.9);
#15038 = AXIS2_PLACEMENT_3D('',#15039,#15040,#15041);
#15039 = CARTESIAN_POINT('',(27.,0.9,21.));
#15040 = DIRECTION('',(0.,-1.,2.22044604925E-16));
#15041 = DIRECTION('',(1.,0.,0.));
#15042 = PCURVE('',#14988,#15043);
#15043 = DEFINITIONAL_REPRESENTATION('',(#15044),#15048);
#15044 = LINE('',#15045,#15046);
#15045 = CARTESIAN_POINT('',(0.,0.));
#15046 = VECTOR('',#15047,1.);
#15047 = DIRECTION('',(1.,0.));
#15048 = ( GEOMETRIC_REPRESENTATION_CONTEXT(2) 
PARAMETRIC_REPRESENTATION_CONTEXT() REPRESENTATION_CONTEXT('2D SPACE',''
  ) );
#15049 = PCURVE('',#15050,#15055);
#15050 = PLANE('',#15051);
#15051 = AXIS2_PLACEMENT_3D('',#15052,#15053,#15054);
#15052 = CARTESIAN_POINT('',(27.,0.9,21.));
#15053 = DIRECTION('',(0.,-1.,2.22044604925E-16));
#15054 = DIRECTION('',(1.,0.,0.));
#15055 = DEFINITIONAL_REPRESENTATION('',(#15056),#15060);
#15056 = CIRCLE('',#15057,1.9);
#15057 = AXIS2_PLACEMENT_2D('',#15058,#15059);
#15058 = CARTESIAN_POINT('',(0.,0.));
#15059 = DIRECTION('',(1.,0.));
#15060 = ( GEOMETRIC_REPRESENTATION_CONTEXT(2) 
PARAMETRIC_REPRESENTATION_CONTEXT() REPRESENTATION_CONTEXT('2D SPACE',''
  ) );
#15061 = ORIENTED_EDGE('',*,*,#15012,.T.);
#15062 = ADVANCED_FACE('',(#15063,#15066),#15000,.T.);
#15063 = FACE_BOUND('',#15064,.T.);
#15064 = EDGE_LOOP('',(#15065));
#15065 = ORIENTED_EDGE('',*,*,#14978,.T.);
#15066 = FACE_BOUND('',#15067,.T.);
#15067 = EDGE_LOOP('',(#15068));
#15068 = ORIENTED_EDGE('',*,*,#15069,.F.);
#15069 = EDGE_CURVE('',#15070,#15070,#15072,.T.);
#15070 = VERTEX_POINT('',#15071);
#15071 = CARTESIAN_POINT('',(28.,-0.4,21.));
#15072 = SURFACE_CURVE('',#15073,(#15078,#15085),.PCURVE_S1.);
#15073 = CIRCLE('',#15074,1.);
#15074 = AXIS2_PLACEMENT_3D('',#15075,#15076,#15077);
#15075 = CARTESIAN_POINT('',(27.,-0.4,21.));
#15076 = DIRECTION('',(0.,-1.,2.22044604925E-16));
#15077 = DIRECTION('',(1.,0.,0.));
#15078 = PCURVE('',#15000,#15079);
#15079 = DEFINITIONAL_REPRESENTATION('',(#15080),#15084);
#15080 = CIRCLE('',#15081,1.);
#15081 = AXIS2_PLACEMENT_2D('',#15082,#15083);
#15082 = CARTESIAN_POINT('',(0.,-3.552713678801E-15));
#15083 = DIRECTION('',(1.,0.));
#15084 = ( GEOMETRIC_REPRESENTATION_CONTEXT(2) 
PARAMETRIC_REPRESENTATION_CONTEXT() REPRESENTATION_CONTEXT('2D SPACE',''
  ) );
#15085 = PCURVE('',#15086,#15091);
#15086 = CYLINDRICAL_SURFACE('',#15087,1.);
#15087 = AXIS2_PLACEMENT_3D('',#15088,#15089,#15090);
#15088 = CARTESIAN_POINT('',(27.,-0.4,21.));
#15089 = DIRECTION('',(0.,-1.,2.22044604925E-16));
#15090 = DIRECTION('',(1.,0.,0.));
#15091 = DEFINITIONAL_REPRESENTATION('',(#15092),#15096);
#15092 = LINE('',#15093,#15094);
#15093 = CARTESIAN_POINT('',(0.,0.));
#15094 = VECTOR('',#15095,1.);
#15095 = DIRECTION('',(1.,0.));
#15096 = ( GEOMETRIC_REPRESENTATION_CONTEXT(2) 
PARAMETRIC_REPRESENTATION_CONTEXT() REPRESENTATION_CONTEXT('2D SPACE',''
  ) );
#15097 = ADVANCED_FACE('',(#15098),#15050,.F.);
#15098 = FACE_BOUND('',#15099,.T.);
#15099 = EDGE_LOOP('',(#15100));
#15100 = ORIENTED_EDGE('',*,*,#15035,.F.);
#15101 = ADVANCED_FACE('',(#15102),#15086,.T.);
#15102 = FACE_BOUND('',#15103,.T.);
#15103 = EDGE_LOOP('',(#15104,#15133,#15154,#15155));
#15104 = ORIENTED_EDGE('',*,*,#15105,.F.);
#15105 = EDGE_CURVE('',#15106,#15106,#15108,.T.);
#15106 = VERTEX_POINT('',#15107);
#15107 = CARTESIAN_POINT('',(28.,-20.4,21.));
#15108 = SURFACE_CURVE('',#15109,(#15114,#15121),.PCURVE_S1.);
#15109 = CIRCLE('',#15110,1.);
#15110 = AXIS2_PLACEMENT_3D('',#15111,#15112,#15113);
#15111 = CARTESIAN_POINT('',(27.,-20.4,21.));
#15112 = DIRECTION('',(0.,-1.,2.22044604925E-16));
#15113 = DIRECTION('',(1.,0.,0.));
#15114 = PCURVE('',#15086,#15115);
#15115 = DEFINITIONAL_REPRESENTATION('',(#15116),#15120);
#15116 = LINE('',#15117,#15118);
#15117 = CARTESIAN_POINT('',(0.,20.));
#15118 = VECTOR('',#15119,1.);
#15119 = DIRECTION('',(1.,0.));
#15120 = ( GEOMETRIC_REPRESENTATION_CONTEXT(2) 
PARAMETRIC_REPRESENTATION_CONTEXT() REPRESENTATION_CONTEXT('2D SPACE',''
  ) );
#15121 = PCURVE('',#15122,#15127);
#15122 = PLANE('',#15123);
#15123 = AXIS2_PLACEMENT_3D('',#15124,#15125,#15126);
#15124 = CARTESIAN_POINT('',(27.,-20.4,21.));
#15125 = DIRECTION('',(0.,-1.,2.22044604925E-16));
#15126 = DIRECTION('',(1.,0.,0.));
#15127 = DEFINITIONAL_REPRESENTATION('',(#15128),#15132);
#15128 = CIRCLE('',#15129,1.);
#15129 = AXIS2_PLACEMENT_2D('',#15130,#15131);
#15130 = CARTESIAN_POINT('',(0.,0.));
#15131 = DIRECTION('',(1.,0.));
#15132 = ( GEOMETRIC_REPRESENTATION_CONTEXT(2) 
PARAMETRIC_REPRESENTATION_CONTEXT() REPRESENTATION_CONTEXT('2D SPACE',''
  ) );
#15133 = ORIENTED_EDGE('',*,*,#15134,.F.);
#15134 = EDGE_CURVE('',#15070,#15106,#15135,.T.);
#15135 = SEAM_CURVE('',#15136,(#15140,#15147),.PCURVE_S1.);
#15136 = LINE('',#15137,#15138);
#15137 = CARTESIAN_POINT('',(28.,-0.4,21.));
#15138 = VECTOR('',#15139,1.);
#15139 = DIRECTION('',(0.,-1.,2.22044604925E-16));
#15140 = PCURVE('',#15086,#15141);
#15141 = DEFINITIONAL_REPRESENTATION('',(#15142),#15146);
#15142 = LINE('',#15143,#15144);
#15143 = CARTESIAN_POINT('',(6.28318530718,-0.));
#15144 = VECTOR('',#15145,1.);
#15145 = DIRECTION('',(0.,1.));
#15146 = ( GEOMETRIC_REPRESENTATION_CONTEXT(2) 
PARAMETRIC_REPRESENTATION_CONTEXT() REPRESENTATION_CONTEXT('2D SPACE',''
  ) );
#15147 = PCURVE('',#15086,#15148);
#15148 = DEFINITIONAL_REPRESENTATION('',(#15149),#15153);
#15149 = LINE('',#15150,#15151);
#15150 = CARTESIAN_POINT('',(0.,-0.));
#15151 = VECTOR('',#15152,1.);
#15152 = DIRECTION('',(0.,1.));
#15153 = ( GEOMETRIC_REPRESENTATION_CONTEXT(2) 
PARAMETRIC_REPRESENTATION_CONTEXT() REPRESENTATION_CONTEXT('2D SPACE',''
  ) );
#15154 = ORIENTED_EDGE('',*,*,#15069,.T.);
#15155 = ORIENTED_EDGE('',*,*,#15134,.T.);
#15156 = ADVANCED_FACE('',(#15157),#15122,.T.);
#15157 = FACE_BOUND('',#15158,.T.);
#15158 = EDGE_LOOP('',(#15159));
#15159 = ORIENTED_EDGE('',*,*,#15105,.T.);
#15160 = MANIFOLD_SOLID_BREP('',#15161);
#15161 = CLOSED_SHELL('',(#15162,#15250,#15285,#15289,#15344));
#15162 = ADVANCED_FACE('',(#15163),#15176,.T.);
#15163 = FACE_BOUND('',#15164,.T.);
#15164 = EDGE_LOOP('',(#15165,#15199,#15222,#15249));
#15165 = ORIENTED_EDGE('',*,*,#15166,.F.);
#15166 = EDGE_CURVE('',#15167,#15167,#15169,.T.);
#15167 = VERTEX_POINT('',#15168);
#15168 = CARTESIAN_POINT('',(28.9,-0.4,-21.));
#15169 = SURFACE_CURVE('',#15170,(#15175,#15187),.PCURVE_S1.);
#15170 = CIRCLE('',#15171,1.9);
#15171 = AXIS2_PLACEMENT_3D('',#15172,#15173,#15174);
#15172 = CARTESIAN_POINT('',(27.,-0.4,-21.));
#15173 = DIRECTION('',(0.,-1.,2.22044604925E-16));
#15174 = DIRECTION('',(1.,0.,0.));
#15175 = PCURVE('',#15176,#15181);
#15176 = CYLINDRICAL_SURFACE('',#15177,1.9);
#15177 = AXIS2_PLACEMENT_3D('',#15178,#15179,#15180);
#15178 = CARTESIAN_POINT('',(27.,0.9,-21.));
#15179 = DIRECTION('',(0.,-1.,2.22044604925E-16));
#15180 = DIRECTION('',(1.,0.,0.));
#15181 = DEFINITIONAL_REPRESENTATION('',(#15182),#15186);
#15182 = LINE('',#15183,#15184);
#15183 = CARTESIAN_POINT('',(0.,1.3));
#15184 = VECTOR('',#15185,1.);
#15185 = DIRECTION('',(1.,0.));
#15186 = ( GEOMETRIC_REPRESENTATION_CONTEXT(2) 
PARAMETRIC_REPRESENTATION_CONTEXT() REPRESENTATION_CONTEXT('2D SPACE',''
  ) );
#15187 = PCURVE('',#15188,#15193);
#15188 = PLANE('',#15189);
#15189 = AXIS2_PLACEMENT_3D('',#15190,#15191,#15192);
#15190 = CARTESIAN_POINT('',(27.,-0.4,-21.));
#15191 = DIRECTION('',(0.,-1.,2.22044604925E-16));
#15192 = DIRECTION('',(1.,0.,0.));
#15193 = DEFINITIONAL_REPRESENTATION('',(#15194),#15198);
#15194 = CIRCLE('',#15195,1.9);
#15195 = AXIS2_PLACEMENT_2D('',#15196,#15197);
#15196 = CARTESIAN_POINT('',(0.,0.));
#15197 = DIRECTION('',(1.,0.));
#15198 = ( GEOMETRIC_REPRESENTATION_CONTEXT(2) 
PARAMETRIC_REPRESENTATION_CONTEXT() REPRESENTATION_CONTEXT('2D SPACE',''
  ) );
#15199 = ORIENTED_EDGE('',*,*,#15200,.F.);
#15200 = EDGE_CURVE('',#15201,#15167,#15203,.T.);
#15201 = VERTEX_POINT('',#15202);
#15202 = CARTESIAN_POINT('',(28.9,0.9,-21.));
#15203 = SEAM_CURVE('',#15204,(#15208,#15215),.PCURVE_S1.);
#15204 = LINE('',#15205,#15206);
#15205 = CARTESIAN_POINT('',(28.9,0.9,-21.));
#15206 = VECTOR('',#15207,1.);
#15207 = DIRECTION('',(0.,-1.,2.22044604925E-16));
#15208 = PCURVE('',#15176,#15209);
#15209 = DEFINITIONAL_REPRESENTATION('',(#15210),#15214);
#15210 = LINE('',#15211,#15212);
#15211 = CARTESIAN_POINT('',(6.28318530718,-0.));
#15212 = VECTOR('',#15213,1.);
#15213 = DIRECTION('',(0.,1.));
#15214 = ( GEOMETRIC_REPRESENTATION_CONTEXT(2) 
PARAMETRIC_REPRESENTATION_CONTEXT() REPRESENTATION_CONTEXT('2D SPACE',''
  ) );
#15215 = PCURVE('',#15176,#15216);
#15216 = DEFINITIONAL_REPRESENTATION('',(#15217),#15221);
#15217 = LINE('',#15218,#15219);
#15218 = CARTESIAN_POINT('',(0.,-0.));
#15219 = VECTOR('',#15220,1.);
#15220 = DIRECTION('',(0.,1.));
#15221 = ( GEOMETRIC_REPRESENTATION_CONTEXT(2) 
PARAMETRIC_REPRESENTATION_CONTEXT() REPRESENTATION_CONTEXT('2D SPACE',''
  ) );
#15222 = ORIENTED_EDGE('',*,*,#15223,.T.);
#15223 = EDGE_CURVE('',#15201,#15201,#15224,.T.);
#15224 = SURFACE_CURVE('',#15225,(#15230,#15237),.PCURVE_S1.);
#15225 = CIRCLE('',#15226,1.9);
#15226 = AXIS2_PLACEMENT_3D('',#15227,#15228,#15229);
#15227 = CARTESIAN_POINT('',(27.,0.9,-21.));
#15228 = DIRECTION('',(0.,-1.,2.22044604925E-16));
#15229 = DIRECTION('',(1.,0.,0.));
#15230 = PCURVE('',#15176,#15231);
#15231 = DEFINITIONAL_REPRESENTATION('',(#15232),#15236);
#15232 = LINE('',#15233,#15234);
#15233 = CARTESIAN_POINT('',(0.,0.));
#15234 = VECTOR('',#15235,1.);
#15235 = DIRECTION('',(1.,0.));
#15236 = ( GEOMETRIC_REPRESENTATION_CONTEXT(2) 
PARAMETRIC_REPRESENTATION_CONTEXT() REPRESENTATION_CONTEXT('2D SPACE',''
  ) );
#15237 = PCURVE('',#15238,#15243);
#15238 = PLANE('',#15239);
#15239 = AXIS2_PLACEMENT_3D('',#15240,#15241,#15242);
#15240 = CARTESIAN_POINT('',(27.,0.9,-21.));
#15241 = DIRECTION('',(0.,-1.,2.22044604925E-16));
#15242 = DIRECTION('',(1.,0.,0.));
#15243 = DEFINITIONAL_REPRESENTATION('',(#15244),#15248);
#15244 = CIRCLE('',#15245,1.9);
#15245 = AXIS2_PLACEMENT_2D('',#15246,#15247);
#15246 = CARTESIAN_POINT('',(0.,0.));
#15247 = DIRECTION('',(1.,0.));
#15248 = ( GEOMETRIC_REPRESENTATION_CONTEXT(2) 
PARAMETRIC_REPRESENTATION_CONTEXT() REPRESENTATION_CONTEXT('2D SPACE',''
  ) );
#15249 = ORIENTED_EDGE('',*,*,#15200,.T.);
#15250 = ADVANCED_FACE('',(#15251,#15254),#15188,.T.);
#15251 = FACE_BOUND('',#15252,.T.);
#15252 = EDGE_LOOP('',(#15253));
#15253 = ORIENTED_EDGE('',*,*,#15166,.T.);
#15254 = FACE_BOUND('',#15255,.T.);
#15255 = EDGE_LOOP('',(#15256));
#15256 = ORIENTED_EDGE('',*,*,#15257,.F.);
#15257 = EDGE_CURVE('',#15258,#15258,#15260,.T.);
#15258 = VERTEX_POINT('',#15259);
#15259 = CARTESIAN_POINT('',(28.,-0.4,-21.));
#15260 = SURFACE_CURVE('',#15261,(#15266,#15273),.PCURVE_S1.);
#15261 = CIRCLE('',#15262,1.);
#15262 = AXIS2_PLACEMENT_3D('',#15263,#15264,#15265);
#15263 = CARTESIAN_POINT('',(27.,-0.4,-21.));
#15264 = DIRECTION('',(0.,-1.,2.22044604925E-16));
#15265 = DIRECTION('',(1.,0.,0.));
#15266 = PCURVE('',#15188,#15267);
#15267 = DEFINITIONAL_REPRESENTATION('',(#15268),#15272);
#15268 = CIRCLE('',#15269,1.);
#15269 = AXIS2_PLACEMENT_2D('',#15270,#15271);
#15270 = CARTESIAN_POINT('',(0.,-3.552713678801E-15));
#15271 = DIRECTION('',(1.,0.));
#15272 = ( GEOMETRIC_REPRESENTATION_CONTEXT(2) 
PARAMETRIC_REPRESENTATION_CONTEXT() REPRESENTATION_CONTEXT('2D SPACE',''
  ) );
#15273 = PCURVE('',#15274,#15279);
#15274 = CYLINDRICAL_SURFACE('',#15275,1.);
#15275 = AXIS2_PLACEMENT_3D('',#15276,#15277,#15278);
#15276 = CARTESIAN_POINT('',(27.,-0.4,-21.));
#15277 = DIRECTION('',(0.,-1.,2.22044604925E-16));
#15278 = DIRECTION('',(1.,0.,0.));
#15279 = DEFINITIONAL_REPRESENTATION('',(#15280),#15284);
#15280 = LINE('',#15281,#15282);
#15281 = CARTESIAN_POINT('',(0.,0.));
#15282 = VECTOR('',#15283,1.);
#15283 = DIRECTION('',(1.,0.));
#15284 = ( GEOMETRIC_REPRESENTATION_CONTEXT(2) 
PARAMETRIC_REPRESENTATION_CONTEXT() REPRESENTATION_CONTEXT('2D SPACE',''
  ) );
#15285 = ADVANCED_FACE('',(#15286),#15238,.F.);
#15286 = FACE_BOUND('',#15287,.T.);
#15287 = EDGE_LOOP('',(#15288));
#15288 = ORIENTED_EDGE('',*,*,#15223,.F.);
#15289 = ADVANCED_FACE('',(#15290),#15274,.T.);
#15290 = FACE_BOUND('',#15291,.T.);
#15291 = EDGE_LOOP('',(#15292,#15321,#15342,#15343));
#15292 = ORIENTED_EDGE('',*,*,#15293,.F.);
#15293 = EDGE_CURVE('',#15294,#15294,#15296,.T.);
#15294 = VERTEX_POINT('',#15295);
#15295 = CARTESIAN_POINT('',(28.,-20.4,-21.));
#15296 = SURFACE_CURVE('',#15297,(#15302,#15309),.PCURVE_S1.);
#15297 = CIRCLE('',#15298,1.);
#15298 = AXIS2_PLACEMENT_3D('',#15299,#15300,#15301);
#15299 = CARTESIAN_POINT('',(27.,-20.4,-21.));
#15300 = DIRECTION('',(0.,-1.,2.22044604925E-16));
#15301 = DIRECTION('',(1.,0.,0.));
#15302 = PCURVE('',#15274,#15303);
#15303 = DEFINITIONAL_REPRESENTATION('',(#15304),#15308);
#15304 = LINE('',#15305,#15306);
#15305 = CARTESIAN_POINT('',(0.,20.));
#15306 = VECTOR('',#15307,1.);
#15307 = DIRECTION('',(1.,0.));
#15308 = ( GEOMETRIC_REPRESENTATION_CONTEXT(2) 
PARAMETRIC_REPRESENTATION_CONTEXT() REPRESENTATION_CONTEXT('2D SPACE',''
  ) );
#15309 = PCURVE('',#15310,#15315);
#15310 = PLANE('',#15311);
#15311 = AXIS2_PLACEMENT_3D('',#15312,#15313,#15314);
#15312 = CARTESIAN_POINT('',(27.,-20.4,-21.));
#15313 = DIRECTION('',(0.,-1.,2.22044604925E-16));
#15314 = DIRECTION('',(1.,0.,0.));
#15315 = DEFINITIONAL_REPRESENTATION('',(#15316),#15320);
#15316 = CIRCLE('',#15317,1.);
#15317 = AXIS2_PLACEMENT_2D('',#15318,#15319);
#15318 = CARTESIAN_POINT('',(0.,0.));
#15319 = DIRECTION('',(1.,0.));
#15320 = ( GEOMETRIC_REPRESENTATION_CONTEXT(2) 
PARAMETRIC_REPRESENTATION_CONTEXT() REPRESENTATION_CONTEXT('2D SPACE',''
  ) );
#15321 = ORIENTED_EDGE('',*,*,#15322,.F.);
#15322 = EDGE_CURVE('',#15258,#15294,#15323,.T.);
#15323 = SEAM_CURVE('',#15324,(#15328,#15335),.PCURVE_S1.);
#15324 = LINE('',#15325,#15326);
#15325 = CARTESIAN_POINT('',(28.,-0.4,-21.));
#15326 = VECTOR('',#15327,1.);
#15327 = DIRECTION('',(0.,-1.,2.22044604925E-16));
#15328 = PCURVE('',#15274,#15329);
#15329 = DEFINITIONAL_REPRESENTATION('',(#15330),#15334);
#15330 = LINE('',#15331,#15332);
#15331 = CARTESIAN_POINT('',(6.28318530718,-0.));
#15332 = VECTOR('',#15333,1.);
#15333 = DIRECTION('',(0.,1.));
#15334 = ( GEOMETRIC_REPRESENTATION_CONTEXT(2) 
PARAMETRIC_REPRESENTATION_CONTEXT() REPRESENTATION_CONTEXT('2D SPACE',''
  ) );
#15335 = PCURVE('',#15274,#15336);
#15336 = DEFINITIONAL_REPRESENTATION('',(#15337),#15341);
#15337 = LINE('',#15338,#15339);
#15338 = CARTESIAN_POINT('',(0.,-0.));
#15339 = VECTOR('',#15340,1.);
#15340 = DIRECTION('',(0.,1.));
#15341 = ( GEOMETRIC_REPRESENTATION_CONTEXT(2) 
PARAMETRIC_REPRESENTATION_CONTEXT() REPRESENTATION_CONTEXT('2D SPACE',''
  ) );
#15342 = ORIENTED_EDGE('',*,*,#15257,.T.);
#15343 = ORIENTED_EDGE('',*,*,#15322,.T.);
#15344 = ADVANCED_FACE('',(#15345),#15310,.T.);
#15345 = FACE_BOUND('',#15346,.T.);
#15346 = EDGE_LOOP('',(#15347));
#15347 = ORIENTED_EDGE('',*,*,#15293,.T.);
#15348 = MANIFOLD_SOLID_BREP('',#15349);
#15349 = CLOSED_SHELL('',(#15350,#15470,#15722,#15771,#15976,#16003,
    #16010,#16057,#16084,#16111,#16118,#16173,#16228,#16278,#16328,
    #16335));
#15350 = ADVANCED_FACE('',(#15351),#15365,.F.);
#15351 = FACE_BOUND('',#15352,.F.);
#15352 = EDGE_LOOP('',(#15353,#15388,#15416,#15444));
#15353 = ORIENTED_EDGE('',*,*,#15354,.F.);
#15354 = EDGE_CURVE('',#15355,#15357,#15359,.T.);
#15355 = VERTEX_POINT('',#15356);
#15356 = CARTESIAN_POINT('',(-11.,1.,-16.));
#15357 = VERTEX_POINT('',#15358);
#15358 = CARTESIAN_POINT('',(-11.,1.,24.));
#15359 = SURFACE_CURVE('',#15360,(#15364,#15376),.PCURVE_S1.);
#15360 = LINE('',#15361,#15362);
#15361 = CARTESIAN_POINT('',(-11.,1.,-16.));
#15362 = VECTOR('',#15363,1.);
#15363 = DIRECTION('',(0.,0.,1.));
#15364 = PCURVE('',#15365,#15370);
#15365 = PLANE('',#15366);
#15366 = AXIS2_PLACEMENT_3D('',#15367,#15368,#15369);
#15367 = CARTESIAN_POINT('',(-11.,1.,-16.));
#15368 = DIRECTION('',(1.,0.,-0.));
#15369 = DIRECTION('',(0.,0.,1.));
#15370 = DEFINITIONAL_REPRESENTATION('',(#15371),#15375);
#15371 = LINE('',#15372,#15373);
#15372 = CARTESIAN_POINT('',(0.,0.));
#15373 = VECTOR('',#15374,1.);
#15374 = DIRECTION('',(1.,0.));
#15375 = ( GEOMETRIC_REPRESENTATION_CONTEXT(2) 
PARAMETRIC_REPRESENTATION_CONTEXT() REPRESENTATION_CONTEXT('2D SPACE',''
  ) );
#15376 = PCURVE('',#15377,#15382);
#15377 = PLANE('',#15378);
#15378 = AXIS2_PLACEMENT_3D('',#15379,#15380,#15381);
#15379 = CARTESIAN_POINT('',(-11.,1.,-16.));
#15380 = DIRECTION('',(-0.,1.,0.));
#15381 = DIRECTION('',(0.,0.,1.));
#15382 = DEFINITIONAL_REPRESENTATION('',(#15383),#15387);
#15383 = LINE('',#15384,#15385);
#15384 = CARTESIAN_POINT('',(0.,0.));
#15385 = VECTOR('',#15386,1.);
#15386 = DIRECTION('',(1.,0.));
#15387 = ( GEOMETRIC_REPRESENTATION_CONTEXT(2) 
PARAMETRIC_REPRESENTATION_CONTEXT() REPRESENTATION_CONTEXT('2D SPACE',''
  ) );
#15388 = ORIENTED_EDGE('',*,*,#15389,.T.);
#15389 = EDGE_CURVE('',#15355,#15390,#15392,.T.);
#15390 = VERTEX_POINT('',#15391);
#15391 = CARTESIAN_POINT('',(-11.,4.,-16.));
#15392 = SURFACE_CURVE('',#15393,(#15397,#15404),.PCURVE_S1.);
#15393 = LINE('',#15394,#15395);
#15394 = CARTESIAN_POINT('',(-11.,1.,-16.));
#15395 = VECTOR('',#15396,1.);
#15396 = DIRECTION('',(-0.,1.,0.));
#15397 = PCURVE('',#15365,#15398);
#15398 = DEFINITIONAL_REPRESENTATION('',(#15399),#15403);
#15399 = LINE('',#15400,#15401);
#15400 = CARTESIAN_POINT('',(0.,0.));
#15401 = VECTOR('',#15402,1.);
#15402 = DIRECTION('',(0.,-1.));
#15403 = ( GEOMETRIC_REPRESENTATION_CONTEXT(2) 
PARAMETRIC_REPRESENTATION_CONTEXT() REPRESENTATION_CONTEXT('2D SPACE',''
  ) );
#15404 = PCURVE('',#15405,#15410);
#15405 = PLANE('',#15406);
#15406 = AXIS2_PLACEMENT_3D('',#15407,#15408,#15409);
#15407 = CARTESIAN_POINT('',(-11.,1.,-16.));
#15408 = DIRECTION('',(0.,0.,1.));
#15409 = DIRECTION('',(1.,0.,-0.));
#15410 = DEFINITIONAL_REPRESENTATION('',(#15411),#15415);
#15411 = LINE('',#15412,#15413);
#15412 = CARTESIAN_POINT('',(0.,0.));
#15413 = VECTOR('',#15414,1.);
#15414 = DIRECTION('',(0.,1.));
#15415 = ( GEOMETRIC_REPRESENTATION_CONTEXT(2) 
PARAMETRIC_REPRESENTATION_CONTEXT() REPRESENTATION_CONTEXT('2D SPACE',''
  ) );
#15416 = ORIENTED_EDGE('',*,*,#15417,.T.);
#15417 = EDGE_CURVE('',#15390,#15418,#15420,.T.);
#15418 = VERTEX_POINT('',#15419);
#15419 = CARTESIAN_POINT('',(-11.,4.,24.));
#15420 = SURFACE_CURVE('',#15421,(#15425,#15432),.PCURVE_S1.);
#15421 = LINE('',#15422,#15423);
#15422 = CARTESIAN_POINT('',(-11.,4.,-16.));
#15423 = VECTOR('',#15424,1.);
#15424 = DIRECTION('',(0.,0.,1.));
#15425 = PCURVE('',#15365,#15426);
#15426 = DEFINITIONAL_REPRESENTATION('',(#15427),#15431);
#15427 = LINE('',#15428,#15429);
#15428 = CARTESIAN_POINT('',(0.,-3.));
#15429 = VECTOR('',#15430,1.);
#15430 = DIRECTION('',(1.,0.));
#15431 = ( GEOMETRIC_REPRESENTATION_CONTEXT(2) 
PARAMETRIC_REPRESENTATION_CONTEXT() REPRESENTATION_CONTEXT('2D SPACE',''
  ) );
#15432 = PCURVE('',#15433,#15438);
#15433 = PLANE('',#15434);
#15434 = AXIS2_PLACEMENT_3D('',#15435,#15436,#15437);
#15435 = CARTESIAN_POINT('',(-11.,4.,-16.));
#15436 = DIRECTION('',(-0.,1.,0.));
#15437 = DIRECTION('',(0.,0.,1.));
#15438 = DEFINITIONAL_REPRESENTATION('',(#15439),#15443);
#15439 = LINE('',#15440,#15441);
#15440 = CARTESIAN_POINT('',(0.,0.));
#15441 = VECTOR('',#15442,1.);
#15442 = DIRECTION('',(1.,0.));
#15443 = ( GEOMETRIC_REPRESENTATION_CONTEXT(2) 
PARAMETRIC_REPRESENTATION_CONTEXT() REPRESENTATION_CONTEXT('2D SPACE',''
  ) );
#15444 = ORIENTED_EDGE('',*,*,#15445,.F.);
#15445 = EDGE_CURVE('',#15357,#15418,#15446,.T.);
#15446 = SURFACE_CURVE('',#15447,(#15451,#15458),.PCURVE_S1.);
#15447 = LINE('',#15448,#15449);
#15448 = CARTESIAN_POINT('',(-11.,1.,24.));
#15449 = VECTOR('',#15450,1.);
#15450 = DIRECTION('',(-0.,1.,0.));
#15451 = PCURVE('',#15365,#15452);
#15452 = DEFINITIONAL_REPRESENTATION('',(#15453),#15457);
#15453 = LINE('',#15454,#15455);
#15454 = CARTESIAN_POINT('',(40.,0.));
#15455 = VECTOR('',#15456,1.);
#15456 = DIRECTION('',(0.,-1.));
#15457 = ( GEOMETRIC_REPRESENTATION_CONTEXT(2) 
PARAMETRIC_REPRESENTATION_CONTEXT() REPRESENTATION_CONTEXT('2D SPACE',''
  ) );
#15458 = PCURVE('',#15459,#15464);
#15459 = PLANE('',#15460);
#15460 = AXIS2_PLACEMENT_3D('',#15461,#15462,#15463);
#15461 = CARTESIAN_POINT('',(-11.,1.,24.));
#15462 = DIRECTION('',(0.,0.,1.));
#15463 = DIRECTION('',(1.,0.,-0.));
#15464 = DEFINITIONAL_REPRESENTATION('',(#15465),#15469);
#15465 = LINE('',#15466,#15467);
#15466 = CARTESIAN_POINT('',(0.,0.));
#15467 = VECTOR('',#15468,1.);
#15468 = DIRECTION('',(0.,1.));
#15469 = ( GEOMETRIC_REPRESENTATION_CONTEXT(2) 
PARAMETRIC_REPRESENTATION_CONTEXT() REPRESENTATION_CONTEXT('2D SPACE',''
  ) );
#15470 = ADVANCED_FACE('',(#15471,#15546,#15652,#15687),#15377,.F.);
#15471 = FACE_BOUND('',#15472,.F.);
#15472 = EDGE_LOOP('',(#15473,#15496,#15497,#15520));
#15473 = ORIENTED_EDGE('',*,*,#15474,.F.);
#15474 = EDGE_CURVE('',#15355,#15475,#15477,.T.);
#15475 = VERTEX_POINT('',#15476);
#15476 = CARTESIAN_POINT('',(11.,1.,-16.));
#15477 = SURFACE_CURVE('',#15478,(#15482,#15489),.PCURVE_S1.);
#15478 = LINE('',#15479,#15480);
#15479 = CARTESIAN_POINT('',(-11.,1.,-16.));
#15480 = VECTOR('',#15481,1.);
#15481 = DIRECTION('',(1.,0.,-0.));
#15482 = PCURVE('',#15377,#15483);
#15483 = DEFINITIONAL_REPRESENTATION('',(#15484),#15488);
#15484 = LINE('',#15485,#15486);
#15485 = CARTESIAN_POINT('',(0.,0.));
#15486 = VECTOR('',#15487,1.);
#15487 = DIRECTION('',(0.,1.));
#15488 = ( GEOMETRIC_REPRESENTATION_CONTEXT(2) 
PARAMETRIC_REPRESENTATION_CONTEXT() REPRESENTATION_CONTEXT('2D SPACE',''
  ) );
#15489 = PCURVE('',#15405,#15490);
#15490 = DEFINITIONAL_REPRESENTATION('',(#15491),#15495);
#15491 = LINE('',#15492,#15493);
#15492 = CARTESIAN_POINT('',(0.,0.));
#15493 = VECTOR('',#15494,1.);
#15494 = DIRECTION('',(1.,0.));
#15495 = ( GEOMETRIC_REPRESENTATION_CONTEXT(2) 
PARAMETRIC_REPRESENTATION_CONTEXT() REPRESENTATION_CONTEXT('2D SPACE',''
  ) );
#15496 = ORIENTED_EDGE('',*,*,#15354,.T.);
#15497 = ORIENTED_EDGE('',*,*,#15498,.T.);
#15498 = EDGE_CURVE('',#15357,#15499,#15501,.T.);
#15499 = VERTEX_POINT('',#15500);
#15500 = CARTESIAN_POINT('',(11.,1.,24.));
#15501 = SURFACE_CURVE('',#15502,(#15506,#15513),.PCURVE_S1.);
#15502 = LINE('',#15503,#15504);
#15503 = CARTESIAN_POINT('',(-11.,1.,24.));
#15504 = VECTOR('',#15505,1.);
#15505 = DIRECTION('',(1.,0.,-0.));
#15506 = PCURVE('',#15377,#15507);
#15507 = DEFINITIONAL_REPRESENTATION('',(#15508),#15512);
#15508 = LINE('',#15509,#15510);
#15509 = CARTESIAN_POINT('',(40.,0.));
#15510 = VECTOR('',#15511,1.);
#15511 = DIRECTION('',(0.,1.));
#15512 = ( GEOMETRIC_REPRESENTATION_CONTEXT(2) 
PARAMETRIC_REPRESENTATION_CONTEXT() REPRESENTATION_CONTEXT('2D SPACE',''
  ) );
#15513 = PCURVE('',#15459,#15514);
#15514 = DEFINITIONAL_REPRESENTATION('',(#15515),#15519);
#15515 = LINE('',#15516,#15517);
#15516 = CARTESIAN_POINT('',(0.,0.));
#15517 = VECTOR('',#15518,1.);
#15518 = DIRECTION('',(1.,0.));
#15519 = ( GEOMETRIC_REPRESENTATION_CONTEXT(2) 
PARAMETRIC_REPRESENTATION_CONTEXT() REPRESENTATION_CONTEXT('2D SPACE',''
  ) );
#15520 = ORIENTED_EDGE('',*,*,#15521,.F.);
#15521 = EDGE_CURVE('',#15475,#15499,#15522,.T.);
#15522 = SURFACE_CURVE('',#15523,(#15527,#15534),.PCURVE_S1.);
#15523 = LINE('',#15524,#15525);
#15524 = CARTESIAN_POINT('',(11.,1.,-16.));
#15525 = VECTOR('',#15526,1.);
#15526 = DIRECTION('',(0.,0.,1.));
#15527 = PCURVE('',#15377,#15528);
#15528 = DEFINITIONAL_REPRESENTATION('',(#15529),#15533);
#15529 = LINE('',#15530,#15531);
#15530 = CARTESIAN_POINT('',(0.,22.));
#15531 = VECTOR('',#15532,1.);
#15532 = DIRECTION('',(1.,0.));
#15533 = ( GEOMETRIC_REPRESENTATION_CONTEXT(2) 
PARAMETRIC_REPRESENTATION_CONTEXT() REPRESENTATION_CONTEXT('2D SPACE',''
  ) );
#15534 = PCURVE('',#15535,#15540);
#15535 = PLANE('',#15536);
#15536 = AXIS2_PLACEMENT_3D('',#15537,#15538,#15539);
#15537 = CARTESIAN_POINT('',(11.,1.,-16.));
#15538 = DIRECTION('',(1.,0.,-0.));
#15539 = DIRECTION('',(0.,0.,1.));
#15540 = DEFINITIONAL_REPRESENTATION('',(#15541),#15545);
#15541 = LINE('',#15542,#15543);
#15542 = CARTESIAN_POINT('',(0.,0.));
#15543 = VECTOR('',#15544,1.);
#15544 = DIRECTION('',(1.,0.));
#15545 = ( GEOMETRIC_REPRESENTATION_CONTEXT(2) 
PARAMETRIC_REPRESENTATION_CONTEXT() REPRESENTATION_CONTEXT('2D SPACE',''
  ) );
#15546 = FACE_BOUND('',#15547,.F.);
#15547 = EDGE_LOOP('',(#15548,#15576,#15602,#15628));
#15548 = ORIENTED_EDGE('',*,*,#15549,.F.);
#15549 = EDGE_CURVE('',#15550,#15552,#15554,.T.);
#15550 = VERTEX_POINT('',#15551);
#15551 = CARTESIAN_POINT('',(-7.,1.,-6.));
#15552 = VERTEX_POINT('',#15553);
#15553 = CARTESIAN_POINT('',(7.,1.,-6.));
#15554 = SURFACE_CURVE('',#15555,(#15559,#15565),.PCURVE_S1.);
#15555 = LINE('',#15556,#15557);
#15556 = CARTESIAN_POINT('',(-9.,1.,-6.));
#15557 = VECTOR('',#15558,1.);
#15558 = DIRECTION('',(1.,0.,-0.));
#15559 = PCURVE('',#15377,#15560);
#15560 = DEFINITIONAL_REPRESENTATION('',(#15561),#15564);
#15561 = B_SPLINE_CURVE_WITH_KNOTS('',1,(#15562,#15563),.UNSPECIFIED.,
  .F.,.F.,(2,2),(2.,16.),.PIECEWISE_BEZIER_KNOTS.);
#15562 = CARTESIAN_POINT('',(10.,4.));
#15563 = CARTESIAN_POINT('',(10.,18.));
#15564 = ( GEOMETRIC_REPRESENTATION_CONTEXT(2) 
PARAMETRIC_REPRESENTATION_CONTEXT() REPRESENTATION_CONTEXT('2D SPACE',''
  ) );
#15565 = PCURVE('',#15566,#15571);
#15566 = PLANE('',#15567);
#15567 = AXIS2_PLACEMENT_3D('',#15568,#15569,#15570);
#15568 = CARTESIAN_POINT('',(-7.,0.,-6.));
#15569 = DIRECTION('',(0.,0.,1.));
#15570 = DIRECTION('',(1.,0.,-0.));
#15571 = DEFINITIONAL_REPRESENTATION('',(#15572),#15575);
#15572 = B_SPLINE_CURVE_WITH_KNOTS('',1,(#15573,#15574),.UNSPECIFIED.,
  .F.,.F.,(2,2),(2.,16.),.PIECEWISE_BEZIER_KNOTS.);
#15573 = CARTESIAN_POINT('',(0.,1.));
#15574 = CARTESIAN_POINT('',(14.,1.));
#15575 = ( GEOMETRIC_REPRESENTATION_CONTEXT(2) 
PARAMETRIC_REPRESENTATION_CONTEXT() REPRESENTATION_CONTEXT('2D SPACE',''
  ) );
#15576 = ORIENTED_EDGE('',*,*,#15577,.T.);
#15577 = EDGE_CURVE('',#15550,#15578,#15580,.T.);
#15578 = VERTEX_POINT('',#15579);
#15579 = CARTESIAN_POINT('',(-7.,1.,-12.));
#15580 = SURFACE_CURVE('',#15581,(#15585,#15591),.PCURVE_S1.);
#15581 = LINE('',#15582,#15583);
#15582 = CARTESIAN_POINT('',(-7.,1.,-14.));
#15583 = VECTOR('',#15584,1.);
#15584 = DIRECTION('',(-0.,0.,-1.));
#15585 = PCURVE('',#15377,#15586);
#15586 = DEFINITIONAL_REPRESENTATION('',(#15587),#15590);
#15587 = B_SPLINE_CURVE_WITH_KNOTS('',1,(#15588,#15589),.UNSPECIFIED.,
  .F.,.F.,(2,2),(-8.,-2.),.PIECEWISE_BEZIER_KNOTS.);
#15588 = CARTESIAN_POINT('',(10.,4.));
#15589 = CARTESIAN_POINT('',(4.,4.));
#15590 = ( GEOMETRIC_REPRESENTATION_CONTEXT(2) 
PARAMETRIC_REPRESENTATION_CONTEXT() REPRESENTATION_CONTEXT('2D SPACE',''
  ) );
#15591 = PCURVE('',#15592,#15597);
#15592 = PLANE('',#15593);
#15593 = AXIS2_PLACEMENT_3D('',#15594,#15595,#15596);
#15594 = CARTESIAN_POINT('',(-7.,0.,-12.));
#15595 = DIRECTION('',(1.,0.,-0.));
#15596 = DIRECTION('',(0.,0.,1.));
#15597 = DEFINITIONAL_REPRESENTATION('',(#15598),#15601);
#15598 = B_SPLINE_CURVE_WITH_KNOTS('',1,(#15599,#15600),.UNSPECIFIED.,
  .F.,.F.,(2,2),(-8.,-2.),.PIECEWISE_BEZIER_KNOTS.);
#15599 = CARTESIAN_POINT('',(6.,-1.));
#15600 = CARTESIAN_POINT('',(0.,-1.));
#15601 = ( GEOMETRIC_REPRESENTATION_CONTEXT(2) 
PARAMETRIC_REPRESENTATION_CONTEXT() REPRESENTATION_CONTEXT('2D SPACE',''
  ) );
#15602 = ORIENTED_EDGE('',*,*,#15603,.T.);
#15603 = EDGE_CURVE('',#15578,#15604,#15606,.T.);
#15604 = VERTEX_POINT('',#15605);
#15605 = CARTESIAN_POINT('',(7.,1.,-12.));
#15606 = SURFACE_CURVE('',#15607,(#15611,#15617),.PCURVE_S1.);
#15607 = LINE('',#15608,#15609);
#15608 = CARTESIAN_POINT('',(-9.,1.,-12.));
#15609 = VECTOR('',#15610,1.);
#15610 = DIRECTION('',(1.,0.,-0.));
#15611 = PCURVE('',#15377,#15612);
#15612 = DEFINITIONAL_REPRESENTATION('',(#15613),#15616);
#15613 = B_SPLINE_CURVE_WITH_KNOTS('',1,(#15614,#15615),.UNSPECIFIED.,
  .F.,.F.,(2,2),(2.,16.),.PIECEWISE_BEZIER_KNOTS.);
#15614 = CARTESIAN_POINT('',(4.,4.));
#15615 = CARTESIAN_POINT('',(4.,18.));
#15616 = ( GEOMETRIC_REPRESENTATION_CONTEXT(2) 
PARAMETRIC_REPRESENTATION_CONTEXT() REPRESENTATION_CONTEXT('2D SPACE',''
  ) );
#15617 = PCURVE('',#15618,#15623);
#15618 = PLANE('',#15619);
#15619 = AXIS2_PLACEMENT_3D('',#15620,#15621,#15622);
#15620 = CARTESIAN_POINT('',(-7.,0.,-12.));
#15621 = DIRECTION('',(0.,0.,1.));
#15622 = DIRECTION('',(1.,0.,-0.));
#15623 = DEFINITIONAL_REPRESENTATION('',(#15624),#15627);
#15624 = B_SPLINE_CURVE_WITH_KNOTS('',1,(#15625,#15626),.UNSPECIFIED.,
  .F.,.F.,(2,2),(2.,16.),.PIECEWISE_BEZIER_KNOTS.);
#15625 = CARTESIAN_POINT('',(0.,1.));
#15626 = CARTESIAN_POINT('',(14.,1.));
#15627 = ( GEOMETRIC_REPRESENTATION_CONTEXT(2) 
PARAMETRIC_REPRESENTATION_CONTEXT() REPRESENTATION_CONTEXT('2D SPACE',''
  ) );
#15628 = ORIENTED_EDGE('',*,*,#15629,.F.);
#15629 = EDGE_CURVE('',#15552,#15604,#15630,.T.);
#15630 = SURFACE_CURVE('',#15631,(#15635,#15641),.PCURVE_S1.);
#15631 = LINE('',#15632,#15633);
#15632 = CARTESIAN_POINT('',(7.,1.,-14.));
#15633 = VECTOR('',#15634,1.);
#15634 = DIRECTION('',(-0.,0.,-1.));
#15635 = PCURVE('',#15377,#15636);
#15636 = DEFINITIONAL_REPRESENTATION('',(#15637),#15640);
#15637 = B_SPLINE_CURVE_WITH_KNOTS('',1,(#15638,#15639),.UNSPECIFIED.,
  .F.,.F.,(2,2),(-8.,-2.),.PIECEWISE_BEZIER_KNOTS.);
#15638 = CARTESIAN_POINT('',(10.,18.));
#15639 = CARTESIAN_POINT('',(4.,18.));
#15640 = ( GEOMETRIC_REPRESENTATION_CONTEXT(2) 
PARAMETRIC_REPRESENTATION_CONTEXT() REPRESENTATION_CONTEXT('2D SPACE',''
  ) );
#15641 = PCURVE('',#15642,#15647);
#15642 = PLANE('',#15643);
#15643 = AXIS2_PLACEMENT_3D('',#15644,#15645,#15646);
#15644 = CARTESIAN_POINT('',(7.,0.,-12.));
#15645 = DIRECTION('',(1.,0.,-0.));
#15646 = DIRECTION('',(0.,0.,1.));
#15647 = DEFINITIONAL_REPRESENTATION('',(#15648),#15651);
#15648 = B_SPLINE_CURVE_WITH_KNOTS('',1,(#15649,#15650),.UNSPECIFIED.,
  .F.,.F.,(2,2),(-8.,-2.),.PIECEWISE_BEZIER_KNOTS.);
#15649 = CARTESIAN_POINT('',(6.,-1.));
#15650 = CARTESIAN_POINT('',(0.,-1.));
#15651 = ( GEOMETRIC_REPRESENTATION_CONTEXT(2) 
PARAMETRIC_REPRESENTATION_CONTEXT() REPRESENTATION_CONTEXT('2D SPACE',''
  ) );
#15652 = FACE_BOUND('',#15653,.F.);
#15653 = EDGE_LOOP('',(#15654));
#15654 = ORIENTED_EDGE('',*,*,#15655,.T.);
#15655 = EDGE_CURVE('',#15656,#15656,#15658,.T.);
#15656 = VERTEX_POINT('',#15657);
#15657 = CARTESIAN_POINT('',(-4.9,1.,21.));
#15658 = SURFACE_CURVE('',#15659,(#15664,#15675),.PCURVE_S1.);
#15659 = CIRCLE('',#15660,1.1);
#15660 = AXIS2_PLACEMENT_3D('',#15661,#15662,#15663);
#15661 = CARTESIAN_POINT('',(-6.,1.,21.));
#15662 = DIRECTION('',(0.,-1.,2.22044604925E-16));
#15663 = DIRECTION('',(1.,0.,0.));
#15664 = PCURVE('',#15377,#15665);
#15665 = DEFINITIONAL_REPRESENTATION('',(#15666),#15674);
#15666 = ( BOUNDED_CURVE() B_SPLINE_CURVE(2,(#15667,#15668,#15669,#15670
    ,#15671,#15672,#15673),.UNSPECIFIED.,.T.,.F.) 
B_SPLINE_CURVE_WITH_KNOTS((1,2,2,2,2,1),(-2.094395102393,0.,
    2.094395102393,4.188790204786,6.28318530718,8.377580409573),
.UNSPECIFIED.) CURVE() GEOMETRIC_REPRESENTATION_ITEM() 
RATIONAL_B_SPLINE_CURVE((1.,0.5,1.,0.5,1.,0.5,1.)) REPRESENTATION_ITEM(
  '') );
#15667 = CARTESIAN_POINT('',(37.,6.1));
#15668 = CARTESIAN_POINT('',(38.905255888326,6.1));
#15669 = CARTESIAN_POINT('',(37.952627944163,4.45));
#15670 = CARTESIAN_POINT('',(37.,2.8));
#15671 = CARTESIAN_POINT('',(36.047372055837,4.45));
#15672 = CARTESIAN_POINT('',(35.094744111674,6.1));
#15673 = CARTESIAN_POINT('',(37.,6.1));
#15674 = ( GEOMETRIC_REPRESENTATION_CONTEXT(2) 
PARAMETRIC_REPRESENTATION_CONTEXT() REPRESENTATION_CONTEXT('2D SPACE',''
  ) );
#15675 = PCURVE('',#15676,#15681);
#15676 = CYLINDRICAL_SURFACE('',#15677,1.1);
#15677 = AXIS2_PLACEMENT_3D('',#15678,#15679,#15680);
#15678 = CARTESIAN_POINT('',(-6.,5.,21.));
#15679 = DIRECTION('',(0.,-1.,2.22044604925E-16));
#15680 = DIRECTION('',(1.,0.,0.));
#15681 = DEFINITIONAL_REPRESENTATION('',(#15682),#15686);
#15682 = LINE('',#15683,#15684);
#15683 = CARTESIAN_POINT('',(0.,4.));
#15684 = VECTOR('',#15685,1.);
#15685 = DIRECTION('',(1.,0.));
#15686 = ( GEOMETRIC_REPRESENTATION_CONTEXT(2) 
PARAMETRIC_REPRESENTATION_CONTEXT() REPRESENTATION_CONTEXT('2D SPACE',''
  ) );
#15687 = FACE_BOUND('',#15688,.F.);
#15688 = EDGE_LOOP('',(#15689));
#15689 = ORIENTED_EDGE('',*,*,#15690,.T.);
#15690 = EDGE_CURVE('',#15691,#15691,#15693,.T.);
#15691 = VERTEX_POINT('',#15692);
#15692 = CARTESIAN_POINT('',(7.1,1.,21.));
#15693 = SURFACE_CURVE('',#15694,(#15699,#15710),.PCURVE_S1.);
#15694 = CIRCLE('',#15695,1.1);
#15695 = AXIS2_PLACEMENT_3D('',#15696,#15697,#15698);
#15696 = CARTESIAN_POINT('',(6.,1.,21.));
#15697 = DIRECTION('',(0.,-1.,2.22044604925E-16));
#15698 = DIRECTION('',(1.,0.,0.));
#15699 = PCURVE('',#15377,#15700);
#15700 = DEFINITIONAL_REPRESENTATION('',(#15701),#15709);
#15701 = ( BOUNDED_CURVE() B_SPLINE_CURVE(2,(#15702,#15703,#15704,#15705
    ,#15706,#15707,#15708),.UNSPECIFIED.,.T.,.F.) 
B_SPLINE_CURVE_WITH_KNOTS((1,2,2,2,2,1),(-2.094395102393,0.,
    2.094395102393,4.188790204786,6.28318530718,8.377580409573),
.UNSPECIFIED.) CURVE() GEOMETRIC_REPRESENTATION_ITEM() 
RATIONAL_B_SPLINE_CURVE((1.,0.5,1.,0.5,1.,0.5,1.)) REPRESENTATION_ITEM(
  '') );
#15702 = CARTESIAN_POINT('',(37.,18.1));
#15703 = CARTESIAN_POINT('',(38.905255888326,18.1));
#15704 = CARTESIAN_POINT('',(37.952627944163,16.45));
#15705 = CARTESIAN_POINT('',(37.,14.8));
#15706 = CARTESIAN_POINT('',(36.047372055837,16.45));
#15707 = CARTESIAN_POINT('',(35.094744111674,18.1));
#15708 = CARTESIAN_POINT('',(37.,18.1));
#15709 = ( GEOMETRIC_REPRESENTATION_CONTEXT(2) 
PARAMETRIC_REPRESENTATION_CONTEXT() REPRESENTATION_CONTEXT('2D SPACE',''
  ) );
#15710 = PCURVE('',#15711,#15716);
#15711 = CYLINDRICAL_SURFACE('',#15712,1.1);
#15712 = AXIS2_PLACEMENT_3D('',#15713,#15714,#15715);
#15713 = CARTESIAN_POINT('',(6.,5.,21.));
#15714 = DIRECTION('',(0.,-1.,2.22044604925E-16));
#15715 = DIRECTION('',(1.,0.,0.));
#15716 = DEFINITIONAL_REPRESENTATION('',(#15717),#15721);
#15717 = LINE('',#15718,#15719);
#15718 = CARTESIAN_POINT('',(0.,4.));
#15719 = VECTOR('',#15720,1.);
#15720 = DIRECTION('',(1.,0.));
#15721 = ( GEOMETRIC_REPRESENTATION_CONTEXT(2) 
PARAMETRIC_REPRESENTATION_CONTEXT() REPRESENTATION_CONTEXT('2D SPACE',''
  ) );
#15722 = ADVANCED_FACE('',(#15723),#15459,.T.);
#15723 = FACE_BOUND('',#15724,.T.);
#15724 = EDGE_LOOP('',(#15725,#15726,#15727,#15750));
#15725 = ORIENTED_EDGE('',*,*,#15445,.F.);
#15726 = ORIENTED_EDGE('',*,*,#15498,.T.);
#15727 = ORIENTED_EDGE('',*,*,#15728,.T.);
#15728 = EDGE_CURVE('',#15499,#15729,#15731,.T.);
#15729 = VERTEX_POINT('',#15730);
#15730 = CARTESIAN_POINT('',(11.,4.,24.));
#15731 = SURFACE_CURVE('',#15732,(#15736,#15743),.PCURVE_S1.);
#15732 = LINE('',#15733,#15734);
#15733 = CARTESIAN_POINT('',(11.,1.,24.));
#15734 = VECTOR('',#15735,1.);
#15735 = DIRECTION('',(-0.,1.,0.));
#15736 = PCURVE('',#15459,#15737);
#15737 = DEFINITIONAL_REPRESENTATION('',(#15738),#15742);
#15738 = LINE('',#15739,#15740);
#15739 = CARTESIAN_POINT('',(22.,0.));
#15740 = VECTOR('',#15741,1.);
#15741 = DIRECTION('',(0.,1.));
#15742 = ( GEOMETRIC_REPRESENTATION_CONTEXT(2) 
PARAMETRIC_REPRESENTATION_CONTEXT() REPRESENTATION_CONTEXT('2D SPACE',''
  ) );
#15743 = PCURVE('',#15535,#15744);
#15744 = DEFINITIONAL_REPRESENTATION('',(#15745),#15749);
#15745 = LINE('',#15746,#15747);
#15746 = CARTESIAN_POINT('',(40.,0.));
#15747 = VECTOR('',#15748,1.);
#15748 = DIRECTION('',(0.,-1.));
#15749 = ( GEOMETRIC_REPRESENTATION_CONTEXT(2) 
PARAMETRIC_REPRESENTATION_CONTEXT() REPRESENTATION_CONTEXT('2D SPACE',''
  ) );
#15750 = ORIENTED_EDGE('',*,*,#15751,.F.);
#15751 = EDGE_CURVE('',#15418,#15729,#15752,.T.);
#15752 = SURFACE_CURVE('',#15753,(#15757,#15764),.PCURVE_S1.);
#15753 = LINE('',#15754,#15755);
#15754 = CARTESIAN_POINT('',(-11.,4.,24.));
#15755 = VECTOR('',#15756,1.);
#15756 = DIRECTION('',(1.,0.,-0.));
#15757 = PCURVE('',#15459,#15758);
#15758 = DEFINITIONAL_REPRESENTATION('',(#15759),#15763);
#15759 = LINE('',#15760,#15761);
#15760 = CARTESIAN_POINT('',(0.,3.));
#15761 = VECTOR('',#15762,1.);
#15762 = DIRECTION('',(1.,0.));
#15763 = ( GEOMETRIC_REPRESENTATION_CONTEXT(2) 
PARAMETRIC_REPRESENTATION_CONTEXT() REPRESENTATION_CONTEXT('2D SPACE',''
  ) );
#15764 = PCURVE('',#15433,#15765);
#15765 = DEFINITIONAL_REPRESENTATION('',(#15766),#15770);
#15766 = LINE('',#15767,#15768);
#15767 = CARTESIAN_POINT('',(40.,0.));
#15768 = VECTOR('',#15769,1.);
#15769 = DIRECTION('',(0.,1.));
#15770 = ( GEOMETRIC_REPRESENTATION_CONTEXT(2) 
PARAMETRIC_REPRESENTATION_CONTEXT() REPRESENTATION_CONTEXT('2D SPACE',''
  ) );
#15771 = ADVANCED_FACE('',(#15772,#15820,#15855,#15941),#15433,.T.);
#15772 = FACE_BOUND('',#15773,.T.);
#15773 = EDGE_LOOP('',(#15774,#15797,#15798,#15799));
#15774 = ORIENTED_EDGE('',*,*,#15775,.F.);
#15775 = EDGE_CURVE('',#15390,#15776,#15778,.T.);
#15776 = VERTEX_POINT('',#15777);
#15777 = CARTESIAN_POINT('',(11.,4.,-16.));
#15778 = SURFACE_CURVE('',#15779,(#15783,#15790),.PCURVE_S1.);
#15779 = LINE('',#15780,#15781);
#15780 = CARTESIAN_POINT('',(-11.,4.,-16.));
#15781 = VECTOR('',#15782,1.);
#15782 = DIRECTION('',(1.,0.,-0.));
#15783 = PCURVE('',#15433,#15784);
#15784 = DEFINITIONAL_REPRESENTATION('',(#15785),#15789);
#15785 = LINE('',#15786,#15787);
#15786 = CARTESIAN_POINT('',(0.,0.));
#15787 = VECTOR('',#15788,1.);
#15788 = DIRECTION('',(0.,1.));
#15789 = ( GEOMETRIC_REPRESENTATION_CONTEXT(2) 
PARAMETRIC_REPRESENTATION_CONTEXT() REPRESENTATION_CONTEXT('2D SPACE',''
  ) );
#15790 = PCURVE('',#15405,#15791);
#15791 = DEFINITIONAL_REPRESENTATION('',(#15792),#15796);
#15792 = LINE('',#15793,#15794);
#15793 = CARTESIAN_POINT('',(0.,3.));
#15794 = VECTOR('',#15795,1.);
#15795 = DIRECTION('',(1.,0.));
#15796 = ( GEOMETRIC_REPRESENTATION_CONTEXT(2) 
PARAMETRIC_REPRESENTATION_CONTEXT() REPRESENTATION_CONTEXT('2D SPACE',''
  ) );
#15797 = ORIENTED_EDGE('',*,*,#15417,.T.);
#15798 = ORIENTED_EDGE('',*,*,#15751,.T.);
#15799 = ORIENTED_EDGE('',*,*,#15800,.F.);
#15800 = EDGE_CURVE('',#15776,#15729,#15801,.T.);
#15801 = SURFACE_CURVE('',#15802,(#15806,#15813),.PCURVE_S1.);
#15802 = LINE('',#15803,#15804);
#15803 = CARTESIAN_POINT('',(11.,4.,-16.));
#15804 = VECTOR('',#15805,1.);
#15805 = DIRECTION('',(0.,0.,1.));
#15806 = PCURVE('',#15433,#15807);
#15807 = DEFINITIONAL_REPRESENTATION('',(#15808),#15812);
#15808 = LINE('',#15809,#15810);
#15809 = CARTESIAN_POINT('',(0.,22.));
#15810 = VECTOR('',#15811,1.);
#15811 = DIRECTION('',(1.,0.));
#15812 = ( GEOMETRIC_REPRESENTATION_CONTEXT(2) 
PARAMETRIC_REPRESENTATION_CONTEXT() REPRESENTATION_CONTEXT('2D SPACE',''
  ) );
#15813 = PCURVE('',#15535,#15814);
#15814 = DEFINITIONAL_REPRESENTATION('',(#15815),#15819);
#15815 = LINE('',#15816,#15817);
#15816 = CARTESIAN_POINT('',(0.,-3.));
#15817 = VECTOR('',#15818,1.);
#15818 = DIRECTION('',(1.,0.));
#15819 = ( GEOMETRIC_REPRESENTATION_CONTEXT(2) 
PARAMETRIC_REPRESENTATION_CONTEXT() REPRESENTATION_CONTEXT('2D SPACE',''
  ) );
#15820 = FACE_BOUND('',#15821,.T.);
#15821 = EDGE_LOOP('',(#15822));
#15822 = ORIENTED_EDGE('',*,*,#15823,.T.);
#15823 = EDGE_CURVE('',#15824,#15824,#15826,.T.);
#15824 = VERTEX_POINT('',#15825);
#15825 = CARTESIAN_POINT('',(-3.8,4.,21.));
#15826 = SURFACE_CURVE('',#15827,(#15832,#15843),.PCURVE_S1.);
#15827 = CIRCLE('',#15828,2.2);
#15828 = AXIS2_PLACEMENT_3D('',#15829,#15830,#15831);
#15829 = CARTESIAN_POINT('',(-6.,4.,21.));
#15830 = DIRECTION('',(0.,-1.,2.22044604925E-16));
#15831 = DIRECTION('',(1.,0.,0.));
#15832 = PCURVE('',#15433,#15833);
#15833 = DEFINITIONAL_REPRESENTATION('',(#15834),#15842);
#15834 = ( BOUNDED_CURVE() B_SPLINE_CURVE(2,(#15835,#15836,#15837,#15838
    ,#15839,#15840,#15841),.UNSPECIFIED.,.T.,.F.) 
B_SPLINE_CURVE_WITH_KNOTS((1,2,2,2,2,1),(-2.094395102393,0.,
    2.094395102393,4.188790204786,6.28318530718,8.377580409573),
.UNSPECIFIED.) CURVE() GEOMETRIC_REPRESENTATION_ITEM() 
RATIONAL_B_SPLINE_CURVE((1.,0.5,1.,0.5,1.,0.5,1.)) REPRESENTATION_ITEM(
  '') );
#15835 = CARTESIAN_POINT('',(37.,7.2));
#15836 = CARTESIAN_POINT('',(40.810511776652,7.2));
#15837 = CARTESIAN_POINT('',(38.905255888326,3.9));
#15838 = CARTESIAN_POINT('',(37.,0.6));
#15839 = CARTESIAN_POINT('',(35.094744111674,3.9));
#15840 = CARTESIAN_POINT('',(33.189488223348,7.2));
#15841 = CARTESIAN_POINT('',(37.,7.2));
#15842 = ( GEOMETRIC_REPRESENTATION_CONTEXT(2) 
PARAMETRIC_REPRESENTATION_CONTEXT() REPRESENTATION_CONTEXT('2D SPACE',''
  ) );
#15843 = PCURVE('',#15844,#15849);
#15844 = CYLINDRICAL_SURFACE('',#15845,2.2);
#15845 = AXIS2_PLACEMENT_3D('',#15846,#15847,#15848);
#15846 = CARTESIAN_POINT('',(-6.,5.,21.));
#15847 = DIRECTION('',(0.,-1.,2.22044604925E-16));
#15848 = DIRECTION('',(1.,0.,0.));
#15849 = DEFINITIONAL_REPRESENTATION('',(#15850),#15854);
#15850 = LINE('',#15851,#15852);
#15851 = CARTESIAN_POINT('',(0.,1.));
#15852 = VECTOR('',#15853,1.);
#15853 = DIRECTION('',(1.,0.));
#15854 = ( GEOMETRIC_REPRESENTATION_CONTEXT(2) 
PARAMETRIC_REPRESENTATION_CONTEXT() REPRESENTATION_CONTEXT('2D SPACE',''
  ) );
#15855 = FACE_BOUND('',#15856,.T.);
#15856 = EDGE_LOOP('',(#15857,#15880,#15901,#15922));
#15857 = ORIENTED_EDGE('',*,*,#15858,.F.);
#15858 = EDGE_CURVE('',#15859,#15861,#15863,.T.);
#15859 = VERTEX_POINT('',#15860);
#15860 = CARTESIAN_POINT('',(-7.,4.,-6.));
#15861 = VERTEX_POINT('',#15862);
#15862 = CARTESIAN_POINT('',(7.,4.,-6.));
#15863 = SURFACE_CURVE('',#15864,(#15868,#15874),.PCURVE_S1.);
#15864 = LINE('',#15865,#15866);
#15865 = CARTESIAN_POINT('',(-9.,4.,-6.));
#15866 = VECTOR('',#15867,1.);
#15867 = DIRECTION('',(1.,0.,-0.));
#15868 = PCURVE('',#15433,#15869);
#15869 = DEFINITIONAL_REPRESENTATION('',(#15870),#15873);
#15870 = B_SPLINE_CURVE_WITH_KNOTS('',1,(#15871,#15872),.UNSPECIFIED.,
  .F.,.F.,(2,2),(2.,16.),.PIECEWISE_BEZIER_KNOTS.);
#15871 = CARTESIAN_POINT('',(10.,4.));
#15872 = CARTESIAN_POINT('',(10.,18.));
#15873 = ( GEOMETRIC_REPRESENTATION_CONTEXT(2) 
PARAMETRIC_REPRESENTATION_CONTEXT() REPRESENTATION_CONTEXT('2D SPACE',''
  ) );
#15874 = PCURVE('',#15566,#15875);
#15875 = DEFINITIONAL_REPRESENTATION('',(#15876),#15879);
#15876 = B_SPLINE_CURVE_WITH_KNOTS('',1,(#15877,#15878),.UNSPECIFIED.,
  .F.,.F.,(2,2),(2.,16.),.PIECEWISE_BEZIER_KNOTS.);
#15877 = CARTESIAN_POINT('',(0.,4.));
#15878 = CARTESIAN_POINT('',(14.,4.));
#15879 = ( GEOMETRIC_REPRESENTATION_CONTEXT(2) 
PARAMETRIC_REPRESENTATION_CONTEXT() REPRESENTATION_CONTEXT('2D SPACE',''
  ) );
#15880 = ORIENTED_EDGE('',*,*,#15881,.T.);
#15881 = EDGE_CURVE('',#15859,#15882,#15884,.T.);
#15882 = VERTEX_POINT('',#15883);
#15883 = CARTESIAN_POINT('',(-7.,4.,-12.));
#15884 = SURFACE_CURVE('',#15885,(#15889,#15895),.PCURVE_S1.);
#15885 = LINE('',#15886,#15887);
#15886 = CARTESIAN_POINT('',(-7.,4.,-14.));
#15887 = VECTOR('',#15888,1.);
#15888 = DIRECTION('',(-0.,0.,-1.));
#15889 = PCURVE('',#15433,#15890);
#15890 = DEFINITIONAL_REPRESENTATION('',(#15891),#15894);
#15891 = B_SPLINE_CURVE_WITH_KNOTS('',1,(#15892,#15893),.UNSPECIFIED.,
  .F.,.F.,(2,2),(-8.,-2.),.PIECEWISE_BEZIER_KNOTS.);
#15892 = CARTESIAN_POINT('',(10.,4.));
#15893 = CARTESIAN_POINT('',(4.,4.));
#15894 = ( GEOMETRIC_REPRESENTATION_CONTEXT(2) 
PARAMETRIC_REPRESENTATION_CONTEXT() REPRESENTATION_CONTEXT('2D SPACE',''
  ) );
#15895 = PCURVE('',#15592,#15896);
#15896 = DEFINITIONAL_REPRESENTATION('',(#15897),#15900);
#15897 = B_SPLINE_CURVE_WITH_KNOTS('',1,(#15898,#15899),.UNSPECIFIED.,
  .F.,.F.,(2,2),(-8.,-2.),.PIECEWISE_BEZIER_KNOTS.);
#15898 = CARTESIAN_POINT('',(6.,-4.));
#15899 = CARTESIAN_POINT('',(0.,-4.));
#15900 = ( GEOMETRIC_REPRESENTATION_CONTEXT(2) 
PARAMETRIC_REPRESENTATION_CONTEXT() REPRESENTATION_CONTEXT('2D SPACE',''
  ) );
#15901 = ORIENTED_EDGE('',*,*,#15902,.T.);
#15902 = EDGE_CURVE('',#15882,#15903,#15905,.T.);
#15903 = VERTEX_POINT('',#15904);
#15904 = CARTESIAN_POINT('',(7.,4.,-12.));
#15905 = SURFACE_CURVE('',#15906,(#15910,#15916),.PCURVE_S1.);
#15906 = LINE('',#15907,#15908);
#15907 = CARTESIAN_POINT('',(-9.,4.,-12.));
#15908 = VECTOR('',#15909,1.);
#15909 = DIRECTION('',(1.,0.,-0.));
#15910 = PCURVE('',#15433,#15911);
#15911 = DEFINITIONAL_REPRESENTATION('',(#15912),#15915);
#15912 = B_SPLINE_CURVE_WITH_KNOTS('',1,(#15913,#15914),.UNSPECIFIED.,
  .F.,.F.,(2,2),(2.,16.),.PIECEWISE_BEZIER_KNOTS.);
#15913 = CARTESIAN_POINT('',(4.,4.));
#15914 = CARTESIAN_POINT('',(4.,18.));
#15915 = ( GEOMETRIC_REPRESENTATION_CONTEXT(2) 
PARAMETRIC_REPRESENTATION_CONTEXT() REPRESENTATION_CONTEXT('2D SPACE',''
  ) );
#15916 = PCURVE('',#15618,#15917);
#15917 = DEFINITIONAL_REPRESENTATION('',(#15918),#15921);
#15918 = B_SPLINE_CURVE_WITH_KNOTS('',1,(#15919,#15920),.UNSPECIFIED.,
  .F.,.F.,(2,2),(2.,16.),.PIECEWISE_BEZIER_KNOTS.);
#15919 = CARTESIAN_POINT('',(0.,4.));
#15920 = CARTESIAN_POINT('',(14.,4.));
#15921 = ( GEOMETRIC_REPRESENTATION_CONTEXT(2) 
PARAMETRIC_REPRESENTATION_CONTEXT() REPRESENTATION_CONTEXT('2D SPACE',''
  ) );
#15922 = ORIENTED_EDGE('',*,*,#15923,.F.);
#15923 = EDGE_CURVE('',#15861,#15903,#15924,.T.);
#15924 = SURFACE_CURVE('',#15925,(#15929,#15935),.PCURVE_S1.);
#15925 = LINE('',#15926,#15927);
#15926 = CARTESIAN_POINT('',(7.,4.,-14.));
#15927 = VECTOR('',#15928,1.);
#15928 = DIRECTION('',(-0.,0.,-1.));
#15929 = PCURVE('',#15433,#15930);
#15930 = DEFINITIONAL_REPRESENTATION('',(#15931),#15934);
#15931 = B_SPLINE_CURVE_WITH_KNOTS('',1,(#15932,#15933),.UNSPECIFIED.,
  .F.,.F.,(2,2),(-8.,-2.),.PIECEWISE_BEZIER_KNOTS.);
#15932 = CARTESIAN_POINT('',(10.,18.));
#15933 = CARTESIAN_POINT('',(4.,18.));
#15934 = ( GEOMETRIC_REPRESENTATION_CONTEXT(2) 
PARAMETRIC_REPRESENTATION_CONTEXT() REPRESENTATION_CONTEXT('2D SPACE',''
  ) );
#15935 = PCURVE('',#15642,#15936);
#15936 = DEFINITIONAL_REPRESENTATION('',(#15937),#15940);
#15937 = B_SPLINE_CURVE_WITH_KNOTS('',1,(#15938,#15939),.UNSPECIFIED.,
  .F.,.F.,(2,2),(-8.,-2.),.PIECEWISE_BEZIER_KNOTS.);
#15938 = CARTESIAN_POINT('',(6.,-4.));
#15939 = CARTESIAN_POINT('',(0.,-4.));
#15940 = ( GEOMETRIC_REPRESENTATION_CONTEXT(2) 
PARAMETRIC_REPRESENTATION_CONTEXT() REPRESENTATION_CONTEXT('2D SPACE',''
  ) );
#15941 = FACE_BOUND('',#15942,.T.);
#15942 = EDGE_LOOP('',(#15943));
#15943 = ORIENTED_EDGE('',*,*,#15944,.T.);
#15944 = EDGE_CURVE('',#15945,#15945,#15947,.T.);
#15945 = VERTEX_POINT('',#15946);
#15946 = CARTESIAN_POINT('',(8.2,4.,21.));
#15947 = SURFACE_CURVE('',#15948,(#15953,#15964),.PCURVE_S1.);
#15948 = CIRCLE('',#15949,2.2);
#15949 = AXIS2_PLACEMENT_3D('',#15950,#15951,#15952);
#15950 = CARTESIAN_POINT('',(6.,4.,21.));
#15951 = DIRECTION('',(0.,-1.,2.22044604925E-16));
#15952 = DIRECTION('',(1.,0.,0.));
#15953 = PCURVE('',#15433,#15954);
#15954 = DEFINITIONAL_REPRESENTATION('',(#15955),#15963);
#15955 = ( BOUNDED_CURVE() B_SPLINE_CURVE(2,(#15956,#15957,#15958,#15959
    ,#15960,#15961,#15962),.UNSPECIFIED.,.T.,.F.) 
B_SPLINE_CURVE_WITH_KNOTS((1,2,2,2,2,1),(-2.094395102393,0.,
    2.094395102393,4.188790204786,6.28318530718,8.377580409573),
.UNSPECIFIED.) CURVE() GEOMETRIC_REPRESENTATION_ITEM() 
RATIONAL_B_SPLINE_CURVE((1.,0.5,1.,0.5,1.,0.5,1.)) REPRESENTATION_ITEM(
  '') );
#15956 = CARTESIAN_POINT('',(37.,19.2));
#15957 = CARTESIAN_POINT('',(40.810511776652,19.2));
#15958 = CARTESIAN_POINT('',(38.905255888326,15.9));
#15959 = CARTESIAN_POINT('',(37.,12.6));
#15960 = CARTESIAN_POINT('',(35.094744111674,15.9));
#15961 = CARTESIAN_POINT('',(33.189488223348,19.2));
#15962 = CARTESIAN_POINT('',(37.,19.2));
#15963 = ( GEOMETRIC_REPRESENTATION_CONTEXT(2) 
PARAMETRIC_REPRESENTATION_CONTEXT() REPRESENTATION_CONTEXT('2D SPACE',''
  ) );
#15964 = PCURVE('',#15965,#15970);
#15965 = CYLINDRICAL_SURFACE('',#15966,2.2);
#15966 = AXIS2_PLACEMENT_3D('',#15967,#15968,#15969);
#15967 = CARTESIAN_POINT('',(6.,5.,21.));
#15968 = DIRECTION('',(0.,-1.,2.22044604925E-16));
#15969 = DIRECTION('',(1.,0.,0.));
#15970 = DEFINITIONAL_REPRESENTATION('',(#15971),#15975);
#15971 = LINE('',#15972,#15973);
#15972 = CARTESIAN_POINT('',(0.,1.));
#15973 = VECTOR('',#15974,1.);
#15974 = DIRECTION('',(1.,0.));
#15975 = ( GEOMETRIC_REPRESENTATION_CONTEXT(2) 
PARAMETRIC_REPRESENTATION_CONTEXT() REPRESENTATION_CONTEXT('2D SPACE',''
  ) );
#15976 = ADVANCED_FACE('',(#15977),#15405,.F.);
#15977 = FACE_BOUND('',#15978,.F.);
#15978 = EDGE_LOOP('',(#15979,#15980,#15981,#16002));
#15979 = ORIENTED_EDGE('',*,*,#15389,.F.);
#15980 = ORIENTED_EDGE('',*,*,#15474,.T.);
#15981 = ORIENTED_EDGE('',*,*,#15982,.T.);
#15982 = EDGE_CURVE('',#15475,#15776,#15983,.T.);
#15983 = SURFACE_CURVE('',#15984,(#15988,#15995),.PCURVE_S1.);
#15984 = LINE('',#15985,#15986);
#15985 = CARTESIAN_POINT('',(11.,1.,-16.));
#15986 = VECTOR('',#15987,1.);
#15987 = DIRECTION('',(-0.,1.,0.));
#15988 = PCURVE('',#15405,#15989);
#15989 = DEFINITIONAL_REPRESENTATION('',(#15990),#15994);
#15990 = LINE('',#15991,#15992);
#15991 = CARTESIAN_POINT('',(22.,0.));
#15992 = VECTOR('',#15993,1.);
#15993 = DIRECTION('',(0.,1.));
#15994 = ( GEOMETRIC_REPRESENTATION_CONTEXT(2) 
PARAMETRIC_REPRESENTATION_CONTEXT() REPRESENTATION_CONTEXT('2D SPACE',''
  ) );
#15995 = PCURVE('',#15535,#15996);
#15996 = DEFINITIONAL_REPRESENTATION('',(#15997),#16001);
#15997 = LINE('',#15998,#15999);
#15998 = CARTESIAN_POINT('',(0.,0.));
#15999 = VECTOR('',#16000,1.);
#16000 = DIRECTION('',(0.,-1.));
#16001 = ( GEOMETRIC_REPRESENTATION_CONTEXT(2) 
PARAMETRIC_REPRESENTATION_CONTEXT() REPRESENTATION_CONTEXT('2D SPACE',''
  ) );
#16002 = ORIENTED_EDGE('',*,*,#15775,.F.);
#16003 = ADVANCED_FACE('',(#16004),#15535,.T.);
#16004 = FACE_BOUND('',#16005,.T.);
#16005 = EDGE_LOOP('',(#16006,#16007,#16008,#16009));
#16006 = ORIENTED_EDGE('',*,*,#15521,.F.);
#16007 = ORIENTED_EDGE('',*,*,#15982,.T.);
#16008 = ORIENTED_EDGE('',*,*,#15800,.T.);
#16009 = ORIENTED_EDGE('',*,*,#15728,.F.);
#16010 = ADVANCED_FACE('',(#16011),#15566,.F.);
#16011 = FACE_BOUND('',#16012,.F.);
#16012 = EDGE_LOOP('',(#16013,#16034,#16035,#16056));
#16013 = ORIENTED_EDGE('',*,*,#16014,.F.);
#16014 = EDGE_CURVE('',#15550,#15859,#16015,.T.);
#16015 = SURFACE_CURVE('',#16016,(#16020,#16027),.PCURVE_S1.);
#16016 = LINE('',#16017,#16018);
#16017 = CARTESIAN_POINT('',(-7.,0.,-6.));
#16018 = VECTOR('',#16019,1.);
#16019 = DIRECTION('',(-0.,1.,0.));
#16020 = PCURVE('',#15566,#16021);
#16021 = DEFINITIONAL_REPRESENTATION('',(#16022),#16026);
#16022 = LINE('',#16023,#16024);
#16023 = CARTESIAN_POINT('',(0.,0.));
#16024 = VECTOR('',#16025,1.);
#16025 = DIRECTION('',(0.,1.));
#16026 = ( GEOMETRIC_REPRESENTATION_CONTEXT(2) 
PARAMETRIC_REPRESENTATION_CONTEXT() REPRESENTATION_CONTEXT('2D SPACE',''
  ) );
#16027 = PCURVE('',#15592,#16028);
#16028 = DEFINITIONAL_REPRESENTATION('',(#16029),#16033);
#16029 = LINE('',#16030,#16031);
#16030 = CARTESIAN_POINT('',(6.,0.));
#16031 = VECTOR('',#16032,1.);
#16032 = DIRECTION('',(0.,-1.));
#16033 = ( GEOMETRIC_REPRESENTATION_CONTEXT(2) 
PARAMETRIC_REPRESENTATION_CONTEXT() REPRESENTATION_CONTEXT('2D SPACE',''
  ) );
#16034 = ORIENTED_EDGE('',*,*,#15549,.T.);
#16035 = ORIENTED_EDGE('',*,*,#16036,.T.);
#16036 = EDGE_CURVE('',#15552,#15861,#16037,.T.);
#16037 = SURFACE_CURVE('',#16038,(#16042,#16049),.PCURVE_S1.);
#16038 = LINE('',#16039,#16040);
#16039 = CARTESIAN_POINT('',(7.,0.,-6.));
#16040 = VECTOR('',#16041,1.);
#16041 = DIRECTION('',(-0.,1.,0.));
#16042 = PCURVE('',#15566,#16043);
#16043 = DEFINITIONAL_REPRESENTATION('',(#16044),#16048);
#16044 = LINE('',#16045,#16046);
#16045 = CARTESIAN_POINT('',(14.,0.));
#16046 = VECTOR('',#16047,1.);
#16047 = DIRECTION('',(0.,1.));
#16048 = ( GEOMETRIC_REPRESENTATION_CONTEXT(2) 
PARAMETRIC_REPRESENTATION_CONTEXT() REPRESENTATION_CONTEXT('2D SPACE',''
  ) );
#16049 = PCURVE('',#15642,#16050);
#16050 = DEFINITIONAL_REPRESENTATION('',(#16051),#16055);
#16051 = LINE('',#16052,#16053);
#16052 = CARTESIAN_POINT('',(6.,0.));
#16053 = VECTOR('',#16054,1.);
#16054 = DIRECTION('',(0.,-1.));
#16055 = ( GEOMETRIC_REPRESENTATION_CONTEXT(2) 
PARAMETRIC_REPRESENTATION_CONTEXT() REPRESENTATION_CONTEXT('2D SPACE',''
  ) );
#16056 = ORIENTED_EDGE('',*,*,#15858,.F.);
#16057 = ADVANCED_FACE('',(#16058),#15592,.T.);
#16058 = FACE_BOUND('',#16059,.T.);
#16059 = EDGE_LOOP('',(#16060,#16061,#16062,#16083));
#16060 = ORIENTED_EDGE('',*,*,#16014,.F.);
#16061 = ORIENTED_EDGE('',*,*,#15577,.T.);
#16062 = ORIENTED_EDGE('',*,*,#16063,.T.);
#16063 = EDGE_CURVE('',#15578,#15882,#16064,.T.);
#16064 = SURFACE_CURVE('',#16065,(#16069,#16076),.PCURVE_S1.);
#16065 = LINE('',#16066,#16067);
#16066 = CARTESIAN_POINT('',(-7.,0.,-12.));
#16067 = VECTOR('',#16068,1.);
#16068 = DIRECTION('',(-0.,1.,0.));
#16069 = PCURVE('',#15592,#16070);
#16070 = DEFINITIONAL_REPRESENTATION('',(#16071),#16075);
#16071 = LINE('',#16072,#16073);
#16072 = CARTESIAN_POINT('',(0.,0.));
#16073 = VECTOR('',#16074,1.);
#16074 = DIRECTION('',(0.,-1.));
#16075 = ( GEOMETRIC_REPRESENTATION_CONTEXT(2) 
PARAMETRIC_REPRESENTATION_CONTEXT() REPRESENTATION_CONTEXT('2D SPACE',''
  ) );
#16076 = PCURVE('',#15618,#16077);
#16077 = DEFINITIONAL_REPRESENTATION('',(#16078),#16082);
#16078 = LINE('',#16079,#16080);
#16079 = CARTESIAN_POINT('',(0.,0.));
#16080 = VECTOR('',#16081,1.);
#16081 = DIRECTION('',(0.,1.));
#16082 = ( GEOMETRIC_REPRESENTATION_CONTEXT(2) 
PARAMETRIC_REPRESENTATION_CONTEXT() REPRESENTATION_CONTEXT('2D SPACE',''
  ) );
#16083 = ORIENTED_EDGE('',*,*,#15881,.F.);
#16084 = ADVANCED_FACE('',(#16085),#15642,.F.);
#16085 = FACE_BOUND('',#16086,.F.);
#16086 = EDGE_LOOP('',(#16087,#16088,#16089,#16110));
#16087 = ORIENTED_EDGE('',*,*,#16036,.F.);
#16088 = ORIENTED_EDGE('',*,*,#15629,.T.);
#16089 = ORIENTED_EDGE('',*,*,#16090,.T.);
#16090 = EDGE_CURVE('',#15604,#15903,#16091,.T.);
#16091 = SURFACE_CURVE('',#16092,(#16096,#16103),.PCURVE_S1.);
#16092 = LINE('',#16093,#16094);
#16093 = CARTESIAN_POINT('',(7.,0.,-12.));
#16094 = VECTOR('',#16095,1.);
#16095 = DIRECTION('',(-0.,1.,0.));
#16096 = PCURVE('',#15642,#16097);
#16097 = DEFINITIONAL_REPRESENTATION('',(#16098),#16102);
#16098 = LINE('',#16099,#16100);
#16099 = CARTESIAN_POINT('',(0.,0.));
#16100 = VECTOR('',#16101,1.);
#16101 = DIRECTION('',(0.,-1.));
#16102 = ( GEOMETRIC_REPRESENTATION_CONTEXT(2) 
PARAMETRIC_REPRESENTATION_CONTEXT() REPRESENTATION_CONTEXT('2D SPACE',''
  ) );
#16103 = PCURVE('',#15618,#16104);
#16104 = DEFINITIONAL_REPRESENTATION('',(#16105),#16109);
#16105 = LINE('',#16106,#16107);
#16106 = CARTESIAN_POINT('',(14.,0.));
#16107 = VECTOR('',#16108,1.);
#16108 = DIRECTION('',(0.,1.));
#16109 = ( GEOMETRIC_REPRESENTATION_CONTEXT(2) 
PARAMETRIC_REPRESENTATION_CONTEXT() REPRESENTATION_CONTEXT('2D SPACE',''
  ) );
#16110 = ORIENTED_EDGE('',*,*,#15923,.F.);
#16111 = ADVANCED_FACE('',(#16112),#15618,.T.);
#16112 = FACE_BOUND('',#16113,.T.);
#16113 = EDGE_LOOP('',(#16114,#16115,#16116,#16117));
#16114 = ORIENTED_EDGE('',*,*,#16063,.F.);
#16115 = ORIENTED_EDGE('',*,*,#15603,.T.);
#16116 = ORIENTED_EDGE('',*,*,#16090,.T.);
#16117 = ORIENTED_EDGE('',*,*,#15902,.F.);
#16118 = ADVANCED_FACE('',(#16119),#15676,.F.);
#16119 = FACE_BOUND('',#16120,.F.);
#16120 = EDGE_LOOP('',(#16121,#16144,#16145,#16146));
#16121 = ORIENTED_EDGE('',*,*,#16122,.T.);
#16122 = EDGE_CURVE('',#16123,#15656,#16125,.T.);
#16123 = VERTEX_POINT('',#16124);
#16124 = CARTESIAN_POINT('',(-4.9,2.,21.));
#16125 = SEAM_CURVE('',#16126,(#16130,#16137),.PCURVE_S1.);
#16126 = LINE('',#16127,#16128);
#16127 = CARTESIAN_POINT('',(-4.9,5.,21.));
#16128 = VECTOR('',#16129,1.);
#16129 = DIRECTION('',(0.,-1.,2.22044604925E-16));
#16130 = PCURVE('',#15676,#16131);
#16131 = DEFINITIONAL_REPRESENTATION('',(#16132),#16136);
#16132 = LINE('',#16133,#16134);
#16133 = CARTESIAN_POINT('',(6.28318530718,-0.));
#16134 = VECTOR('',#16135,1.);
#16135 = DIRECTION('',(0.,1.));
#16136 = ( GEOMETRIC_REPRESENTATION_CONTEXT(2) 
PARAMETRIC_REPRESENTATION_CONTEXT() REPRESENTATION_CONTEXT('2D SPACE',''
  ) );
#16137 = PCURVE('',#15676,#16138);
#16138 = DEFINITIONAL_REPRESENTATION('',(#16139),#16143);
#16139 = LINE('',#16140,#16141);
#16140 = CARTESIAN_POINT('',(0.,-0.));
#16141 = VECTOR('',#16142,1.);
#16142 = DIRECTION('',(0.,1.));
#16143 = ( GEOMETRIC_REPRESENTATION_CONTEXT(2) 
PARAMETRIC_REPRESENTATION_CONTEXT() REPRESENTATION_CONTEXT('2D SPACE',''
  ) );
#16144 = ORIENTED_EDGE('',*,*,#15655,.F.);
#16145 = ORIENTED_EDGE('',*,*,#16122,.F.);
#16146 = ORIENTED_EDGE('',*,*,#16147,.T.);
#16147 = EDGE_CURVE('',#16123,#16123,#16148,.T.);
#16148 = SURFACE_CURVE('',#16149,(#16154,#16161),.PCURVE_S1.);
#16149 = CIRCLE('',#16150,1.1);
#16150 = AXIS2_PLACEMENT_3D('',#16151,#16152,#16153);
#16151 = CARTESIAN_POINT('',(-6.,2.,21.));
#16152 = DIRECTION('',(0.,-1.,2.22044604925E-16));
#16153 = DIRECTION('',(1.,0.,0.));
#16154 = PCURVE('',#15676,#16155);
#16155 = DEFINITIONAL_REPRESENTATION('',(#16156),#16160);
#16156 = LINE('',#16157,#16158);
#16157 = CARTESIAN_POINT('',(0.,3.));
#16158 = VECTOR('',#16159,1.);
#16159 = DIRECTION('',(1.,0.));
#16160 = ( GEOMETRIC_REPRESENTATION_CONTEXT(2) 
PARAMETRIC_REPRESENTATION_CONTEXT() REPRESENTATION_CONTEXT('2D SPACE',''
  ) );
#16161 = PCURVE('',#16162,#16167);
#16162 = PLANE('',#16163);
#16163 = AXIS2_PLACEMENT_3D('',#16164,#16165,#16166);
#16164 = CARTESIAN_POINT('',(-6.,2.,21.));
#16165 = DIRECTION('',(0.,-1.,2.22044604925E-16));
#16166 = DIRECTION('',(1.,0.,0.));
#16167 = DEFINITIONAL_REPRESENTATION('',(#16168),#16172);
#16168 = CIRCLE('',#16169,1.1);
#16169 = AXIS2_PLACEMENT_2D('',#16170,#16171);
#16170 = CARTESIAN_POINT('',(0.,0.));
#16171 = DIRECTION('',(1.,0.));
#16172 = ( GEOMETRIC_REPRESENTATION_CONTEXT(2) 
PARAMETRIC_REPRESENTATION_CONTEXT() REPRESENTATION_CONTEXT('2D SPACE',''
  ) );
#16173 = ADVANCED_FACE('',(#16174),#15711,.F.);
#16174 = FACE_BOUND('',#16175,.F.);
#16175 = EDGE_LOOP('',(#16176,#16199,#16200,#16201));
#16176 = ORIENTED_EDGE('',*,*,#16177,.T.);
#16177 = EDGE_CURVE('',#16178,#15691,#16180,.T.);
#16178 = VERTEX_POINT('',#16179);
#16179 = CARTESIAN_POINT('',(7.1,2.,21.));
#16180 = SEAM_CURVE('',#16181,(#16185,#16192),.PCURVE_S1.);
#16181 = LINE('',#16182,#16183);
#16182 = CARTESIAN_POINT('',(7.1,5.,21.));
#16183 = VECTOR('',#16184,1.);
#16184 = DIRECTION('',(0.,-1.,2.22044604925E-16));
#16185 = PCURVE('',#15711,#16186);
#16186 = DEFINITIONAL_REPRESENTATION('',(#16187),#16191);
#16187 = LINE('',#16188,#16189);
#16188 = CARTESIAN_POINT('',(6.28318530718,-0.));
#16189 = VECTOR('',#16190,1.);
#16190 = DIRECTION('',(0.,1.));
#16191 = ( GEOMETRIC_REPRESENTATION_CONTEXT(2) 
PARAMETRIC_REPRESENTATION_CONTEXT() REPRESENTATION_CONTEXT('2D SPACE',''
  ) );
#16192 = PCURVE('',#15711,#16193);
#16193 = DEFINITIONAL_REPRESENTATION('',(#16194),#16198);
#16194 = LINE('',#16195,#16196);
#16195 = CARTESIAN_POINT('',(0.,-0.));
#16196 = VECTOR('',#16197,1.);
#16197 = DIRECTION('',(0.,1.));
#16198 = ( GEOMETRIC_REPRESENTATION_CONTEXT(2) 
PARAMETRIC_REPRESENTATION_CONTEXT() REPRESENTATION_CONTEXT('2D SPACE',''
  ) );
#16199 = ORIENTED_EDGE('',*,*,#15690,.F.);
#16200 = ORIENTED_EDGE('',*,*,#16177,.F.);
#16201 = ORIENTED_EDGE('',*,*,#16202,.T.);
#16202 = EDGE_CURVE('',#16178,#16178,#16203,.T.);
#16203 = SURFACE_CURVE('',#16204,(#16209,#16216),.PCURVE_S1.);
#16204 = CIRCLE('',#16205,1.1);
#16205 = AXIS2_PLACEMENT_3D('',#16206,#16207,#16208);
#16206 = CARTESIAN_POINT('',(6.,2.,21.));
#16207 = DIRECTION('',(0.,-1.,2.22044604925E-16));
#16208 = DIRECTION('',(1.,0.,0.));
#16209 = PCURVE('',#15711,#16210);
#16210 = DEFINITIONAL_REPRESENTATION('',(#16211),#16215);
#16211 = LINE('',#16212,#16213);
#16212 = CARTESIAN_POINT('',(0.,3.));
#16213 = VECTOR('',#16214,1.);
#16214 = DIRECTION('',(1.,0.));
#16215 = ( GEOMETRIC_REPRESENTATION_CONTEXT(2) 
PARAMETRIC_REPRESENTATION_CONTEXT() REPRESENTATION_CONTEXT('2D SPACE',''
  ) );
#16216 = PCURVE('',#16217,#16222);
#16217 = PLANE('',#16218);
#16218 = AXIS2_PLACEMENT_3D('',#16219,#16220,#16221);
#16219 = CARTESIAN_POINT('',(6.,2.,21.));
#16220 = DIRECTION('',(0.,-1.,2.22044604925E-16));
#16221 = DIRECTION('',(1.,0.,0.));
#16222 = DEFINITIONAL_REPRESENTATION('',(#16223),#16227);
#16223 = CIRCLE('',#16224,1.1);
#16224 = AXIS2_PLACEMENT_2D('',#16225,#16226);
#16225 = CARTESIAN_POINT('',(0.,0.));
#16226 = DIRECTION('',(1.,0.));
#16227 = ( GEOMETRIC_REPRESENTATION_CONTEXT(2) 
PARAMETRIC_REPRESENTATION_CONTEXT() REPRESENTATION_CONTEXT('2D SPACE',''
  ) );
#16228 = ADVANCED_FACE('',(#16229),#15844,.F.);
#16229 = FACE_BOUND('',#16230,.F.);
#16230 = EDGE_LOOP('',(#16231,#16254,#16276,#16277));
#16231 = ORIENTED_EDGE('',*,*,#16232,.T.);
#16232 = EDGE_CURVE('',#15824,#16233,#16235,.T.);
#16233 = VERTEX_POINT('',#16234);
#16234 = CARTESIAN_POINT('',(-3.8,2.,21.));
#16235 = SEAM_CURVE('',#16236,(#16240,#16247),.PCURVE_S1.);
#16236 = LINE('',#16237,#16238);
#16237 = CARTESIAN_POINT('',(-3.8,5.,21.));
#16238 = VECTOR('',#16239,1.);
#16239 = DIRECTION('',(0.,-1.,2.22044604925E-16));
#16240 = PCURVE('',#15844,#16241);
#16241 = DEFINITIONAL_REPRESENTATION('',(#16242),#16246);
#16242 = LINE('',#16243,#16244);
#16243 = CARTESIAN_POINT('',(6.28318530718,-0.));
#16244 = VECTOR('',#16245,1.);
#16245 = DIRECTION('',(0.,1.));
#16246 = ( GEOMETRIC_REPRESENTATION_CONTEXT(2) 
PARAMETRIC_REPRESENTATION_CONTEXT() REPRESENTATION_CONTEXT('2D SPACE',''
  ) );
#16247 = PCURVE('',#15844,#16248);
#16248 = DEFINITIONAL_REPRESENTATION('',(#16249),#16253);
#16249 = LINE('',#16250,#16251);
#16250 = CARTESIAN_POINT('',(0.,-0.));
#16251 = VECTOR('',#16252,1.);
#16252 = DIRECTION('',(0.,1.));
#16253 = ( GEOMETRIC_REPRESENTATION_CONTEXT(2) 
PARAMETRIC_REPRESENTATION_CONTEXT() REPRESENTATION_CONTEXT('2D SPACE',''
  ) );
#16254 = ORIENTED_EDGE('',*,*,#16255,.F.);
#16255 = EDGE_CURVE('',#16233,#16233,#16256,.T.);
#16256 = SURFACE_CURVE('',#16257,(#16262,#16269),.PCURVE_S1.);
#16257 = CIRCLE('',#16258,2.2);
#16258 = AXIS2_PLACEMENT_3D('',#16259,#16260,#16261);
#16259 = CARTESIAN_POINT('',(-6.,2.,21.));
#16260 = DIRECTION('',(0.,-1.,2.22044604925E-16));
#16261 = DIRECTION('',(1.,0.,0.));
#16262 = PCURVE('',#15844,#16263);
#16263 = DEFINITIONAL_REPRESENTATION('',(#16264),#16268);
#16264 = LINE('',#16265,#16266);
#16265 = CARTESIAN_POINT('',(0.,3.));
#16266 = VECTOR('',#16267,1.);
#16267 = DIRECTION('',(1.,0.));
#16268 = ( GEOMETRIC_REPRESENTATION_CONTEXT(2) 
PARAMETRIC_REPRESENTATION_CONTEXT() REPRESENTATION_CONTEXT('2D SPACE',''
  ) );
#16269 = PCURVE('',#16162,#16270);
#16270 = DEFINITIONAL_REPRESENTATION('',(#16271),#16275);
#16271 = CIRCLE('',#16272,2.2);
#16272 = AXIS2_PLACEMENT_2D('',#16273,#16274);
#16273 = CARTESIAN_POINT('',(0.,0.));
#16274 = DIRECTION('',(1.,0.));
#16275 = ( GEOMETRIC_REPRESENTATION_CONTEXT(2) 
PARAMETRIC_REPRESENTATION_CONTEXT() REPRESENTATION_CONTEXT('2D SPACE',''
  ) );
#16276 = ORIENTED_EDGE('',*,*,#16232,.F.);
#16277 = ORIENTED_EDGE('',*,*,#15823,.T.);
#16278 = ADVANCED_FACE('',(#16279),#15965,.F.);
#16279 = FACE_BOUND('',#16280,.F.);
#16280 = EDGE_LOOP('',(#16281,#16304,#16326,#16327));
#16281 = ORIENTED_EDGE('',*,*,#16282,.T.);
#16282 = EDGE_CURVE('',#15945,#16283,#16285,.T.);
#16283 = VERTEX_POINT('',#16284);
#16284 = CARTESIAN_POINT('',(8.2,2.,21.));
#16285 = SEAM_CURVE('',#16286,(#16290,#16297),.PCURVE_S1.);
#16286 = LINE('',#16287,#16288);
#16287 = CARTESIAN_POINT('',(8.2,5.,21.));
#16288 = VECTOR('',#16289,1.);
#16289 = DIRECTION('',(0.,-1.,2.22044604925E-16));
#16290 = PCURVE('',#15965,#16291);
#16291 = DEFINITIONAL_REPRESENTATION('',(#16292),#16296);
#16292 = LINE('',#16293,#16294);
#16293 = CARTESIAN_POINT('',(6.28318530718,-0.));
#16294 = VECTOR('',#16295,1.);
#16295 = DIRECTION('',(0.,1.));
#16296 = ( GEOMETRIC_REPRESENTATION_CONTEXT(2) 
PARAMETRIC_REPRESENTATION_CONTEXT() REPRESENTATION_CONTEXT('2D SPACE',''
  ) );
#16297 = PCURVE('',#15965,#16298);
#16298 = DEFINITIONAL_REPRESENTATION('',(#16299),#16303);
#16299 = LINE('',#16300,#16301);
#16300 = CARTESIAN_POINT('',(0.,-0.));
#16301 = VECTOR('',#16302,1.);
#16302 = DIRECTION('',(0.,1.));
#16303 = ( GEOMETRIC_REPRESENTATION_CONTEXT(2) 
PARAMETRIC_REPRESENTATION_CONTEXT() REPRESENTATION_CONTEXT('2D SPACE',''
  ) );
#16304 = ORIENTED_EDGE('',*,*,#16305,.F.);
#16305 = EDGE_CURVE('',#16283,#16283,#16306,.T.);
#16306 = SURFACE_CURVE('',#16307,(#16312,#16319),.PCURVE_S1.);
#16307 = CIRCLE('',#16308,2.2);
#16308 = AXIS2_PLACEMENT_3D('',#16309,#16310,#16311);
#16309 = CARTESIAN_POINT('',(6.,2.,21.));
#16310 = DIRECTION('',(0.,-1.,2.22044604925E-16));
#16311 = DIRECTION('',(1.,0.,0.));
#16312 = PCURVE('',#15965,#16313);
#16313 = DEFINITIONAL_REPRESENTATION('',(#16314),#16318);
#16314 = LINE('',#16315,#16316);
#16315 = CARTESIAN_POINT('',(0.,3.));
#16316 = VECTOR('',#16317,1.);
#16317 = DIRECTION('',(1.,0.));
#16318 = ( GEOMETRIC_REPRESENTATION_CONTEXT(2) 
PARAMETRIC_REPRESENTATION_CONTEXT() REPRESENTATION_CONTEXT('2D SPACE',''
  ) );
#16319 = PCURVE('',#16217,#16320);
#16320 = DEFINITIONAL_REPRESENTATION('',(#16321),#16325);
#16321 = CIRCLE('',#16322,2.2);
#16322 = AXIS2_PLACEMENT_2D('',#16323,#16324);
#16323 = CARTESIAN_POINT('',(0.,0.));
#16324 = DIRECTION('',(1.,0.));
#16325 = ( GEOMETRIC_REPRESENTATION_CONTEXT(2) 
PARAMETRIC_REPRESENTATION_CONTEXT() REPRESENTATION_CONTEXT('2D SPACE',''
  ) );
#16326 = ORIENTED_EDGE('',*,*,#16282,.F.);
#16327 = ORIENTED_EDGE('',*,*,#15944,.T.);
#16328 = ADVANCED_FACE('',(#16329,#16332),#16162,.F.);
#16329 = FACE_BOUND('',#16330,.F.);
#16330 = EDGE_LOOP('',(#16331));
#16331 = ORIENTED_EDGE('',*,*,#16255,.T.);
#16332 = FACE_BOUND('',#16333,.F.);
#16333 = EDGE_LOOP('',(#16334));
#16334 = ORIENTED_EDGE('',*,*,#16147,.F.);
#16335 = ADVANCED_FACE('',(#16336,#16339),#16217,.F.);
#16336 = FACE_BOUND('',#16337,.F.);
#16337 = EDGE_LOOP('',(#16338));
#16338 = ORIENTED_EDGE('',*,*,#16305,.T.);
#16339 = FACE_BOUND('',#16340,.F.);
#16340 = EDGE_LOOP('',(#16341));
#16341 = ORIENTED_EDGE('',*,*,#16202,.F.);
#16342 = MANIFOLD_SOLID_BREP('',#16343);
#16343 = CLOSED_SHELL('',(#16344,#16432,#16467,#16471,#16526));
#16344 = ADVANCED_FACE('',(#16345),#16358,.T.);
#16345 = FACE_BOUND('',#16346,.T.);
#16346 = EDGE_LOOP('',(#16347,#16381,#16404,#16431));
#16347 = ORIENTED_EDGE('',*,*,#16348,.F.);
#16348 = EDGE_CURVE('',#16349,#16349,#16351,.T.);
#16349 = VERTEX_POINT('',#16350);
#16350 = CARTESIAN_POINT('',(-4.1,2.,21.));
#16351 = SURFACE_CURVE('',#16352,(#16357,#16369),.PCURVE_S1.);
#16352 = CIRCLE('',#16353,1.9);
#16353 = AXIS2_PLACEMENT_3D('',#16354,#16355,#16356);
#16354 = CARTESIAN_POINT('',(-6.,2.,21.));
#16355 = DIRECTION('',(0.,-1.,2.22044604925E-16));
#16356 = DIRECTION('',(1.,0.,0.));
#16357 = PCURVE('',#16358,#16363);
#16358 = CYLINDRICAL_SURFACE('',#16359,1.9);
#16359 = AXIS2_PLACEMENT_3D('',#16360,#16361,#16362);
#16360 = CARTESIAN_POINT('',(-6.,3.3,21.));
#16361 = DIRECTION('',(0.,-1.,2.22044604925E-16));
#16362 = DIRECTION('',(1.,0.,0.));
#16363 = DEFINITIONAL_REPRESENTATION('',(#16364),#16368);
#16364 = LINE('',#16365,#16366);
#16365 = CARTESIAN_POINT('',(0.,1.3));
#16366 = VECTOR('',#16367,1.);
#16367 = DIRECTION('',(1.,0.));
#16368 = ( GEOMETRIC_REPRESENTATION_CONTEXT(2) 
PARAMETRIC_REPRESENTATION_CONTEXT() REPRESENTATION_CONTEXT('2D SPACE',''
  ) );
#16369 = PCURVE('',#16370,#16375);
#16370 = PLANE('',#16371);
#16371 = AXIS2_PLACEMENT_3D('',#16372,#16373,#16374);
#16372 = CARTESIAN_POINT('',(-6.,2.,21.));
#16373 = DIRECTION('',(0.,-1.,2.22044604925E-16));
#16374 = DIRECTION('',(1.,0.,0.));
#16375 = DEFINITIONAL_REPRESENTATION('',(#16376),#16380);
#16376 = CIRCLE('',#16377,1.9);
#16377 = AXIS2_PLACEMENT_2D('',#16378,#16379);
#16378 = CARTESIAN_POINT('',(0.,0.));
#16379 = DIRECTION('',(1.,0.));
#16380 = ( GEOMETRIC_REPRESENTATION_CONTEXT(2) 
PARAMETRIC_REPRESENTATION_CONTEXT() REPRESENTATION_CONTEXT('2D SPACE',''
  ) );
#16381 = ORIENTED_EDGE('',*,*,#16382,.F.);
#16382 = EDGE_CURVE('',#16383,#16349,#16385,.T.);
#16383 = VERTEX_POINT('',#16384);
#16384 = CARTESIAN_POINT('',(-4.1,3.3,21.));
#16385 = SEAM_CURVE('',#16386,(#16390,#16397),.PCURVE_S1.);
#16386 = LINE('',#16387,#16388);
#16387 = CARTESIAN_POINT('',(-4.1,3.3,21.));
#16388 = VECTOR('',#16389,1.);
#16389 = DIRECTION('',(0.,-1.,2.22044604925E-16));
#16390 = PCURVE('',#16358,#16391);
#16391 = DEFINITIONAL_REPRESENTATION('',(#16392),#16396);
#16392 = LINE('',#16393,#16394);
#16393 = CARTESIAN_POINT('',(6.28318530718,-0.));
#16394 = VECTOR('',#16395,1.);
#16395 = DIRECTION('',(0.,1.));
#16396 = ( GEOMETRIC_REPRESENTATION_CONTEXT(2) 
PARAMETRIC_REPRESENTATION_CONTEXT() REPRESENTATION_CONTEXT('2D SPACE',''
  ) );
#16397 = PCURVE('',#16358,#16398);
#16398 = DEFINITIONAL_REPRESENTATION('',(#16399),#16403);
#16399 = LINE('',#16400,#16401);
#16400 = CARTESIAN_POINT('',(0.,-0.));
#16401 = VECTOR('',#16402,1.);
#16402 = DIRECTION('',(0.,1.));
#16403 = ( GEOMETRIC_REPRESENTATION_CONTEXT(2) 
PARAMETRIC_REPRESENTATION_CONTEXT() REPRESENTATION_CONTEXT('2D SPACE',''
  ) );
#16404 = ORIENTED_EDGE('',*,*,#16405,.T.);
#16405 = EDGE_CURVE('',#16383,#16383,#16406,.T.);
#16406 = SURFACE_CURVE('',#16407,(#16412,#16419),.PCURVE_S1.);
#16407 = CIRCLE('',#16408,1.9);
#16408 = AXIS2_PLACEMENT_3D('',#16409,#16410,#16411);
#16409 = CARTESIAN_POINT('',(-6.,3.3,21.));
#16410 = DIRECTION('',(0.,-1.,2.22044604925E-16));
#16411 = DIRECTION('',(1.,0.,0.));
#16412 = PCURVE('',#16358,#16413);
#16413 = DEFINITIONAL_REPRESENTATION('',(#16414),#16418);
#16414 = LINE('',#16415,#16416);
#16415 = CARTESIAN_POINT('',(0.,0.));
#16416 = VECTOR('',#16417,1.);
#16417 = DIRECTION('',(1.,0.));
#16418 = ( GEOMETRIC_REPRESENTATION_CONTEXT(2) 
PARAMETRIC_REPRESENTATION_CONTEXT() REPRESENTATION_CONTEXT('2D SPACE',''
  ) );
#16419 = PCURVE('',#16420,#16425);
#16420 = PLANE('',#16421);
#16421 = AXIS2_PLACEMENT_3D('',#16422,#16423,#16424);
#16422 = CARTESIAN_POINT('',(-6.,3.3,21.));
#16423 = DIRECTION('',(0.,-1.,2.22044604925E-16));
#16424 = DIRECTION('',(1.,0.,0.));
#16425 = DEFINITIONAL_REPRESENTATION('',(#16426),#16430);
#16426 = CIRCLE('',#16427,1.9);
#16427 = AXIS2_PLACEMENT_2D('',#16428,#16429);
#16428 = CARTESIAN_POINT('',(0.,0.));
#16429 = DIRECTION('',(1.,0.));
#16430 = ( GEOMETRIC_REPRESENTATION_CONTEXT(2) 
PARAMETRIC_REPRESENTATION_CONTEXT() REPRESENTATION_CONTEXT('2D SPACE',''
  ) );
#16431 = ORIENTED_EDGE('',*,*,#16382,.T.);
#16432 = ADVANCED_FACE('',(#16433,#16436),#16370,.T.);
#16433 = FACE_BOUND('',#16434,.T.);
#16434 = EDGE_LOOP('',(#16435));
#16435 = ORIENTED_EDGE('',*,*,#16348,.T.);
#16436 = FACE_BOUND('',#16437,.T.);
#16437 = EDGE_LOOP('',(#16438));
#16438 = ORIENTED_EDGE('',*,*,#16439,.F.);
#16439 = EDGE_CURVE('',#16440,#16440,#16442,.T.);
#16440 = VERTEX_POINT('',#16441);
#16441 = CARTESIAN_POINT('',(-5.,2.,21.));
#16442 = SURFACE_CURVE('',#16443,(#16448,#16455),.PCURVE_S1.);
#16443 = CIRCLE('',#16444,1.);
#16444 = AXIS2_PLACEMENT_3D('',#16445,#16446,#16447);
#16445 = CARTESIAN_POINT('',(-6.,2.,21.));
#16446 = DIRECTION('',(0.,-1.,2.22044604925E-16));
#16447 = DIRECTION('',(1.,0.,0.));
#16448 = PCURVE('',#16370,#16449);
#16449 = DEFINITIONAL_REPRESENTATION('',(#16450),#16454);
#16450 = CIRCLE('',#16451,1.);
#16451 = AXIS2_PLACEMENT_2D('',#16452,#16453);
#16452 = CARTESIAN_POINT('',(0.,0.));
#16453 = DIRECTION('',(1.,0.));
#16454 = ( GEOMETRIC_REPRESENTATION_CONTEXT(2) 
PARAMETRIC_REPRESENTATION_CONTEXT() REPRESENTATION_CONTEXT('2D SPACE',''
  ) );
#16455 = PCURVE('',#16456,#16461);
#16456 = CYLINDRICAL_SURFACE('',#16457,1.);
#16457 = AXIS2_PLACEMENT_3D('',#16458,#16459,#16460);
#16458 = CARTESIAN_POINT('',(-6.,2.,21.));
#16459 = DIRECTION('',(0.,-1.,2.22044604925E-16));
#16460 = DIRECTION('',(1.,0.,0.));
#16461 = DEFINITIONAL_REPRESENTATION('',(#16462),#16466);
#16462 = LINE('',#16463,#16464);
#16463 = CARTESIAN_POINT('',(0.,0.));
#16464 = VECTOR('',#16465,1.);
#16465 = DIRECTION('',(1.,0.));
#16466 = ( GEOMETRIC_REPRESENTATION_CONTEXT(2) 
PARAMETRIC_REPRESENTATION_CONTEXT() REPRESENTATION_CONTEXT('2D SPACE',''
  ) );
#16467 = ADVANCED_FACE('',(#16468),#16420,.F.);
#16468 = FACE_BOUND('',#16469,.T.);
#16469 = EDGE_LOOP('',(#16470));
#16470 = ORIENTED_EDGE('',*,*,#16405,.F.);
#16471 = ADVANCED_FACE('',(#16472),#16456,.T.);
#16472 = FACE_BOUND('',#16473,.T.);
#16473 = EDGE_LOOP('',(#16474,#16503,#16524,#16525));
#16474 = ORIENTED_EDGE('',*,*,#16475,.F.);
#16475 = EDGE_CURVE('',#16476,#16476,#16478,.T.);
#16476 = VERTEX_POINT('',#16477);
#16477 = CARTESIAN_POINT('',(-5.,-6.,21.));
#16478 = SURFACE_CURVE('',#16479,(#16484,#16491),.PCURVE_S1.);
#16479 = CIRCLE('',#16480,1.);
#16480 = AXIS2_PLACEMENT_3D('',#16481,#16482,#16483);
#16481 = CARTESIAN_POINT('',(-6.,-6.,21.));
#16482 = DIRECTION('',(0.,-1.,2.22044604925E-16));
#16483 = DIRECTION('',(1.,0.,0.));
#16484 = PCURVE('',#16456,#16485);
#16485 = DEFINITIONAL_REPRESENTATION('',(#16486),#16490);
#16486 = LINE('',#16487,#16488);
#16487 = CARTESIAN_POINT('',(0.,8.));
#16488 = VECTOR('',#16489,1.);
#16489 = DIRECTION('',(1.,0.));
#16490 = ( GEOMETRIC_REPRESENTATION_CONTEXT(2) 
PARAMETRIC_REPRESENTATION_CONTEXT() REPRESENTATION_CONTEXT('2D SPACE',''
  ) );
#16491 = PCURVE('',#16492,#16497);
#16492 = PLANE('',#16493);
#16493 = AXIS2_PLACEMENT_3D('',#16494,#16495,#16496);
#16494 = CARTESIAN_POINT('',(-6.,-6.,21.));
#16495 = DIRECTION('',(0.,-1.,2.22044604925E-16));
#16496 = DIRECTION('',(1.,0.,0.));
#16497 = DEFINITIONAL_REPRESENTATION('',(#16498),#16502);
#16498 = CIRCLE('',#16499,1.);
#16499 = AXIS2_PLACEMENT_2D('',#16500,#16501);
#16500 = CARTESIAN_POINT('',(0.,0.));
#16501 = DIRECTION('',(1.,0.));
#16502 = ( GEOMETRIC_REPRESENTATION_CONTEXT(2) 
PARAMETRIC_REPRESENTATION_CONTEXT() REPRESENTATION_CONTEXT('2D SPACE',''
  ) );
#16503 = ORIENTED_EDGE('',*,*,#16504,.F.);
#16504 = EDGE_CURVE('',#16440,#16476,#16505,.T.);
#16505 = SEAM_CURVE('',#16506,(#16510,#16517),.PCURVE_S1.);
#16506 = LINE('',#16507,#16508);
#16507 = CARTESIAN_POINT('',(-5.,2.,21.));
#16508 = VECTOR('',#16509,1.);
#16509 = DIRECTION('',(0.,-1.,2.22044604925E-16));
#16510 = PCURVE('',#16456,#16511);
#16511 = DEFINITIONAL_REPRESENTATION('',(#16512),#16516);
#16512 = LINE('',#16513,#16514);
#16513 = CARTESIAN_POINT('',(6.28318530718,-0.));
#16514 = VECTOR('',#16515,1.);
#16515 = DIRECTION('',(0.,1.));
#16516 = ( GEOMETRIC_REPRESENTATION_CONTEXT(2) 
PARAMETRIC_REPRESENTATION_CONTEXT() REPRESENTATION_CONTEXT('2D SPACE',''
  ) );
#16517 = PCURVE('',#16456,#16518);
#16518 = DEFINITIONAL_REPRESENTATION('',(#16519),#16523);
#16519 = LINE('',#16520,#16521);
#16520 = CARTESIAN_POINT('',(0.,-0.));
#16521 = VECTOR('',#16522,1.);
#16522 = DIRECTION('',(0.,1.));
#16523 = ( GEOMETRIC_REPRESENTATION_CONTEXT(2) 
PARAMETRIC_REPRESENTATION_CONTEXT() REPRESENTATION_CONTEXT('2D SPACE',''
  ) );
#16524 = ORIENTED_EDGE('',*,*,#16439,.T.);
#16525 = ORIENTED_EDGE('',*,*,#16504,.T.);
#16526 = ADVANCED_FACE('',(#16527),#16492,.T.);
#16527 = FACE_BOUND('',#16528,.T.);
#16528 = EDGE_LOOP('',(#16529));
#16529 = ORIENTED_EDGE('',*,*,#16475,.T.);
#16530 = MANIFOLD_SOLID_BREP('',#16531);
#16531 = CLOSED_SHELL('',(#16532,#16620,#16655,#16659,#16714));
#16532 = ADVANCED_FACE('',(#16533),#16546,.T.);
#16533 = FACE_BOUND('',#16534,.T.);
#16534 = EDGE_LOOP('',(#16535,#16569,#16592,#16619));
#16535 = ORIENTED_EDGE('',*,*,#16536,.F.);
#16536 = EDGE_CURVE('',#16537,#16537,#16539,.T.);
#16537 = VERTEX_POINT('',#16538);
#16538 = CARTESIAN_POINT('',(7.9,2.,21.));
#16539 = SURFACE_CURVE('',#16540,(#16545,#16557),.PCURVE_S1.);
#16540 = CIRCLE('',#16541,1.9);
#16541 = AXIS2_PLACEMENT_3D('',#16542,#16543,#16544);
#16542 = CARTESIAN_POINT('',(6.,2.,21.));
#16543 = DIRECTION('',(0.,-1.,2.22044604925E-16));
#16544 = DIRECTION('',(1.,0.,0.));
#16545 = PCURVE('',#16546,#16551);
#16546 = CYLINDRICAL_SURFACE('',#16547,1.9);
#16547 = AXIS2_PLACEMENT_3D('',#16548,#16549,#16550);
#16548 = CARTESIAN_POINT('',(6.,3.3,21.));
#16549 = DIRECTION('',(0.,-1.,2.22044604925E-16));
#16550 = DIRECTION('',(1.,0.,0.));
#16551 = DEFINITIONAL_REPRESENTATION('',(#16552),#16556);
#16552 = LINE('',#16553,#16554);
#16553 = CARTESIAN_POINT('',(0.,1.3));
#16554 = VECTOR('',#16555,1.);
#16555 = DIRECTION('',(1.,0.));
#16556 = ( GEOMETRIC_REPRESENTATION_CONTEXT(2) 
PARAMETRIC_REPRESENTATION_CONTEXT() REPRESENTATION_CONTEXT('2D SPACE',''
  ) );
#16557 = PCURVE('',#16558,#16563);
#16558 = PLANE('',#16559);
#16559 = AXIS2_PLACEMENT_3D('',#16560,#16561,#16562);
#16560 = CARTESIAN_POINT('',(6.,2.,21.));
#16561 = DIRECTION('',(0.,-1.,2.22044604925E-16));
#16562 = DIRECTION('',(1.,0.,0.));
#16563 = DEFINITIONAL_REPRESENTATION('',(#16564),#16568);
#16564 = CIRCLE('',#16565,1.9);
#16565 = AXIS2_PLACEMENT_2D('',#16566,#16567);
#16566 = CARTESIAN_POINT('',(0.,0.));
#16567 = DIRECTION('',(1.,0.));
#16568 = ( GEOMETRIC_REPRESENTATION_CONTEXT(2) 
PARAMETRIC_REPRESENTATION_CONTEXT() REPRESENTATION_CONTEXT('2D SPACE',''
  ) );
#16569 = ORIENTED_EDGE('',*,*,#16570,.F.);
#16570 = EDGE_CURVE('',#16571,#16537,#16573,.T.);
#16571 = VERTEX_POINT('',#16572);
#16572 = CARTESIAN_POINT('',(7.9,3.3,21.));
#16573 = SEAM_CURVE('',#16574,(#16578,#16585),.PCURVE_S1.);
#16574 = LINE('',#16575,#16576);
#16575 = CARTESIAN_POINT('',(7.9,3.3,21.));
#16576 = VECTOR('',#16577,1.);
#16577 = DIRECTION('',(0.,-1.,2.22044604925E-16));
#16578 = PCURVE('',#16546,#16579);
#16579 = DEFINITIONAL_REPRESENTATION('',(#16580),#16584);
#16580 = LINE('',#16581,#16582);
#16581 = CARTESIAN_POINT('',(6.28318530718,-0.));
#16582 = VECTOR('',#16583,1.);
#16583 = DIRECTION('',(0.,1.));
#16584 = ( GEOMETRIC_REPRESENTATION_CONTEXT(2) 
PARAMETRIC_REPRESENTATION_CONTEXT() REPRESENTATION_CONTEXT('2D SPACE',''
  ) );
#16585 = PCURVE('',#16546,#16586);
#16586 = DEFINITIONAL_REPRESENTATION('',(#16587),#16591);
#16587 = LINE('',#16588,#16589);
#16588 = CARTESIAN_POINT('',(0.,-0.));
#16589 = VECTOR('',#16590,1.);
#16590 = DIRECTION('',(0.,1.));
#16591 = ( GEOMETRIC_REPRESENTATION_CONTEXT(2) 
PARAMETRIC_REPRESENTATION_CONTEXT() REPRESENTATION_CONTEXT('2D SPACE',''
  ) );
#16592 = ORIENTED_EDGE('',*,*,#16593,.T.);
#16593 = EDGE_CURVE('',#16571,#16571,#16594,.T.);
#16594 = SURFACE_CURVE('',#16595,(#16600,#16607),.PCURVE_S1.);
#16595 = CIRCLE('',#16596,1.9);
#16596 = AXIS2_PLACEMENT_3D('',#16597,#16598,#16599);
#16597 = CARTESIAN_POINT('',(6.,3.3,21.));
#16598 = DIRECTION('',(0.,-1.,2.22044604925E-16));
#16599 = DIRECTION('',(1.,0.,0.));
#16600 = PCURVE('',#16546,#16601);
#16601 = DEFINITIONAL_REPRESENTATION('',(#16602),#16606);
#16602 = LINE('',#16603,#16604);
#16603 = CARTESIAN_POINT('',(0.,0.));
#16604 = VECTOR('',#16605,1.);
#16605 = DIRECTION('',(1.,0.));
#16606 = ( GEOMETRIC_REPRESENTATION_CONTEXT(2) 
PARAMETRIC_REPRESENTATION_CONTEXT() REPRESENTATION_CONTEXT('2D SPACE',''
  ) );
#16607 = PCURVE('',#16608,#16613);
#16608 = PLANE('',#16609);
#16609 = AXIS2_PLACEMENT_3D('',#16610,#16611,#16612);
#16610 = CARTESIAN_POINT('',(6.,3.3,21.));
#16611 = DIRECTION('',(0.,-1.,2.22044604925E-16));
#16612 = DIRECTION('',(1.,0.,0.));
#16613 = DEFINITIONAL_REPRESENTATION('',(#16614),#16618);
#16614 = CIRCLE('',#16615,1.9);
#16615 = AXIS2_PLACEMENT_2D('',#16616,#16617);
#16616 = CARTESIAN_POINT('',(0.,0.));
#16617 = DIRECTION('',(1.,0.));
#16618 = ( GEOMETRIC_REPRESENTATION_CONTEXT(2) 
PARAMETRIC_REPRESENTATION_CONTEXT() REPRESENTATION_CONTEXT('2D SPACE',''
  ) );
#16619 = ORIENTED_EDGE('',*,*,#16570,.T.);
#16620 = ADVANCED_FACE('',(#16621,#16624),#16558,.T.);
#16621 = FACE_BOUND('',#16622,.T.);
#16622 = EDGE_LOOP('',(#16623));
#16623 = ORIENTED_EDGE('',*,*,#16536,.T.);
#16624 = FACE_BOUND('',#16625,.T.);
#16625 = EDGE_LOOP('',(#16626));
#16626 = ORIENTED_EDGE('',*,*,#16627,.F.);
#16627 = EDGE_CURVE('',#16628,#16628,#16630,.T.);
#16628 = VERTEX_POINT('',#16629);
#16629 = CARTESIAN_POINT('',(7.,2.,21.));
#16630 = SURFACE_CURVE('',#16631,(#16636,#16643),.PCURVE_S1.);
#16631 = CIRCLE('',#16632,1.);
#16632 = AXIS2_PLACEMENT_3D('',#16633,#16634,#16635);
#16633 = CARTESIAN_POINT('',(6.,2.,21.));
#16634 = DIRECTION('',(0.,-1.,2.22044604925E-16));
#16635 = DIRECTION('',(1.,0.,0.));
#16636 = PCURVE('',#16558,#16637);
#16637 = DEFINITIONAL_REPRESENTATION('',(#16638),#16642);
#16638 = CIRCLE('',#16639,1.);
#16639 = AXIS2_PLACEMENT_2D('',#16640,#16641);
#16640 = CARTESIAN_POINT('',(0.,0.));
#16641 = DIRECTION('',(1.,0.));
#16642 = ( GEOMETRIC_REPRESENTATION_CONTEXT(2) 
PARAMETRIC_REPRESENTATION_CONTEXT() REPRESENTATION_CONTEXT('2D SPACE',''
  ) );
#16643 = PCURVE('',#16644,#16649);
#16644 = CYLINDRICAL_SURFACE('',#16645,1.);
#16645 = AXIS2_PLACEMENT_3D('',#16646,#16647,#16648);
#16646 = CARTESIAN_POINT('',(6.,2.,21.));
#16647 = DIRECTION('',(0.,-1.,2.22044604925E-16));
#16648 = DIRECTION('',(1.,0.,0.));
#16649 = DEFINITIONAL_REPRESENTATION('',(#16650),#16654);
#16650 = LINE('',#16651,#16652);
#16651 = CARTESIAN_POINT('',(0.,0.));
#16652 = VECTOR('',#16653,1.);
#16653 = DIRECTION('',(1.,0.));
#16654 = ( GEOMETRIC_REPRESENTATION_CONTEXT(2) 
PARAMETRIC_REPRESENTATION_CONTEXT() REPRESENTATION_CONTEXT('2D SPACE',''
  ) );
#16655 = ADVANCED_FACE('',(#16656),#16608,.F.);
#16656 = FACE_BOUND('',#16657,.T.);
#16657 = EDGE_LOOP('',(#16658));
#16658 = ORIENTED_EDGE('',*,*,#16593,.F.);
#16659 = ADVANCED_FACE('',(#16660),#16644,.T.);
#16660 = FACE_BOUND('',#16661,.T.);
#16661 = EDGE_LOOP('',(#16662,#16691,#16712,#16713));
#16662 = ORIENTED_EDGE('',*,*,#16663,.F.);
#16663 = EDGE_CURVE('',#16664,#16664,#16666,.T.);
#16664 = VERTEX_POINT('',#16665);
#16665 = CARTESIAN_POINT('',(7.,-6.,21.));
#16666 = SURFACE_CURVE('',#16667,(#16672,#16679),.PCURVE_S1.);
#16667 = CIRCLE('',#16668,1.);
#16668 = AXIS2_PLACEMENT_3D('',#16669,#16670,#16671);
#16669 = CARTESIAN_POINT('',(6.,-6.,21.));
#16670 = DIRECTION('',(0.,-1.,2.22044604925E-16));
#16671 = DIRECTION('',(1.,0.,0.));
#16672 = PCURVE('',#16644,#16673);
#16673 = DEFINITIONAL_REPRESENTATION('',(#16674),#16678);
#16674 = LINE('',#16675,#16676);
#16675 = CARTESIAN_POINT('',(0.,8.));
#16676 = VECTOR('',#16677,1.);
#16677 = DIRECTION('',(1.,0.));
#16678 = ( GEOMETRIC_REPRESENTATION_CONTEXT(2) 
PARAMETRIC_REPRESENTATION_CONTEXT() REPRESENTATION_CONTEXT('2D SPACE',''
  ) );
#16679 = PCURVE('',#16680,#16685);
#16680 = PLANE('',#16681);
#16681 = AXIS2_PLACEMENT_3D('',#16682,#16683,#16684);
#16682 = CARTESIAN_POINT('',(6.,-6.,21.));
#16683 = DIRECTION('',(0.,-1.,2.22044604925E-16));
#16684 = DIRECTION('',(1.,0.,0.));
#16685 = DEFINITIONAL_REPRESENTATION('',(#16686),#16690);
#16686 = CIRCLE('',#16687,1.);
#16687 = AXIS2_PLACEMENT_2D('',#16688,#16689);
#16688 = CARTESIAN_POINT('',(0.,0.));
#16689 = DIRECTION('',(1.,0.));
#16690 = ( GEOMETRIC_REPRESENTATION_CONTEXT(2) 
PARAMETRIC_REPRESENTATION_CONTEXT() REPRESENTATION_CONTEXT('2D SPACE',''
  ) );
#16691 = ORIENTED_EDGE('',*,*,#16692,.F.);
#16692 = EDGE_CURVE('',#16628,#16664,#16693,.T.);
#16693 = SEAM_CURVE('',#16694,(#16698,#16705),.PCURVE_S1.);
#16694 = LINE('',#16695,#16696);
#16695 = CARTESIAN_POINT('',(7.,2.,21.));
#16696 = VECTOR('',#16697,1.);
#16697 = DIRECTION('',(0.,-1.,2.22044604925E-16));
#16698 = PCURVE('',#16644,#16699);
#16699 = DEFINITIONAL_REPRESENTATION('',(#16700),#16704);
#16700 = LINE('',#16701,#16702);
#16701 = CARTESIAN_POINT('',(6.28318530718,-0.));
#16702 = VECTOR('',#16703,1.);
#16703 = DIRECTION('',(0.,1.));
#16704 = ( GEOMETRIC_REPRESENTATION_CONTEXT(2) 
PARAMETRIC_REPRESENTATION_CONTEXT() REPRESENTATION_CONTEXT('2D SPACE',''
  ) );
#16705 = PCURVE('',#16644,#16706);
#16706 = DEFINITIONAL_REPRESENTATION('',(#16707),#16711);
#16707 = LINE('',#16708,#16709);
#16708 = CARTESIAN_POINT('',(0.,-0.));
#16709 = VECTOR('',#16710,1.);
#16710 = DIRECTION('',(0.,1.));
#16711 = ( GEOMETRIC_REPRESENTATION_CONTEXT(2) 
PARAMETRIC_REPRESENTATION_CONTEXT() REPRESENTATION_CONTEXT('2D SPACE',''
  ) );
#16712 = ORIENTED_EDGE('',*,*,#16627,.T.);
#16713 = ORIENTED_EDGE('',*,*,#16692,.T.);
#16714 = ADVANCED_FACE('',(#16715),#16680,.T.);
#16715 = FACE_BOUND('',#16716,.T.);
#16716 = EDGE_LOOP('',(#16717));
#16717 = ORIENTED_EDGE('',*,*,#16663,.T.);
#16718 = ( GEOMETRIC_REPRESENTATION_CONTEXT(3) 
GLOBAL_UNCERTAINTY_ASSIGNED_CONTEXT((#16722)) 
GLOBAL_UNIT_ASSIGNED_CONTEXT((#16719,#16720,#16721)) 
REPRESENTATION_CONTEXT('Context #1',
  '3D Context with UNIT and UNCERTAINTY') );
#16719 = ( LENGTH_UNIT() NAMED_UNIT(*) SI_UNIT(.MILLI.,.METRE.) );
#16720 = ( NAMED_UNIT(*) PLANE_ANGLE_UNIT() SI_UNIT($,.RADIAN.) );
#16721 = ( NAMED_UNIT(*) SI_UNIT($,.STERADIAN.) SOLID_ANGLE_UNIT() );
#16722 = UNCERTAINTY_MEASURE_WITH_UNIT(LENGTH_MEASURE(2.E-07),#16719,
  'distance_accuracy_value','confusion accuracy');
#16723 = PRODUCT_RELATED_PRODUCT_CATEGORY('part',$,(#7));
ENDSEC;
END-ISO-10303-21;
